auc_K1,auc_K2,auc_K3,auc_K4,auc_K5,auc_VT,c_index,score_skew,score_kurt,score_var,score_q90_q10,delta_c_index,prop_interact_sig,te_bin_var,te_slope,te_quadratic_p,te_max_diff,te_bin_event_rate_range,censoring_rate,event_rate,event_count_trt,event_count_ctrl,median_followup,mean_followup,n,p,e_per_p,bootstrap_ci_sd,bootstrap_ci_mean,orig_pred_var,orig_pred_mean,orig_ambiguity,cfg_n_predictive,cfg_n_prognostic,cfg_te_scale,cfg_b0,c_index_trt,c_index_ctrl,c_index_ratio,te_int_max_z,te_int_mean_z,te_int_prop_sig,corr_mean,corr_max,corr_prop_high,family,n_train,cfg_prognostic_form,optimal_method,seed
0.621019283179219,,,,,0.885313480377014,0.599603206377168,-0.120211709411738,3.38420765365437,0.138759088135563,-0.959133300608274,0.0673481552655225,,0.420809705210344,-1.51920916278854,0.891992936208575,1.28095279090559,0.0479999999999999,0.068,0.932,224,242,2.89633100278457,3.25177234425132,500,52,8.96153846153846,0.0120347986387984,0.640785133613326,0.0193795532957497,0.71624475847147,0.15,2,2,0.35,1.11,0.659789875835721,0.639618856569709,1.03153599844475,2.08346391264377,0.683485879770515,0.0384615384615385,0.0951250305169353,0.269184585525396,0,radial,500,quadratic,6,185818
0.686147699319454,0.518666238512103,0.518666238512103,0.518666238512103,0.53056153271331,0.627152402017128,0.622578657966187,-0.0909777353077977,3.70290481033735,0.321463460624672,-0.992827404907769,0.0695429966460563,,0.136233887460918,-0.347156590299064,0.0202146234899468,0.816435241674855,0.0533333333333333,0.0133333333333333,0.986666666666667,141,155,1.26793821621876,1.39765100614134,300,52,5.69230769230769,0.0189203670331067,0.675626934843705,0.00599053839048861,0.628615086048455,0.216666666666667,1,2,0.28,0.54,0.721294992961995,0.66716930552065,1.08112736451373,3.0073294955181,0.865849767546366,0.0769230769230769,0.0963640205321411,0.260534383871979,0,s_shaped,300,quadratic,1,708455
0.617866761878187,0.615986534370659,0.615986534370659,0.615986534370659,0.615986534370659,0.725332765264597,0.632439666122301,0.133427832753586,3.03184848954482,0.343030103839393,-1.11705312349421,0.0639856650335693,,0.0506508344574812,-0.33109312091883,0.305221418380258,0.478597441201319,0.0133333333333333,0.0233333333333333,0.976666666666667,152,141,0.738464184107139,0.893778720792893,300,52,5.63461538461539,0.0191135430068289,0.68359404449415,0.0109632313372426,0.636886629199976,0.226666666666667,2,4,0.44,0.19,0.704945799457995,0.681059862610402,1.03507171418976,2.72078720688421,1.02782355215325,0.0961538461538462,0.0954663294604438,0.273056990104865,0,enclave,300,mixed,6,369608
0.727547649834842,0.71855070898474,0.748047154310561,0.731118824822416,0.7657225204035,0.749146708188701,0.74739998863383,-0.0504960399001368,2.87441833413182,1.01946422032235,-1.00247542736016,0.0183432495879764,,0.533258186558038,0.644814709013671,0.575260025308496,1.55666155760965,0.092,0.069,0.931,477,454,2.31777375009111,2.723551728907,1000,52,17.9038461538462,0.00841260856659099,0.756079652806076,0.0125325384184574,0.574257227978116,0.788,2,1,0.35,0.86,0.716107779373258,0.807083647324793,0.88727826631962,3.12981680359851,0.68425230128715,0.0384615384615385,0.685720349256733,0.721662682406882,1,additive,1000,linear,5,207666
0.592723151052408,0.5315594435332,0.5315594435332,0.5315594435332,0.5315594435332,0.636272657221695,0.612255240727943,-0.0587274370260051,3.04511289932758,0.270585528001112,-1.04181628819654,0.0893112186132228,,0.876904304797166,-1.6517658000808,0.522644731650488,2.27118361439008,0.04,0.0266666666666666,0.973333333333333,143,149,3.61738820638054,4.13711251140173,300,52,5.61538461538462,0.0188170190132165,0.674253679777311,0.0143720783759616,0.798586793320957,0.0233333333333333,2,2,0.44,1.46,0.655612491540172,0.659621703223515,0.993921953047103,3.23419665037723,1.36120681779417,0.115384615384615,0.693457996519091,0.767167842693787,1,random,300,mixed,6,156275
0.858126953173829,,,,,0.768786219655492,0.557707954135597,0.121867233770851,3.05297852769423,0.0460046412586546,-0.95118957535485,0.0352664379597554,,0.015810962976493,-0.331762721920173,0.951132445781347,0.241876662909709,0.02,0.036,0.964,488,476,0.760073095691435,0.856679768432725,1000,52,18.5384615384615,0.0103706555625308,0.593506094882682,0.00382885907532028,0.629646122667371,0.48,1,1,0.34,0.05,0.591825107435864,0.591253088292662,1.00096746918457,2.21998904384137,0.876541521630291,0.0192307692307692,0.0973153006903077,0.193385860739844,0,bump,1000,quadratic,1,922539
0.506961457782902,0.580290948103313,0.635428676082048,0.860659256857376,0.843745496469232,0.579083001072841,0.802896416298478,-0.0572401650424557,3.43663253351722,2.65838300308895,-0.932214565681221,0.025527736867943,,0.123325472903844,-0.203369531496621,0.64391944961735,0.83208512699378,0.146666666666667,0.0933333333333334,0.906666666666667,127,145,1.8790141114845,2.42487462872911,300,52,5.23076923076923,0.0119836212243168,0.824824501028031,0.0213369185459256,0.627723902186634,0.276666666666667,2,2,0.42,0.67,0.804411604911442,0.857207045291158,0.938409931801502,2.43897117359316,0.80178869602513,0.0384615384615385,0.0927357824886438,0.240582801212988,0,cross,300,linear,4,5370
0.878885738185195,0.838880194992316,0.838880194992316,0.838880194992316,0.838880194992316,0.92131567783043,0.658050680060952,0.193074750441273,2.57086668630152,0.622756827874406,-1.06197448758172,0.128562559963881,,1.02360544190058,-0.926031386825125,0.6002066617426,2.19489687643768,0.08,0.075,0.925,87,98,3.3625522199916,3.8811292571896,200,52,3.55769230769231,0.0210294312151634,0.750115502678238,0.0998713361281194,0.606812283877949,0,1,2,0.46,1.41,0.785419886656363,0.772864930345245,1.01624469660631,1.74806050313866,0.656725403269785,0,0.722978204222464,0.801815040854256,1,bump,200,quadratic,6,58514
0.575522555819732,0.803368959938504,0.82976098964944,0.885089114928762,0.829879422227784,0.851438620640341,0.90129516501767,0.161286894863696,3.5239141055905,8.14492761412318,-1.04749598531105,0.00476996659092221,,3.07122791406561,-0.516007333770515,0.119426278463622,3.77879447086906,0.644,0.386,0.614,311,303,3.22886124412209,5.19563386788228,1000,52,11.8076923076923,0.00532304976409948,0.903065090609347,0.0368791861017063,0.701552909943873,0.071,2,4,0.38,1.6,,,,,,,,,,cross,1000,linear,4,687046
0.553429249195581,0.571822194350835,0.613366478468018,0.564236813739436,0.592526216245457,0.7881312635489,0.869575045207957,0.318317555828962,2.99392725091903,5.99916377404583,-0.985723636060991,0.0510096443640747,,18.1255950755442,0.939053762076168,0.264159319379374,9.62685838169553,0.34,0.295,0.705,70,71,3.68765264476448,4.90620168546534,200,52,2.71153846153846,0.0157681344203943,0.903643081711958,0.0734822553468642,0.614297274593739,0.12,1,2,0.38,1.61,0.910899653979239,0.92985842985843,0.979611115767292,3.47834379268517,0.862170611545742,0.0192307692307692,0.374553472610511,0.5260144611626,0.00452488687782806,bump,200,linear,6,685457
0.527607840548706,0.53292398380204,0.566799582749513,0.534673695517158,0.555256686059013,0.659469795845297,0.84404380046455,-0.197179318941275,2.46273307002835,4.51354546438235,-0.888891762789521,0.0506581130405929,,0.472787543005514,0.213304559719814,0.224641268839944,1.49637828336581,0.16,0.08,0.92,95,89,1.58722622086536,2.19858399346246,200,52,3.53846153846154,0.0115069406139417,0.872281421763051,0.0251785972903238,0.64406428774101,0.175,1,8,0.49,0.54,0.874554226977135,0.921753476313929,0.948794064194319,2.22901119279299,0.771503071077957,0.0384615384615385,0.338053734493551,0.502812267013654,0.000754147812971343,s_shaped,200,linear,6,896155
0.786483093237295,0.737718087234894,0.791356042416967,0.713490896358544,0.710509203681473,0.760863345338135,0.619666000717176,-0.0866144293154571,2.88443584797359,0.187729744622281,-0.968871658284061,0.0421661287843861,,0.235476780488255,-0.989278933069649,0.119983862718112,1.07080066079778,0.028,0.038,0.962,484,478,1.73027597301207,1.89643051615617,1000,52,18.5,0.00977753500366742,0.636967062901377,0.00696416761902039,0.617358265657665,0.26,2,1,0.27,0.71,0.708039171031656,0.590529633863314,1.19899007675463,5.39372957792318,0.751735647296138,0.0576923076923077,0.337806106601866,0.422051080669424,0,additive,1000,mixed,3,771168
0.670655850557956,0.750591196026752,0.816492240327725,0.767788460058745,0.795201488839347,0.845503165527706,0.847909761573827,-0.0409109586523241,3.64669784330896,5.14443455994376,-1.12921391198617,0.0249919811825082,,3.10890056017978,-0.636112059544951,0.479795764383301,3.98604329403619,0.28,0.16,0.84,108,144,4.36856175012775,5.64860429732366,300,52,4.84615384615385,0.0114363630881953,0.864244305791482,0.0614906451018728,0.711694913725995,0.05,2,16,0.47,1.59,0.869413893916191,0.872511321883278,0.996449985359043,2.91386201811222,0.867818513192398,0.0961538461538462,0.690123233394858,0.776083291110205,1,enclave,300,mixed,6,124799
0.725017006802721,0.725097539015606,0.725097539015606,0.725097539015606,0.726148459383754,0.779636854741897,0.602828941570459,0.0536444407019701,3.2063662502294,0.187280969169394,-0.979120596207147,0.0430245879968274,,0.0212495234195805,-0.168921123037423,0.60804397953067,0.34193873263362,0.0559999999999999,0.078,0.922,231,230,1.05547253029263,1.20894137185967,500,52,8.86538461538462,0.0167717522979543,0.642666101829723,0.0135846696606939,0.640634734314393,0.228,1,4,0.31,0.6,0.634685304811324,0.65572090063978,0.967919894259995,1.9788190408422,0.728680682397541,0.0192307692307692,0.673258475821085,0.739513967189621,1,bump,500,quadratic,6,979337
0.933110125300646,0.931100652715914,0.931100652715914,0.931100652715914,0.927051192777304,0.923031747365725,0.57694654989928,-0.00183347029674289,3.05317218218949,0.0886935323763939,-0.974745686026107,0.0217530472190924,,0.0338644170339842,-0.578780925705691,0.182141375636203,0.432233923132863,0.02,0.042,0.958,479,479,1.71179546900884,1.9721124929106,1000,52,18.4230769230769,0.0102700546025558,0.603909901711922,0.0167780508040741,0.619165203931313,0.339,1,8,0.34,0.81,0.598288846764691,0.60248766007682,0.993030872513483,2.52153771206673,1.35777140246612,0.153846153846154,0.696412865829434,0.732181892806145,1,bump,1000,quadratic,1,771723
0.904421766263872,0.912146596357123,0.906875176612019,0.888711678185362,0.902708330339909,0.922261974893554,0.65289408219754,0.116477301416212,2.8759769078058,0.368359726893389,-1.09840742934371,0.0734732490101958,,3.98645550641357,-3.04202466717574,0.533298840897629,4.83645474867936,0.0399999999999999,0.07,0.93,216,249,5.25777356850514,5.83988212236965,500,52,8.94230769230769,0.0101419052435199,0.680022930456052,0.0773984288420932,0.706477573390991,0.054,2,1,0.45,1.62,0.746282342622493,0.638957699664482,1.16796830684467,3.84240071159626,0.84903113941759,0.0384615384615385,0.104206740125586,0.220496844936656,0,random,500,mixed,6,938820
0.757025618510043,0.726271277336886,0.666605519853167,0.717395967718492,0.663205857263289,0.723010949289244,0.828005130563152,0.156198569865378,2.92194868938704,3.23670388692151,-0.99893599138549,0.0116889717093003,,0.504215229632647,-0.191758048854213,0.229941349539146,1.61467138208483,0.08,0.08,0.92,149,127,2.17775683960523,3.13474279423369,300,52,5.30769230769231,0.0108096860059235,0.844815925954012,0.0310165932694578,0.621621621799517,0.223333333333333,2,8,0.49,0.72,,,,,,,,,,enclave,300,linear,1,257128
0.496124903122578,0.554494862371559,0.533554838870972,0.53031975799395,0.535358383959599,0.561403035075877,0.855957607872824,-0.184167926653512,2.69255997008471,5.68574327321732,-0.988309440277965,0.0155639666919001,,1.08755386907649,-0.324743221227865,0.3570799553677,2.20687350308697,0.533333333333333,0.276666666666667,0.723333333333333,116,101,2.99015570311687,4.34920552241742,300,52,4.17307692307692,0.0107539118225147,0.873538879716751,0.0520043388837487,0.620556618066759,0.216666666666667,1,8,0.46,1.43,0.848636790974616,0.908921132021261,0.933674838307935,2.20518168625506,0.644653619072944,0.0192307692307692,0.33425362697183,0.507863743798096,0.000754147812971343,s_shaped,300,linear,6,518144
0.688832224685883,0.901917432161335,0.869345898004435,0.881109703304825,0.878132720937599,0.724957237884067,0.851322711827001,0.108342312018769,2.63391716025988,3.23532977329032,-0.977982969334522,0.00953209332818372,,1.93384893624868,0.544918337348412,0.0318810196138224,3.11886112398403,0.504,0.366,0.634,322,312,4.98394347989082,6.61466615866067,1000,52,12.1923076923077,0.00599017275678504,0.856915904957797,0.0481091270493303,0.439524984467056,0.282,2,8,0.27,1.95,0.844383790136093,0.881056619940823,0.958376307521311,3.22749383134066,0.942949024605784,0.115384615384615,0.322735820666681,0.416981137541696,0,random,1000,linear,2,870334
0.88512569518131,0.889738068783571,0.886236285139096,0.890993170446806,0.892826318931834,0.618077064242204,0.630868257768426,-0.085513494355074,3.0212662597649,0.235810748669482,-0.958080359334247,0.0436986902819083,,0.00733085709833734,-0.014460637967373,0.669417131616914,0.187066082454068,0.032,0.026,0.974,216,271,0.684760665691962,0.74519455847363,500,52,9.36538461538461,0.0134617825587208,0.660982088862587,0.00371010627813835,0.616343864435657,0.216,1,8,0.36,0.15,0.672030169704588,0.678304911231445,0.990749379190746,4.50524660027996,1.10403719165344,0.153846153846154,0.336296365959708,0.462147286256191,0,linear,500,quadratic,5,655858
0.497897288838371,0.633861604284068,0.521877601498463,0.597713783139088,0.627920182024846,0.619972103931865,0.811799850634802,0.365994655576129,2.96531385938277,3.13981124507951,-1.06596163278905,0.0407020164301718,,0.27086606051359,-0.232052911193324,0.418613120847604,1.14386757060925,0.253333333333333,0.213333333333333,0.786666666666667,121,115,2.58289058476494,3.02665648882622,300,52,4.53846153846154,0.0142783337764449,0.836918044534907,0.0317312064794332,0.63245627497236,0.11,2,1,0.31,1.18,0.868100603163765,0.833218754296714,1.04186397472113,2.54867355890165,0.637375687326479,0.0384615384615385,0.694716346740767,0.760151936383452,1,additive,300,linear,2,65415
0.525660410566569,0.539478631658107,0.590782952527241,0.616595365525848,0.718301492823885,0.716265460247364,0.855734260082438,-0.237151778719228,3.59635963509117,6.30142071921523,-1.01648438943228,0.0587569708235675,,8.74477130336981,-1.07949042162178,0.0244232582761716,6.73362409130317,0.46,0.33,0.67,57,77,4.25647201824895,5.76249857435246,200,52,2.57692307692308,0.0159559721187639,0.895276252558343,0.100978943741443,0.627631328211731,0.06,2,2,0.37,1.68,0.982255520504732,0.853497942386831,1.15085868603013,3.42461455088328,1.01104204920382,0.0769230769230769,0.111356930170343,0.29209696937074,0,additive,200,mixed,5,974259
0.861999451892571,0.847196550523903,0.848226752443479,0.849251453284844,0.857324535608979,0.805015783093486,0.625136888214978,0.154873947682384,3.16069716925785,0.432370724243975,-0.880125901150366,0.112262376098616,,1.20666044255759,-1.46073320025038,0.29384328014329,2.33575601577518,0.0666666666666667,0.156666666666667,0.843333333333333,135,118,2.19039271154706,2.50704264028929,300,52,4.86538461538462,0.0245057805618548,0.689258731171642,0.056441364608963,0.591516072940456,0.05,1,0,0.45,1.16,0.761492272861502,0.687025895893278,1.10838947616582,6.39974833437914,1.27000870204331,0.173076923076923,0.0891416395110066,0.250370126613713,0,linear,300,mixed,1,982070
0.931890764166155,0.9336945254914,0.9336945254914,0.9336945254914,0.935469493819103,0.840339229499386,0.590615884350299,0.0361885887185955,2.78820407946888,0.132185039818205,-0.924337037753744,0.0803143375079366,,0.300111672774957,-1.19843623010768,0.0862628963719564,1.21570051995658,0.032,0.08,0.92,229,231,3.0270607947693,3.41365730763068,500,52,8.84615384615385,0.0174732670109731,0.636602823380363,0.0346142378121554,0.665650513508507,0,2,1,0.39,1.2,0.666617364295223,0.653717150123475,1.01973363276351,1.76267462304407,0.562505378205703,0,0.70366363262077,0.767257761073298,1,cross,500,quadratic,5,508033
0.523500968381612,0.489061358307227,0.489061358307227,0.617515897640003,0.499263788759135,0.70322897727444,0.591908761151596,0.139533500036064,3.00323452515028,0.15248267263426,-0.993285387023834,0.041403875690337,,0.0700070408921794,-0.633465148112357,0.284064096185555,0.630211192746938,0.016,0.016,0.984,260,232,1.11441544586591,1.34961181506041,500,52,9.46153846153846,0.0154333515839795,0.634338776774645,0.00384072495583175,0.652885446121816,0.054,2,8,0.38,0.72,0.642189547241229,0.628255546486607,1.02217887423763,2.30839863318004,0.76113254719208,0.0384615384615385,0.0937861639349222,0.227151178189908,0,enclave,500,quadratic,6,47705
0.773930977973974,0.750557186630726,0.760556495468883,0.740770735606555,0.792810213969683,0.852932780003185,0.611371607357629,0.0856181826412125,3.15639973556485,0.194757279395803,-1.08187891480765,0.0377869079959966,,1.42596707488468,-2.49250847804298,0.183205180835026,2.75341144893229,0.028,0.04,0.96,486,474,3.79265373357667,4.40621993207868,1000,52,18.4615384615385,0.0106715953925323,0.629858672894898,0.0482776946290058,0.639917089625439,0.224,1,8,0.44,1.82,0.679213904051506,0.607396821570619,1.11823750130134,8.64116164252287,1.99969059433264,0.519230769230769,0.321386622277489,0.413234225760399,0,linear,1000,mixed,6,767102
0.875275733929181,0.862158738209554,0.863599808542697,0.836015563331129,0.836154929625733,0.7240387438299,0.612464838559373,0.149295946763704,3.1705411387472,0.153153405294942,-1.06958591117733,0.0535489326453484,,0.119960040749031,-0.753227056468506,0.21852027724758,0.781435551056231,0.0399999999999999,0.0540000000000001,0.946,235,238,1.14749390580316,1.32743319020128,500,52,9.09615384615385,0.0158056962512327,0.647450894168195,0.00342374432980354,0.662567677288928,0.226,2,1,0.4,0.22,0.664427181748198,0.636746287044008,1.04347240850464,1.6302644329073,0.520621418888985,0,0.708072098285381,0.765663183955327,1,cross,500,quadratic,1,716191
0.604432939329874,0.614378123198155,0.60057398776347,0.549783478281761,0.687166158145941,0.63511936222692,0.870234454638124,0.208053142934095,2.68650714029818,6.70013620197131,-1.12076596937642,0.0320081549439346,,0.77238474015889,-0.254717931068532,0.0931980568725128,1.87698412698413,0.02,0.01,0.99,106,92,1.65069177536294,2.29101225802734,200,52,3.80769230769231,0.00871062832367399,0.891032806692055,0.0390170762522338,0.625455103813497,0.21,2,4,0.35,0.46,0.938764643237487,0.853081700907788,1.10043931576369,1.39971569132009,0.553299392447117,0,0.730930286981982,0.802178560588146,1,additive,200,linear,5,338255
0.661108303857167,0.687925599749753,0.692870377054308,0.631054645203205,0.686963112683173,0.833826607954956,0.866822566501023,0.412778874123636,2.97945907758108,7.93405945494012,-1.13033165066887,0.062379421221865,,8.6237259060797,0.756521256429691,0.292160598927853,6.12190841931455,0.22,0.155,0.845,92,77,3.94524284575815,5.3628349494211,200,52,3.25,0.0134205752141089,0.894014092900914,0.0875524886878308,0.373178575099153,0.085,2,8,0.41,1.79,0.907327141382869,0.951366120218579,0.953709746542591,4.30113107034204,1.0776910153914,0.173076923076923,0.0962165535844013,0.297472249438055,0,random,200,linear,6,244238
0.496580030097336,0.534208203925461,0.652314733286373,0.625128574058658,0.569108306384478,0.718767009797643,0.844998149747132,-0.138112981313555,2.78890134968954,4.56628103062,-0.87068012060036,0.0162575551992106,,0.207464858109719,-0.170045894846847,0.392402462915255,1.05661973988361,0.253333333333333,0.1,0.9,152,118,2.71802997799091,4.09285727647789,300,52,5.19230769230769,0.0116958160355976,0.861186138369926,0.0410496278823141,0.568865113594662,0.25,2,2,0.38,1.13,0.83788748564868,0.89702547685741,0.934073231213108,3.12478291686953,0.70857570059076,0.0769230769230769,0.0966297903252559,0.254698149232198,0,random,300,linear,6,782204
0.49367873512695,0.587606100338141,0.644661003981482,0.757443650681732,0.727374012255483,0.626573815431667,0.838053404230725,-0.232851605083207,3.05563849390096,5.39643006829963,-1.01581977846988,0.0524794821407929,,0.101293692880031,0.121909196398164,0.695577049536615,0.772879319383331,0.22,0.1,0.9,85,95,2.86096469936049,3.72692357656637,200,52,3.46153846153846,0.0114722501877467,0.877147827157614,0.0629251823356517,0.557085086812141,0.155,1,4,0.45,1.18,0.888296521959888,0.900213219616205,0.986762360964443,2.36213095896316,0.669762320311866,0.0576923076923077,0.361543594604842,0.556595598088599,0.0113122171945701,s_shaped,200,mixed,4,168907
0.472104928252194,0.544025729625323,0.498840933330726,0.576563085268496,0.615841229678726,0.723338834073702,0.762555046483697,-0.139851773752563,3.58473231688174,1.58679818632618,-1.00732713419115,0.0248921311329567,,0.0809445800615411,-0.109560193051126,0.285080676252919,0.693269723867377,0.0479999999999999,0.07,0.93,242,223,1.8196131757046,2.07985721302471,500,52,8.94230769230769,0.0112809765364662,0.778274976354725,0.0128128251066795,0.679587732717661,0.06,2,1,0.28,0.58,0.769597214008805,0.784668120909941,0.980793272340848,3.13072353432764,1.21358928114322,0.134615384615385,0.3330715639657,0.443184988038171,0,radial,500,linear,6,199772
0.504037100927523,0.501560539013475,0.508850721268032,0.523208580214505,0.513044326108153,0.596084902122553,0.623075292439922,-0.0196405396694041,2.9774605272117,0.2513273444402,-0.994283523905628,0.053159507429034,,0.838769147977306,-1.67834648834218,0.739619762947871,2.22810119267899,0.112,0.152,0.848,212,212,3.29945587747606,3.84292103842612,500,52,8.15384615384615,0.0116588453497298,0.659074687805183,0.04366013356626,0.630450149083955,0.172,1,16,0.37,1.89,0.687056171331956,0.663673013211991,1.03523295004387,2.86292326206804,0.851170429959929,0.0576923076923077,0.096218516472979,0.236539567570719,0,s_shaped,500,quadratic,6,967611
0.534083816446021,0.588180323613394,0.588180323613394,0.588180323613394,0.588180323613394,0.605168584696144,0.633066994468347,-0.0153923917015026,2.54369386719221,0.38210374931893,-1.0019369557282,0.122925629993854,,0.400828756721616,-0.785735898707138,0.0888682471031368,1.41915467573362,0.1,0.125,0.875,86,89,1.3108874791177,1.70340700339814,200,52,3.36538461538462,0.0250488521641148,0.728561398370493,0.0340043095376615,0.607297730516257,0.18,2,4,0.31,1.35,0.765065913370998,0.739814615218797,1.03413192661074,2.46023018809557,0.892356415133679,0.0576923076923077,0.70118315799105,0.805056790302161,1,cross,200,mixed,6,824517
0.947734044331283,0.950900707495003,0.946827782164801,0.949260828356648,0.943812246098969,0.851348984495961,0.58271777129303,-0.174414079545855,3.13242514650033,0.0985823052121183,-0.924609986787553,0.0835246032981939,,0.129062700637593,1.02873014615823,0.011370764361316,0.813365280680616,0.024,0.077,0.923,444,479,2.45747663305008,2.66396839799369,1000,52,17.75,0.0104526417785831,0.60707509135274,0.0213025864393936,0.590690832859936,0.141,1,0,0.32,0.92,0.639448838989538,0.688847149177728,0.928288430536214,11.688207655284,2.01701480330139,0.423076923076923,0.0948588267200179,0.198438319244386,0,linear,1000,linear,2,468390
0.976304481829717,0.97515320356561,0.968130456188383,0.970172836837702,0.983950650639833,0.929765521492529,0.593859835542986,-0.17452351474108,2.94587774319852,0.156569302901466,-0.991847057708338,0.0360301450033513,,0.225422407521568,-1.10990552624562,0.956171609260833,1.06560230917347,0.024,0.018,0.982,247,244,1.9919062537983,2.24708610943257,500,52,9.44230769230769,0.0135517498942543,0.635955146435073,0.0257093939307628,0.608292781665794,0.29,1,8,0.43,0.84,0.638199411022297,0.6047631701322,1.05528815665608,4.16878123113511,2.47168328936874,0.826923076923077,0.699067316687007,0.759426065251804,1,bump,500,mixed,5,763637
0.524993280670589,0.537304876973278,0.547650544475661,0.531742007147687,0.567673621172607,0.473239220725772,0.869853917662683,0.0139478034602271,3.19934658767254,7.60341090565164,-1.01068459066342,0.0351925630810093,,0.243240595049902,-0.129242699261248,0.541103053404779,1.05129299996038,0.0600000000000001,0.02,0.98,109,87,1.90564051500729,2.69804097792485,200,52,3.76923076923077,0.0126698816550067,0.891363527846362,0.0407864186788817,0.58277851698832,0.24,2,4,0.29,0.53,0.900316719453242,0.905391394504925,0.994395048282453,2.32272704179615,0.793869001863681,0.0192307692307692,0.347986512761945,0.516443154767093,0.00301659125188537,cross,200,linear,5,543187
0.479350540965693,0.707919553618246,0.688476410053196,0.722679031024973,0.731807702006556,0.641259491416197,0.835682447897844,0.00369266289328059,2.93049592065379,4.59709659887548,-0.992289241061737,0.0270087941211902,,0.386875921733488,-0.229656464505987,0.220423333523264,1.31370238947382,0.186666666666667,0.0766666666666667,0.923333333333333,133,144,1.57847910580122,2.19372591180629,300,52,5.32692307692308,0.0112329272537563,0.853061600092499,0.019775372814542,0.635292337555973,0.06,1,16,0.36,0.53,0.841791979949875,0.88501616960115,0.951160000081405,2.62939335749249,0.607881866717489,0.0384615384615385,0.711114889734328,0.783901222377702,1,s_shaped,300,linear,5,175128
0.912540851470653,0.950218207855483,0.936813725294111,0.942637934965659,0.944724510082363,0.907324663687893,0.592022076106915,-0.0324303657801823,3.0772161813945,0.136769823957446,-0.981524840135083,0.0459546461646136,,0.190280843296975,-1.01385767545913,0.0324396328520389,0.948784153838075,0.02,0.036,0.964,478,486,1.56269679600562,1.74511878525915,1000,52,18.5384615384615,0.00905737701337381,0.613959163731378,0.0133453446889468,0.621488743171052,0.387,1,4,0.39,0.87,0.677806694323482,0.601829106360377,1.12624445571034,8.86579672418089,3.50710564305658,0.961538461538461,0.339741637939447,0.421255289805408,0,linear,1000,quadratic,2,94478
0.515135540949637,0.65577192371825,0.7117599682699,0.636537574266241,0.626031531786761,0.638855611856697,0.853245832666408,-0.106441922322137,2.97430323524099,3.7044915829863,-1.10615696351081,0.00873482267395331,,1.14493044700403,-0.0103675928534957,0.454042194125817,2.42376795820656,0.424,0.28,0.72,170,190,4.52891297486758,6.36691038775992,500,52,6.92307692307692,0.00951156520265488,0.862081529024084,0.0577138436640659,0.548018015768297,0.212,2,4,0.39,1.78,0.852653165854909,0.872553051488732,0.977193494882781,2.62564717945653,0.885110606273606,0.0384615384615385,0.0945112579564478,0.284244198843133,0,radial,500,mixed,3,21794
0.838502174704604,0.829924895666196,0.801957334176273,0.749096207171124,0.869560737679008,0.871163256895234,0.610317697069133,0.208808434484338,3.14380421416701,0.219470391039446,-1.18997717114311,0.0421824893728093,,0.110989661336019,-0.498509033602419,0.189281657048327,0.695476444906915,0.168,0.126,0.874,230,207,2.41234563297971,2.67095659323136,500,52,8.40384615384615,0.0162183137490112,0.653658954676298,0.0244428833443313,0.616458449766892,0.172,1,16,0.37,1.55,0.653706743263576,0.653485227226161,1.00033897635048,3.94737028328625,1.8665762415831,0.480769230769231,0.704033484338553,0.760783087477396,1,linear,500,quadratic,6,194216
0.499712435297942,0.501198269610662,0.501198269610662,0.501198269610662,0.632232252256758,0.596639243829862,0.581685000658254,0.108401395398222,3.18771099831003,0.0763788376510076,-1.07590870953835,0.029077559582775,,0.00258099827522231,-0.154514504389833,0.883620293462461,0.120823938702707,0.0439999999999999,0.0520000000000001,0.948,436,512,1.15763849201836,1.27048556422899,1000,52,18.2307692307692,0.0106551593901718,0.605433903832417,0.00206098267652107,0.63089680634994,0.037,1,1,0.27,0.36,0.615028122862714,0.607658622248238,1.01212769858709,2.03959895848172,0.733545104866382,0.0192307692307692,0.103563724599559,0.219819941223458,0,s_shaped,1000,quadratic,5,117892
0.526774461244838,0.61131183662602,0.624228772343674,0.644876336079209,0.62182006616477,0.463019019571982,0.88037967357333,0.0672913752489985,2.79346889777004,7.53693476161834,-1.03997999985387,0.0131959717559903,,0.0471307047159264,0.0293655107769822,0.174941766301947,0.489920744117325,0.0800000000000001,0.0366666666666666,0.963333333333333,134,155,1.5949192818642,2.35776264899046,300,52,5.55769230769231,0.00694680803450888,0.89347947581899,0.0176420437242637,0.547001709148625,0.5,2,8,0.36,0.35,0.892587320705135,0.896295110826598,0.995863203897159,2.52102519895223,0.600856754110414,0.0192307692307692,0.336095424117028,0.479969536603642,0,random,300,linear,4,593979
0.446554168444524,0.465137938786653,0.499069205676297,0.566761982758225,0.530784459462559,0.591040057992558,0.659854263918934,0.124772380152118,2.83162266267667,0.538266625234663,-0.966378852753115,0.117955140612547,,0.15185261401046,-0.425419972016579,0.76012434351849,0.778826043816099,0.06,0.08,0.92,89,95,1.05520905091964,1.31994015760711,200,52,3.53846153846154,0.0285272633482181,0.742823613342014,0.0099601571883183,0.675240245869743,0.07,2,2,0.47,0.34,0.799012345679012,0.737948609046507,1.08274795274891,3.27338400650488,2.08301627528692,0.538461538461538,0.695297282065477,0.775155383826607,1,cross,200,quadratic,6,476936
0.503132024891909,0.512057269022556,0.512057269022556,0.500893576268538,0.554993007665522,0.752883085763286,0.563807525060373,0.0202673732462907,3.12380804352077,0.0806516073000407,-1.0245019447036,0.0427632572744063,,0.0182452712810262,-0.347233381707541,0.322498040283849,0.284698533764422,0.004,0.00600000000000001,0.994,489,505,0.610077897985187,0.779700425914416,1000,52,19.1153846153846,0.00971657473091923,0.590715127620185,0.00309397770817985,0.635833340721769,0.329,2,16,0.39,0.22,0.608705392331754,0.594361889825524,1.02413260801503,3.23500110104009,0.848275485126748,0.0769230769230769,0.102870315330884,0.212583880928091,0,enclave,1000,quadratic,6,482663
0.552820475384278,0.609719487475387,0.609719487475387,0.609719487475387,0.609719487475387,0.672570053130478,0.599516989410922,-0.090713636543805,3.10736315934975,0.171356132008592,-1.07332096063077,0.0461956281349245,,0.00799232339175197,-0.160468450277365,0.146144385183952,0.185773689298971,0.0640000000000001,0.09,0.91,223,232,0.994799500590144,1.16861839926163,500,52,8.75,0.0136997414312827,0.642811321548153,0.00709951247184082,0.646975547005463,0.118,1,8,0.44,0.62,0.641404011461318,0.648153359127682,0.989586804463302,3.27575297120642,0.783587076964837,0.0192307692307692,0.0929477553695494,0.249021827131077,0,s_shaped,500,quadratic,6,465922
0.821565829827561,0.848765140679659,0.837085062905728,0.861274597229653,0.858347000889411,0.826007639843287,0.844014042206709,0.0793965480973498,2.87149476067562,3.39711894550254,-0.976725451647599,0.00567294472549618,,1.17211557462049,0.482399154026667,0.108152030519903,2.33391971257047,0.168,0.1,0.9,467,433,2.83289768351795,4.224159433301,1000,52,17.3076923076923,0.005824745920669,0.847172556985396,0.02241578105964,0.516120588267817,0.515,2,16,0.29,1.25,0.82509905996651,0.883918285845941,0.933456263071717,3.79399847208822,0.836370615689975,0.0576923076923077,0.0900752281294256,0.192387098938347,0,random,1000,mixed,4,829795
0.518614797836765,0.533431034896558,0.623205471287541,0.574268188291013,0.62738153810461,0.59601553624858,0.86613188704675,-0.0419569299259085,3.01480560859274,6.23482500898407,-1.04158746791856,0.00811100466037706,,0.0012683994155565,0.00777394716685067,0.323814537509981,0.0836048789264348,0.048,0.016,0.984,233,259,1.14062691271664,2.00864273666713,500,52,9.46153846153846,0.00599982152614152,0.87263782677022,0.0224013322019259,0.611323157387059,0.278,1,16,0.42,0.03,0.866395595696448,0.887163561076605,0.976590601450139,2.31545027792974,0.914448700591917,0.134615384615385,0.104714276435365,0.227774395909397,0,s_shaped,500,mixed,5,742844
0.760378022963114,0.697349517166308,0.772583430380304,0.771345831382389,0.758057399781494,0.673090775935553,0.839455502549761,0.0283701962303418,2.85480234558271,3.93331855943288,-0.960044405926495,0.00840598782694535,,0.113803932758633,0.114704767272371,0.258422699547683,0.729829981949013,0.064,0.022,0.978,243,246,1.14311912188963,1.59626918656814,500,52,9.40384615384615,0.00735959149853401,0.847637532528739,0.0158998134074733,0.596431915045917,0.216,1,4,0.28,0.12,0.82769828770566,0.863897452539348,0.958097845146685,3.21601737035029,0.916055598238861,0.0384615384615385,0.103296682272195,0.270659803910724,0,s_shaped,500,linear,3,538447
0.58971708971709,0.561089061089061,0.581830581830582,0.638774138774139,0.679413679413679,0.700644700644701,0.92483035082663,-0.0983773237023489,2.7585065341211,19.2815880409939,-0.930972198158319,0.00799119658343594,,3.7807058474981,0.245540436702395,0.29231408754828,4.49824038039078,0.536,0.17,0.83,212,203,4.10173385341606,7.79550388175696,500,52,7.98076923076923,0.00334601174641613,0.930171829960091,0.0662075392889343,0.542698425904111,0.226,1,16,0.26,1.35,0.9281604060188,0.940592699426531,0.986782490003047,2.55912250082888,0.968758283900149,0.134615384615385,0.69354848258895,0.750700006673546,1,bump,500,mixed,6,165046
0.75198182797366,,,,,0.811092932738207,0.56229567437231,-0.0164906788917431,3.35673237705166,0.060561665373891,-1.02916703100613,0.0551137672415433,,0.0252864038926096,-0.480917760763854,0.968380139235855,0.308741473802733,0.016,0.038,0.962,462,500,1.21384799394122,1.36016195764444,1000,52,18.5,0.0118324212450009,0.592704425067112,0.00339508675428913,0.669705864203165,0.099,2,16,0.26,0.4,0.60473316853279,0.591864702154626,1.02174224333926,2.55784500878466,1.39831898360144,0.192307692307692,0.684628499336937,0.724474405421135,1,radial,1000,quadratic,6,165135
0.985196985196985,0.984330484330484,0.984330484330484,0.984330484330484,0.984330484330484,0.896592896592897,0.618538649545836,-0.113801170211329,2.90617305379471,0.293299697339022,-0.943791218994141,0.089008864407398,,1.55603929878509,-1.91065158196711,0.77259943529844,2.50036786891129,0.12,0.29,0.71,103,110,5.0658470846798,5.72911497492069,300,52,4.09615384615385,0.0225930249199782,0.706100776423576,0.116285692395522,0.586745019235941,0.0833333333333333,1,0,0.5,1.84,0.690618181818182,0.711612711612712,0.97049725299742,2.41281524612521,0.802979086642607,0.0384615384615385,0.101594603754037,0.290899460296387,0,bump,300,mixed,1,894920
0.904218105452636,0.890804270106753,0.893367334183355,0.871563289082227,0.8883197079927,0.824380609515238,0.584408685632095,-0.0817774118583452,3.24571414411633,0.133677262765968,-1.02342884426319,0.0481518105963403,,0.107502589855814,-0.799086303960488,0.27962124916846,0.764843651998121,0.012,0.017,0.983,499,484,0.862443672817975,1.01541540297034,1000,52,18.9038461538462,0.00971916835400783,0.607389372197322,0.00428028970288588,0.625263294706966,0.553,1,2,0.43,0.41,0.66221919025257,0.594947926337289,1.11307084357689,8.31074907482988,2.43461052722521,0.653846153846154,0.323476588450843,0.404352091591994,0,linear,1000,quadratic,1,725209
0.90955055561723,0.763451877677199,0.748852111105444,0.727256498036262,0.917103969580319,0.718626953861417,0.833298390082659,0.121031390042389,2.94020579473273,3.43730994879161,-1.07411320980377,0.00299322398326285,,0.00729998329701286,0.00169457889986759,0.213302693847581,0.178501346589716,0.092,0.078,0.922,477,445,1.10748789589239,1.48991730373201,1000,52,17.7307692307692,0.00580008163289266,0.83836416329056,0.0116059590481855,0.61116282822439,0.221,1,4,0.27,0.09,0.818826989647965,0.857120726547447,0.955322820095912,1.99136926844031,0.777761885873858,0.0384615384615385,0.329246314808277,0.403900809491096,0,bump,1000,linear,5,175695
0.424612291284203,0.422182008916863,0.422182008916863,0.422182008916863,0.422182008916863,0.623355188390594,0.626746831329217,0.255812007764177,3.06003927967398,0.325302784118266,-1.0567890001638,0.0910905798783601,,0.0468409502523718,0.20395966094341,0.594381856429072,0.504240626832347,0.0666666666666667,0.0366666666666666,0.963333333333333,158,131,0.741532941532813,0.796786071075929,300,52,5.55769230769231,0.0154087884801042,0.682361069803403,0.00611004606990442,0.565930593685343,0.536666666666667,2,1,0.43,0.36,0.713460473213579,0.69597849221463,1.02511856500525,2.9797776225362,0.812727584272784,0.0384615384615385,0.10344017059823,0.292579132618284,0,random,300,quadratic,6,884419
0.454519092483344,0.46202166064982,0.46202166064982,0.46202166064982,0.46202166064982,0.406698952188078,0.690163677247294,-0.0517792514715137,3.2595448537146,0.561265196675427,-1.05974739614551,0.068608481932751,,0.11414836574677,-0.354160455896736,0.86603227763094,0.770739193466468,0.08,0.04,0.96,97,95,2.73806897061047,3.23245344778713,200,52,3.69230769230769,0.0252264965899823,0.755779417945849,0.0767885226728313,0.57882282268084,0.005,2,4,0.48,1.87,0.766907962771458,0.771648492623477,0.99385662008371,1.56165754922305,0.60824060141291,0,0.713522531312268,0.805716088213031,1,cross,200,quadratic,2,57997
0.767366072392968,0.840043986746369,0.727816062157511,0.672395950668185,0.672142893146976,0.740027630589511,0.786618898942804,-0.0887252394832613,3.00142044512595,2.08560146805359,-1.01855244645029,0.0127650313475689,,0.0552587816908049,-0.00877283620568974,0.305918648412049,0.50817037537571,0.024,0.034,0.966,224,259,1.08041201696657,1.29652471533034,500,52,9.28846153846154,0.00940820952775579,0.798228606211842,0.00794768452881313,0.649594995244523,0.26,2,0,0.41,0.01,0.771428571428571,0.798738058733341,0.965809207403892,2.07511561583511,0.784916457655083,0.0192307692307692,0.709433939973618,0.760266462884591,1,enclave,500,mixed,2,565652
0.535565035565036,0.578903078903079,0.918165918165918,0.972798972798973,0.958965458965459,0.622274622274622,0.845171951592319,0.147396494912094,2.93435566200023,4.09270164354411,-1.0197943957877,0.0066335027160378,,0.404474407431967,0.203411351179552,0.129815306579253,1.36146161978659,0.084,0.0620000000000001,0.938,442,496,1.60599514710951,2.66622388946746,1000,52,18.0384615384615,0.00545452856544298,0.847596763433762,0.0120788586064726,0.593431304193336,0.401,2,4,0.44,0.54,0.825078969484452,0.878809165667687,0.938860223263133,3.30398414026698,0.833569774886976,0.115384615384615,0.095591177569494,0.189789878055245,0,cross,1000,linear,4,58648
0.543679066503422,0.543614996731441,0.543614996731441,0.52767263550006,0.525311564293516,0.77570974791548,0.64842733972352,-0.0630771830997406,2.95186239046364,0.385977819116292,-0.922932760988973,0.0629304946775203,,0.0974106513739915,-0.412631058916526,0.923138669698544,0.555052273398966,0.04,0.0666666666666667,0.933333333333333,132,148,1.57674752395128,1.72861955553291,300,52,5.38461538461539,0.0170179969174037,0.698454003300403,0.0149448454317558,0.662263094141234,0.163333333333333,2,1,0.36,0.66,0.698720637583893,0.716771300448431,0.974816705337888,2.34307250979345,0.814978046678221,0.0384615384615385,0.0938349502027574,0.267461501286606,0,enclave,300,quadratic,6,506179
0.571149241538967,0.607621385415965,0.666426858272234,0.631134832939626,0.631707057299804,0.801834534217409,0.833887043189369,-0.237217792679006,3.15012888927077,4.91537546742787,-0.949065947360192,0.0665401044138585,,3.6843218266704,0.775404798169376,0.43390913226521,4.50038417755822,0.5,0.4,0.6,55,65,5.37850071146683,7.25791161941311,200,52,2.30769230769231,0.0185122779474247,0.881200095471836,0.0931455408549618,0.528529266042399,0.12,2,8,0.47,1.97,0.882408724513988,0.927987421383648,0.950884359184846,1.68600736099781,0.667110233180693,0,0.306309763644009,0.501993735035704,0.000754147812971343,enclave,200,linear,6,182272
0.514831328685615,0.51837789524758,0.587597231798565,0.513401772261804,0.571481396358436,0.764875507546158,0.886959054745389,0.0872687605752012,3.38604859498501,9.00830255117407,-1.05710352518841,0.0107415296666484,,0.757000273213533,-0.244356302124707,0.199638052147997,1.92283551309997,0.472,0.162,0.838,204,215,2.42185973757995,4.54380446287829,500,52,8.05769230769231,0.00540149548609892,0.894090807539925,0.0497869754800471,0.642537481385233,0.132,2,8,0.48,0.94,0.890762991320168,0.908130939809926,0.980875061372325,2.95488622131696,0.804810196670005,0.0384615384615385,0.341410560448256,0.461112961929294,0,cross,500,mixed,6,924624
0.98294357358934,0.981822545563639,0.981822545563639,0.981822545563639,0.981822545563639,0.957886947173679,0.566472745356753,-0.0864248199689509,2.99551174416964,0.0628780302227846,-1.04689471102897,0.0295048622202907,,0.0579971846207364,-0.78308282605842,0.0232799412690601,0.521400655730352,0.036,0.077,0.923,466,457,1.97403128423638,2.24312304574471,1000,52,17.75,0.0118569844921466,0.595824991753068,0.0248272333821633,0.640872832580026,0.364,1,2,0.43,0.91,0.594328181044048,0.599274798789458,0.991745660329115,2.10133202897022,0.849143501522106,0.0384615384615385,0.110325080571108,0.221280446879615,0,bump,1000,quadratic,1,702482
0.616577229183412,0.584416421811406,0.500790985324248,0.497317431359928,0.534960661959665,0.809115174800531,0.861377195692995,-0.0899261717435592,2.86463435589512,5.65390149216814,-0.939046978714037,0.0212497920182548,,0.0195513777716011,-0.0129712171391131,0.256272017136048,0.326469787297577,0.0533333333333333,0.0466666666666666,0.953333333333333,134,152,0.968284352010377,1.47330474562292,300,52,5.5,0.0086190929236724,0.876293281386916,0.0114144232757632,0.597628273636233,0.726666666666667,2,8,0.28,0.16,0.879077429983526,0.887381729883614,0.990641795272056,2.22568921509839,0.761128710491155,0.0576923076923077,0.697833063795274,0.772393222859938,1,random,300,linear,6,561116
0.51838768115942,0.764437237026648,0.684105890603086,0.688793244506779,0.833261453950444,0.705372837774661,0.818972079429372,-0.0167776159204107,3.04310067882826,3.36832000850624,-1.01154618379258,0.0128748508114915,,3.73252643413074,-0.789083724829523,0.288781496767984,3.99527154277234,0.16,0.12,0.88,221,219,2.7432795001701,3.83407571575449,500,52,8.46153846153846,0.0078184717293955,0.827588592352213,0.0203566388751951,0.689073560957361,0.086,2,2,0.33,1.02,0.835636175557854,0.828255273369962,1.00891138568652,2.86289163881814,1.27461278696429,0.192307692307692,0.69367585119902,0.751307970092627,1,cross,500,linear,5,41271
0.629078129078129,0.738297238297238,0.757720257720258,0.766848766848767,0.732955732955733,0.686745686745687,0.80954720379923,-0.00599453051729232,2.75253690376023,3.66568456710679,-1.14100833122372,0.0935887988209285,,5.23145839944236,-0.65296630260267,0.294910787664373,5.2267616502465,0.4,0.32,0.68,68,68,5.28479044554543,5.62487858878635,200,52,2.61538461538462,0.0221581544265271,0.861742190665691,0.0706459101223276,0.4867561427906,0.235,1,2,0.5,1.83,0.892554479418886,0.924150268336315,0.965810983343317,2.93761255910865,0.925450019444183,0.0961538461538462,0.103169029198399,0.330341557616586,0,s_shaped,200,linear,4,220339
0.660238305986575,0.646571340961542,0.784983966858634,0.755927544849966,0.777449073206219,0.791081278033169,0.812391611103332,0.0271889455903696,2.94222795463786,2.40144927158509,-1.02395917242148,0.0140245807167402,,0.957761440573054,-0.182465562324735,0.799767956859806,2.27475896974731,0.328,0.218,0.782,204,187,4.9194646667842,6.46515467661737,500,52,7.51923076923077,0.0111046007351038,0.824493811154041,0.0548930916330789,0.69571291264096,0.1,2,0,0.37,1.69,0.802789008994141,0.85073153217844,0.943645531673742,1.57412047108865,0.54973235144908,0,0.324708412434737,0.433964079124411,0,radial,500,mixed,6,450706
0.627109233566702,,,,,0.738698353065573,0.613267258721358,-0.128325456368125,3.55600177161537,0.267719607282173,-0.910527613138318,0.0822579853785388,,0.336129618755634,-0.144980138908154,0.462630419818174,1.36679288093072,0.0533333333333333,0.1,0.9,132,138,1.49396325280718,2.09718762916346,300,52,5.19230769230769,0.0171808745582407,0.676092520056916,0.0425429133678556,0.604821277576165,0.156666666666667,1,8,0.37,1.46,0.688934010152284,0.708687756857498,0.972126304547991,4.34375573276904,1.95278697238429,0.538461538461538,0.664713791989169,0.74597617047738,1,s_shaped,300,quadratic,6,872619
0.791075190311712,0.752048187759922,0.757192760331756,0.743821815981968,0.712759906436206,0.767111882427364,0.642142696259647,0.0972506229617257,2.97672846645824,0.353340871988632,-1.01698914795181,0.0572415532295184,,6.03827549362071,-2.59777484606355,0.259915491750472,4.29187272686299,0.08,0.097,0.903,338,332,4.22914098006387,4.79920645038836,750,52,12.8846153846154,0.0121956412950853,0.663515484255461,0.049220670423226,0.582845763194093,0.1865,2,3,0.495,1.955,0.703457322214935,0.709421204838907,0.991593312148985,1.76368949342764,0.568967886143569,0,0.694823389044189,0.753924069749642,1,additive,500,quadratic,1,502266
0.791075190311712,0.752048187759922,0.757192760331756,0.743821815981968,0.712759906436206,0.767111882427364,0.642142696259647,0.0972506229617257,2.97672846645824,0.353340871988632,-1.01698914795181,0.0572415532295184,,6.03827549362071,-2.59777484606355,0.259915491750472,4.29187272686299,0.08,0.097,0.903,338,332,4.22914098006387,4.79920645038836,750,52,12.8846153846154,0.0121956412950853,0.663515484255461,0.049220670423226,0.582845763194093,0.1865,2,3,0.495,1.955,0.703457322214935,0.709421204838907,0.991593312148985,1.76368949342764,0.568967886143569,0,0.694823389044189,0.753924069749642,1,additive,1000,quadratic,1,502266
0.577953625730642,0.573006331868058,0.632154561778243,0.648126745153797,0.674582951011967,0.658541477779815,0.8626558196844,-0.0545264406304049,3.13871198737317,5.7288048077944,-0.977258207426839,0.0054636658535227,,0.137702078405238,-0.0691832524787212,0.174163018260478,0.712779962381343,0.208,0.109333333333333,0.890666666666667,412,401.166666666667,1.20970203241711,2.00689067764433,916.666666666667,52,15.6378205128205,0.00568157977911558,0.86659768055519,0.011656922808163,0.622408811525862,0.3135,2,7.33333333333333,0.286666666666667,0.276666666666667,0.86243388721409,0.875664258698755,0.984673720093555,2.68454347849763,0.882259551707458,0.0769230769230769,0.138882387571802,0.244646784394354,0,cross,500,linear,5,300719
0.577953625730642,0.573006331868058,0.632154561778243,0.648126745153797,0.674582951011967,0.658541477779815,0.8626558196844,-0.0545264406304049,3.13871198737317,5.7288048077944,-0.977258207426839,0.0054636658535227,,0.137702078405238,-0.0691832524787212,0.174163018260478,0.712779962381343,0.208,0.109333333333333,0.890666666666667,412,401.166666666667,1.20970203241711,2.00689067764433,916.666666666667,52,15.6378205128205,0.00568157977911558,0.86659768055519,0.011656922808163,0.622408811525862,0.3135,2,7.33333333333333,0.286666666666667,0.276666666666667,0.86243388721409,0.875664258698755,0.984673720093555,2.68454347849763,0.882259551707458,0.0769230769230769,0.138882387571802,0.244646784394354,0,cross,1000,linear,5,300719
0.662664883107437,0.628842719289651,0.659762317157559,0.659662294724503,0.647564730822087,0.70709584414291,0.670208213347026,-0.016609018169431,3.12735809230306,0.598083458390053,-1.00406148681019,0.0994853284611514,,0.222583343543717,-0.320625086965816,0.125430711638818,0.68113098985664,0.0855555555555556,0.0527777777777778,0.947222222222222,102,102.666666666667,1.16201469700921,1.32786146190068,216.666666666667,52,3.93589743589744,0.0207488070577598,0.739918824744985,0.0147251980530365,0.615021172394891,0.326944444444444,1,7.33333333333333,0.346666666666667,0.575,0.771427930765048,0.764850084274129,1.01015606121443,3.42216194478964,1.27403430254945,0.21474358974359,0.314782330512761,0.494670983139794,0.00465057817998995,linear,200,quadratic,6,472106
0.662664883107437,0.628842719289651,0.659762317157559,0.659662294724503,0.647564730822087,0.70709584414291,0.670208213347026,-0.016609018169431,3.12735809230306,0.598083458390053,-1.00406148681019,0.0994853284611514,,0.222583343543717,-0.320625086965816,0.125430711638818,0.68113098985664,0.0855555555555556,0.0527777777777778,0.947222222222222,102,102.666666666667,1.16201469700921,1.32786146190068,216.666666666667,52,3.93589743589744,0.0207488070577598,0.739918824744985,0.0147251980530365,0.615021172394891,0.326944444444444,1,7.33333333333333,0.346666666666667,0.575,0.771427930765048,0.764850084274129,1.01015606121443,3.42216194478964,1.27403430254945,0.21474358974359,0.314782330512761,0.494670983139794,0.00465057817998995,linear,300,mixed,6,472106
0.882820151786666,0.886123461144122,0.886123461144122,0.883581955924716,0.883720286976631,0.805679042962833,0.617134744866407,0.063349657009769,3.13438218359953,0.273757498385019,-0.967534921408694,0.064597955895888,,0.485888256124665,-0.860891579195295,0.565244629478305,1.392537992179,0.0773333333333334,0.114222222222222,0.885777777777778,192.5,186.166666666667,2.4862798819274,2.89608124920437,416.666666666667,52,7.28205128205128,0.01578645571274,0.672505296755222,0.0575071222815567,0.597584102626714,0.163833333333333,1,6,0.43,1.325,0.677989208520712,0.689097920566354,0.987923254876518,2.25199650741164,0.740526754219156,0.0320512820512821,0.29532813934046,0.437352928668614,0.000251382604323781,bump,1000,mixed,2,414934
0.882820151786666,0.886123461144122,0.886123461144122,0.883581955924716,0.883720286976631,0.805679042962833,0.617134744866407,0.063349657009769,3.13438218359953,0.273757498385019,-0.967534921408694,0.064597955895888,,0.485888256124665,-0.860891579195295,0.565244629478305,1.392537992179,0.0773333333333334,0.114222222222222,0.885777777777778,192.5,186.166666666667,2.4862798819274,2.89608124920437,416.666666666667,52,7.28205128205128,0.01578645571274,0.672505296755222,0.0575071222815567,0.597584102626714,0.163833333333333,1,6,0.43,1.325,0.677989208520712,0.689097920566354,0.987923254876518,2.25199650741164,0.740526754219156,0.0320512820512821,0.29532813934046,0.437352928668614,0.000251382604323781,bump,300,quadratic,2,414934
0.538655792296073,0.569722239816468,0.575864945163012,0.576632094261133,0.556900846778815,0.592773237416198,0.675282600668764,0.0760166780539195,2.96548459617307,1.34836996038193,-1.04678488435314,0.0379795068765616,,0.0439544787979296,-0.0555580683199934,0.467465945947576,0.378660308543728,0.0366666666666667,0.0173333333333334,0.982666666666667,291.833333333333,280.666666666667,1.0150230579388,1.30398280168857,583.333333333333,52,11.0096153846154,0.0117320811143947,0.703432350867762,0.00653147272941618,0.618587406477599,0.239,2,1.83333333333333,0.28,0.23,0.708434681076132,0.720874225711493,0.983881286180006,3.05901738142035,0.9082706272253,0.112179487179487,0.142612001515532,0.277974162493819,0,cross,500,mixed,6,248847
0.538655792296073,0.569722239816468,0.575864945163012,0.576632094261133,0.556900846778815,0.592773237416198,0.675282600668764,0.0760166780539195,2.96548459617307,1.34836996038193,-1.04678488435314,0.0379795068765616,,0.0439544787979296,-0.0555580683199934,0.467465945947576,0.378660308543728,0.0366666666666667,0.0173333333333334,0.982666666666667,291.833333333333,280.666666666667,1.0150230579388,1.30398280168857,583.333333333333,52,11.0096153846154,0.0117320811143947,0.703432350867762,0.00653147272941618,0.618587406477599,0.239,2,1.83333333333333,0.28,0.23,0.708434681076132,0.720874225711493,0.983881286180006,3.05901738142035,0.9082706272253,0.112179487179487,0.142612001515532,0.277974162493819,0,cross,1000,mixed,6,248847
0.649663226645841,0.671815084120021,0.677184657506128,0.679086710176565,0.683712257815207,0.64757969118793,0.63002525849148,0.0147121033996794,3.05751752267324,0.358346925296905,-1.02367732888231,0.045816812960275,,0.198311717604276,-0.460524150286846,0.497092978781742,0.903008461676635,0.159111111111111,0.238333333333333,0.761666666666667,169.833333333333,186,2.92668987878819,3.35680602661436,466.666666666667,52,6.84294871794872,0.0165537733363883,0.676507375352708,0.0351780859825043,0.598551320678714,0.195,1,3.66666666666667,0.303333333333333,1.63166666666667,0.68380594861922,0.666573274945013,1.02731033074014,2.95214178357431,1.08561550788977,0.185897435897436,0.200224964583992,0.337680066849139,0.166666666666667,s_shaped,500,quadratic,5,389374
0.649663226645841,0.671815084120021,0.677184657506128,0.679086710176565,0.683712257815207,0.64757969118793,0.63002525849148,0.0147121033996794,3.05751752267324,0.358346925296905,-1.02367732888231,0.045816812960275,,0.198311717604276,-0.460524150286846,0.497092978781742,0.903008461676635,0.159111111111111,0.238333333333333,0.761666666666667,169.833333333333,186,2.92668987878819,3.35680602661436,466.666666666667,52,6.84294871794872,0.0165537733363883,0.676507375352708,0.0351780859825043,0.598551320678714,0.195,1,3.66666666666667,0.303333333333333,1.63166666666667,0.68380594861922,0.666573274945013,1.02731033074014,2.95214178357431,1.08561550788977,0.185897435897436,0.200224964583992,0.337680066849139,0.166666666666667,s_shaped,300,linear,5,389374
0.550420530197162,0.539327750341491,0.553916522318785,0.551095164442725,0.545463535470633,0.538845016645558,0.654070162329469,0.0361278317856509,3.18821712055312,0.570107130382211,-1.03597846339215,0.0696613413285293,,0.633197643366612,-0.64824958418507,0.414191588989361,1.61945407944643,0.0477777777777778,0.0630555555555556,0.936944444444445,130.833333333333,133.666666666667,2.28006073997687,2.70903534557098,283.333333333333,52,5.08653846153846,0.0200944214996949,0.70753414603214,0.0328094656995243,0.650834297627669,0.201666666666667,2,6.66666666666667,0.308333333333333,1.25166666666667,0.72334482437467,0.717968212777871,1.00931117866929,2.49031659531879,0.830205036336598,0.0448717948717949,0.194287249935604,0.351132841729631,0.166666666666667,radial,300,quadratic,3,692875
0.550420530197162,0.539327750341491,0.553916522318785,0.551095164442725,0.545463535470633,0.538845016645558,0.654070162329469,0.0361278317856509,3.18821712055312,0.570107130382211,-1.03597846339215,0.0696613413285293,,0.633197643366612,-0.64824958418507,0.414191588989361,1.61945407944643,0.0477777777777778,0.0630555555555556,0.936944444444445,130.833333333333,133.666666666667,2.28006073997687,2.70903534557098,283.333333333333,52,5.08653846153846,0.0200944214996949,0.70753414603214,0.0328094656995243,0.650834297627669,0.201666666666667,2,6.66666666666667,0.308333333333333,1.25166666666667,0.72334482437467,0.717968212777871,1.00931117866929,2.49031659531879,0.830205036336598,0.0448717948717949,0.194287249935604,0.351132841729631,0.166666666666667,radial,200,linear,3,692875
0.757087275973265,0.768594413584534,0.820613153169639,0.825326193373612,0.845781085832328,0.821891390429685,0.763803109724801,-0.0593349993868129,2.9613544162453,1.56503721065854,-1.01399114254042,0.0224384660752614,,1.11280335045172,-0.238337653704747,0.460013137407496,1.7708393895218,0.109777777777778,0.103444444444444,0.896555555555556,213.166666666667,210,1.89924363901513,2.4527228108344,466.666666666667,52,8.13782051282051,0.0107588344317958,0.780755790991769,0.0271556787528306,0.607012829301326,0.208,1,1.16666666666667,0.453333333333333,0.555,0.761094009078093,0.817419393208288,0.930290841915061,4.76146022025186,2.69063606691903,0.78525641025641,0.640353696964625,0.708839679165875,0.833333333333333,s_shaped,500,linear,5,532050
0.757087275973265,0.768594413584534,0.820613153169639,0.825326193373612,0.845781085832328,0.821891390429685,0.763803109724801,-0.0593349993868129,2.9613544162453,1.56503721065854,-1.01399114254042,0.0224384660752614,,1.11280335045172,-0.238337653704747,0.460013137407496,1.7708393895218,0.109777777777778,0.103444444444444,0.896555555555556,213.166666666667,210,1.89924363901513,2.4527228108344,466.666666666667,52,8.13782051282051,0.0107588344317958,0.780755790991769,0.0271556787528306,0.607012829301326,0.208,1,1.16666666666667,0.453333333333333,0.555,0.761094009078093,0.817419393208288,0.930290841915061,4.76146022025186,2.69063606691903,0.78525641025641,0.640353696964625,0.708839679165875,0.833333333333333,s_shaped,300,linear,5,532050
0.681681645215886,0.758033244663998,0.813478470451828,0.831158526439606,0.846637030765193,0.7920776290652,0.79705609747905,0.0623823159922206,2.92460114432951,2.88350886559514,-1.03687287696996,0.0192046375857014,,2.15630340717965,-0.305806261270057,0.556272645286567,2.92857315065355,0.276444444444444,0.170222222222222,0.829777777777778,192,192,5.12450304948935,6.88718397940377,466.666666666667,52,7.38461538461538,0.0106654265996659,0.815143280996501,0.0554704839625551,0.629521012288961,0.133111111111111,2,7.33333333333333,0.446666666666667,1.665,0.797489208015179,0.841820916636394,0.948005338632202,2.17652520851012,0.79761764907139,0.0480769230769231,0.393273613968784,0.506800497049986,0.166666666666667,enclave,500,linear,5,479046
0.681681645215886,0.758033244663998,0.813478470451828,0.831158526439606,0.846637030765193,0.7920776290652,0.79705609747905,0.0623823159922206,2.92460114432951,2.88350886559514,-1.03687287696996,0.0192046375857014,,2.15630340717965,-0.305806261270057,0.556272645286567,2.92857315065355,0.276444444444444,0.170222222222222,0.829777777777778,192,192,5.12450304948935,6.88718397940377,466.666666666667,52,7.38461538461538,0.0106654265996659,0.815143280996501,0.0554704839625551,0.629521012288961,0.133111111111111,2,7.33333333333333,0.446666666666667,1.665,0.797489208015179,0.841820916636394,0.948005338632202,2.17652520851012,0.79761764907139,0.0480769230769231,0.393273613968784,0.506800497049986,0.166666666666667,enclave,300,quadratic,5,479046
0.656680649828977,0.641246410114382,0.666423665578069,0.648755432973925,0.65399968519616,0.786120621488733,0.690356696802883,-0.0217980889527696,2.89687648427626,2.39630773370389,-1.03772175139607,0.0433797502142576,,0.33475293019902,-0.255504889051997,0.310368985616777,1.08753595384627,0.129333333333333,0.133333333333333,0.866666666666667,191,197.833333333333,1.74930243182745,2.22023060361186,450,52,7.4775641025641,0.0121314205651533,0.725206600551389,0.0234921523926758,0.622526580080941,0.206,2,2.33333333333333,0.326666666666667,0.731666666666667,0.722468782228692,0.739217451841839,0.978519923436876,2.32471868311498,0.910835111713249,0.0833333333333333,0.696785576704244,0.759992481768565,1,radial,200,linear,6,252372
0.656680649828977,0.641246410114382,0.666423665578069,0.648755432973925,0.65399968519616,0.786120621488733,0.690356696802883,-0.0217980889527696,2.89687648427626,2.39630773370389,-1.03772175139607,0.0433797502142576,,0.33475293019902,-0.255504889051997,0.310368985616777,1.08753595384627,0.129333333333333,0.133333333333333,0.866666666666667,191,197.833333333333,1.74930243182745,2.22023060361186,450,52,7.4775641025641,0.0121314205651533,0.725206600551389,0.0234921523926758,0.622526580080941,0.206,2,2.33333333333333,0.326666666666667,0.731666666666667,0.722468782228692,0.739217451841839,0.978519923436876,2.32471868311498,0.910835111713249,0.0833333333333333,0.696785576704244,0.759992481768565,1,radial,500,mixed,6,252372
0.584177555188029,0.633210714692274,0.635699907440578,0.649080671341047,0.661486387853262,0.603245720927239,0.823882373443519,0.00238995590349425,3.00101260958465,4.28841605098067,-0.988860691310487,0.0449896699582285,,0.323953410100245,-0.0895804273232324,0.373583366825972,1.02656366584822,0.058,0.023,0.977,165.5,158.833333333333,1.36945899734736,1.84777787645532,333.333333333333,52,6.23717948717949,0.0129122051263082,0.851180055330291,0.015103835933476,0.620356639262992,0.247833333333333,2,2.66666666666667,0.33,0.311666666666667,0.866815420334417,0.87366073385272,0.992934464934864,2.96248176183044,0.802344084482549,0.0512820512820513,0.40299697889514,0.553749655035575,0.172574157868276,additive,200,linear,5,557201
0.584177555188029,0.633210714692274,0.635699907440578,0.649080671341047,0.661486387853262,0.603245720927239,0.823882373443519,0.00238995590349425,3.00101260958465,4.28841605098067,-0.988860691310487,0.0449896699582285,,0.323953410100245,-0.0895804273232324,0.373583366825972,1.02656366584822,0.058,0.023,0.977,165.5,158.833333333333,1.36945899734736,1.84777787645532,333.333333333333,52,6.23717948717949,0.0129122051263082,0.851180055330291,0.015103835933476,0.620356639262992,0.247833333333333,2,2.66666666666667,0.33,0.311666666666667,0.866815420334417,0.87366073385272,0.992934464934864,2.96248176183044,0.802344084482549,0.0512820512820513,0.40299697889514,0.553749655035575,0.172574157868276,additive,1000,mixed,5,557201
0.674049112587853,0.679479656582169,0.684071851471045,0.677356342357429,0.657589673214099,0.597407919205777,0.624157549952086,0.0517371630869578,2.9652176157337,0.387793871605247,-1.01304133925831,0.0436750946857581,,0.216400529859447,-0.710954888763509,0.343191278963161,1.04222004623776,0.04,0.0241111111111111,0.975888888888889,225.166666666667,231.666666666667,1.57121631441735,1.87285104695631,466.666666666667,52,8.78525641025641,0.0136510733369512,0.663238722721117,0.0181386587609744,0.638653830830684,0.226,2,7,0.343333333333333,0.938333333333333,0.671085518457915,0.66020713311765,1.01700098330577,2.71839755602293,0.834558490742271,0.0673076923076923,0.331670303721485,0.452788945515879,0,cross,300,linear,3,132328
0.674049112587853,0.679479656582169,0.684071851471045,0.677356342357429,0.657589673214099,0.597407919205777,0.624157549952086,0.0517371630869578,2.9652176157337,0.387793871605247,-1.01304133925831,0.0436750946857581,,0.216400529859447,-0.710954888763509,0.343191278963161,1.04222004623776,0.04,0.0241111111111111,0.975888888888889,225.166666666667,231.666666666667,1.57121631441735,1.87285104695631,466.666666666667,52,8.78525641025641,0.0136510733369512,0.663238722721117,0.0181386587609744,0.638653830830684,0.226,2,7,0.343333333333333,0.938333333333333,0.671085518457915,0.66020713311765,1.01700098330577,2.71839755602293,0.834558490742271,0.0673076923076923,0.331670303721485,0.452788945515879,0,cross,500,quadratic,3,132328
0.630253734512691,0.735799020551563,0.746729542472153,0.831974920701422,0.807212372375356,0.730771083816645,0.80368442064783,0.0483721901726339,2.94256827718788,2.48352980451088,-1.00269112648173,0.0150127504762818,,0.942999702703567,-0.0615371503482276,0.489221389218379,1.91344449972567,0.155333333333333,0.105333333333333,0.894666666666667,249.833333333333,266.5,3.89302666012756,5.03102984846745,583.333333333333,52,9.92948717948718,0.00918862917880244,0.814234367415476,0.0346295307103174,0.625127748168348,0.2145,2,1.33333333333333,0.353333333333333,1.40333333333333,0.795559254855516,0.839458698448355,0.947415051365433,3.4518371612711,1.07242998567662,0.134615384615385,0.331180896988218,0.441045856623867,0,cross,1000,mixed,4,199800
0.630253734512691,0.735799020551563,0.746729542472153,0.831974920701422,0.807212372375356,0.730771083816645,0.80368442064783,0.0483721901726339,2.94256827718788,2.48352980451088,-1.00269112648173,0.0150127504762818,,0.942999702703567,-0.0615371503482276,0.489221389218379,1.91344449972567,0.155333333333333,0.105333333333333,0.894666666666667,249.833333333333,266.5,3.89302666012756,5.03102984846745,583.333333333333,52,9.92948717948718,0.00918862917880244,0.814234367415476,0.0346295307103174,0.625127748168348,0.2145,2,1.33333333333333,0.353333333333333,1.40333333333333,0.795559254855516,0.839458698448355,0.947415051365433,3.4518371612711,1.07242998567662,0.134615384615385,0.331180896988218,0.441045856623867,0,cross,500,linear,4,199800
0.897228322006383,0.883971361939145,0.888233721612974,0.890952211822214,0.907028763749639,0.942341435058216,0.636066809467056,0.0517201852725649,3.03237146107651,0.631561365953077,-1.01865793815512,0.0238738918619316,,0.887320700725466,-1.61800271335629,0.46475247194357,1.90892125610679,0.07,0.0428333333333334,0.957166666666667,483.5,473.666666666667,4.89256288411999,5.90505167003011,1000,52,18.4070512820513,0.00906151477013491,0.658554476512033,0.0688276101179917,0.665958251390687,0.096,2,1.5,0.475,1.76166666666667,0.651621907900859,0.667569001310169,0.98245734921834,2.71140109178056,0.884807746258661,0.0865384615384616,0.199294426759014,0.284212237541606,0.166666666666667,enclave,1000,quadratic,6,726397
0.897228322006383,0.883971361939145,0.888233721612974,0.890952211822214,0.907028763749639,0.942341435058216,0.636066809467056,0.0517201852725649,3.03237146107651,0.631561365953077,-1.01865793815512,0.0238738918619316,,0.887320700725466,-1.61800271335629,0.46475247194357,1.90892125610679,0.07,0.0428333333333334,0.957166666666667,483.5,473.666666666667,4.89256288411999,5.90505167003011,1000,52,18.4070512820513,0.00906151477013491,0.658554476512033,0.0688276101179917,0.665958251390687,0.096,2,1.5,0.475,1.76166666666667,0.651621907900859,0.667569001310169,0.98245734921834,2.71140109178056,0.884807746258661,0.0865384615384616,0.199294426759014,0.284212237541606,0.166666666666667,enclave,1000,mixed,6,726397
0.673879580312843,0.719836845435413,0.725058394582181,0.744872853782449,0.721760980081017,0.636825224361576,0.78099138580866,0.0194337707236393,2.88826039908361,2.18324205326598,-0.994095657893731,0.0386293306060245,,0.659921255571686,-0.0327967238715107,0.255255492124407,1.66392506247333,0.0872,0.056,0.944,197.2,216.6,3.14468463207126,4.20369349438613,440,52,7.95769230769231,0.0116608136490865,0.803517829295557,0.0394762880199216,0.542603378171552,0.2882,2,3.2,0.424,1.252,0.815724226392907,0.823154365366131,0.992246285545,3.37694727465226,1.31706036395523,0.234615384615385,0.397803533730452,0.504826401318258,0.2,random,200,mixed,4,242335
0.673879580312843,0.719836845435413,0.725058394582181,0.744872853782449,0.721760980081017,0.636825224361576,0.78099138580866,0.0194337707236393,2.88826039908361,2.18324205326598,-0.994095657893731,0.0386293306060245,,0.659921255571686,-0.0327967238715107,0.255255492124407,1.66392506247333,0.0872,0.056,0.944,197.2,216.6,3.14468463207126,4.20369349438613,440,52,7.95769230769231,0.0116608136490865,0.803517829295557,0.0394762880199216,0.542603378171552,0.2882,2,3.2,0.424,1.252,0.815724226392907,0.823154365366131,0.992246285545,3.37694727465226,1.31706036395523,0.234615384615385,0.397803533730452,0.504826401318258,0.2,random,500,linear,4,242335
0.78346646431554,0.786733776063276,0.780391178949028,0.774881678287546,0.784507632791751,0.787302373563615,0.613268708503265,-0.0153640319138719,3.05437020156764,0.303497300968711,-0.990806390418783,0.0459122811302797,,1.51603277679537,-1.97466566937051,0.276695221948959,2.51009102093518,0.076,0.105333333333333,0.894666666666667,399,385.666666666667,2.38028401474775,2.80358274292042,866.666666666667,52,15.0897435897436,0.0131000346332157,0.642609218101045,0.0302335123505236,0.601242599289922,0.278833333333333,2,2.33333333333333,0.318333333333333,1.475,0.68885834871116,0.615725672107161,1.11600793887774,4.81160835629268,0.892398156354341,0.0673076923076923,0.309000840909554,0.411179946997824,0,additive,200,mixed,6,287016
0.78346646431554,0.786733776063276,0.780391178949028,0.774881678287546,0.784507632791751,0.787302373563615,0.613268708503265,-0.0153640319138719,3.05437020156764,0.303497300968711,-0.990806390418783,0.0459122811302797,,1.51603277679537,-1.97466566937051,0.276695221948959,2.51009102093518,0.076,0.105333333333333,0.894666666666667,399,385.666666666667,2.38028401474775,2.80358274292042,866.666666666667,52,15.0897435897436,0.0131000346332157,0.642609218101045,0.0302335123505236,0.601242599289922,0.278833333333333,2,2.33333333333333,0.318333333333333,1.475,0.68885834871116,0.615725672107161,1.11600793887774,4.81160835629268,0.892398156354341,0.0673076923076923,0.309000840909554,0.411179946997824,0,additive,1000,quadratic,6,287016
0.770447305288995,0.809788802193283,0.835164704412958,0.86803406457545,0.828201433676947,0.853529490669036,0.834545457397111,-0.0115763027040542,2.75122708972152,4.02531283215694,-0.986280713610944,0.0569436990109043,,6.23157683449742,-0.121076332759541,0.339225377069135,4.94199247619002,0.404444444444444,0.341111111111111,0.658888888888889,95.1666666666667,91.1666666666667,3.92814488304078,4.93468533612229,283.333333333333,52,3.58333333333333,0.0133707010804251,0.864488278623908,0.0827091183137371,0.584662593527103,0.0925,1,1.83333333333333,0.45,1.65833333333333,0.882111422527944,0.886459340378902,0.998377892777509,5.78531622174169,2.30822138475987,0.528846153846154,0.386118394188138,0.532512011382912,0.166792357968829,linear,200,mixed,4,756366
0.770447305288995,0.809788802193283,0.835164704412958,0.86803406457545,0.828201433676947,0.853529490669036,0.834545457397111,-0.0115763027040542,2.75122708972152,4.02531283215694,-0.986280713610944,0.0569436990109043,,6.23157683449742,-0.121076332759541,0.339225377069135,4.94199247619002,0.404444444444444,0.341111111111111,0.658888888888889,95.1666666666667,91.1666666666667,3.92814488304078,4.93468533612229,283.333333333333,52,3.58333333333333,0.0133707010804251,0.864488278623908,0.0827091183137371,0.584662593527103,0.0925,1,1.83333333333333,0.45,1.65833333333333,0.882111422527944,0.886459340378902,0.998377892777509,5.78531622174169,2.30822138475987,0.528846153846154,0.386118394188138,0.532512011382912,0.166792357968829,linear,300,linear,4,756366
0.852930534008939,0.864559480123176,0.901771551526076,0.834642321792454,0.847366761841346,0.839957793781035,0.733210446452688,-0.00648861525713383,3.0458326350897,1.93312787085391,-0.98489510462991,0.0198284932576186,,0.965768634429022,-0.70801428246237,0.237581896868273,1.70256395670871,0.180666666666667,0.125833333333333,0.874166666666667,396.666666666667,410.5,2.21379357554267,2.9086131668701,916.666666666667,52,15.5224358974359,0.00850032446772087,0.746617254759615,0.0304414601470129,0.614474819598919,0.291,1,7,0.408333333333333,0.996666666666667,0.750183873901604,0.756888261909997,0.997023918445302,4.89866915022729,2.9122305756192,0.733974358974359,0.600605070105718,0.659121935772747,0.833333333333333,s_shaped,500,linear,3,216946
0.852930534008939,0.864559480123176,0.901771551526076,0.834642321792454,0.847366761841346,0.839957793781035,0.733210446452688,-0.00648861525713383,3.0458326350897,1.93312787085391,-0.98489510462991,0.0198284932576186,,0.965768634429022,-0.70801428246237,0.237581896868273,1.70256395670871,0.180666666666667,0.125833333333333,0.874166666666667,396.666666666667,410.5,2.21379357554267,2.9086131668701,916.666666666667,52,15.5224358974359,0.00850032446772087,0.746617254759615,0.0304414601470129,0.614474819598919,0.291,1,7,0.408333333333333,0.996666666666667,0.750183873901604,0.756888261909997,0.997023918445302,4.89866915022729,2.9122305756192,0.733974358974359,0.600605070105718,0.659121935772747,0.833333333333333,s_shaped,1000,mixed,3,216946
0.639941833611331,0.633435058093872,0.643535558164922,0.661946387482136,0.616384650236352,0.633480042513802,0.721898988652575,-0.0113045304899052,3.24896767576772,2.78031589937152,-1.04716542438386,0.0799083625670821,,0.44299888346356,-0.11383690477456,0.402948529722811,0.9985815141487,0.0722222222222222,0.0327777777777778,0.967222222222222,99.5,107.833333333333,0.808505752000977,1.1462018098963,216.666666666667,52,3.98717948717949,0.0177493774583744,0.779772387000277,0.0110158402701194,0.615423843448864,0.345555555555556,2,7.33333333333333,0.406666666666667,0.168333333333333,0.813242069496308,0.776020122737554,1.05390328269107,2.83909234016435,1.34313803413665,0.262820512820513,0.600187092953027,0.702330975283718,0.833333333333333,random,200,mixed,4,18637
0.639941833611331,0.633435058093872,0.643535558164922,0.661946387482136,0.616384650236352,0.633480042513802,0.721898988652575,-0.0113045304899052,3.24896767576772,2.78031589937152,-1.04716542438386,0.0799083625670821,,0.44299888346356,-0.11383690477456,0.402948529722811,0.9985815141487,0.0722222222222222,0.0327777777777778,0.967222222222222,99.5,107.833333333333,0.808505752000977,1.1462018098963,216.666666666667,52,3.98717948717949,0.0177493774583744,0.779772387000277,0.0110158402701194,0.615423843448864,0.345555555555556,2,7.33333333333333,0.406666666666667,0.168333333333333,0.813242069496308,0.776020122737554,1.05390328269107,2.83909234016435,1.34313803413665,0.262820512820513,0.600187092953027,0.702330975283718,0.833333333333333,random,300,linear,4,18637
0.70306431340967,0.722239919187084,0.709351578988602,0.680626431902986,0.728027242469284,0.677933619773024,0.662457956937001,-0.0216808976894915,2.9643807412516,1.68828140540332,-0.973895254735918,0.0497996210181611,,1.05601980231746,-1.36614523509451,0.311699396674819,2.05125275496067,0.235333333333333,0.256,0.744,171.166666666667,171.333333333333,3.08231684934239,3.74050432206303,450,52,6.58653846153846,0.0151812421406577,0.704267701255505,0.0461814512507268,0.625571265679589,0.201666666666667,1,7.33333333333333,0.36,1.75166666666667,0.717199041290825,0.705326277354782,1.01993291675706,3.02784124598443,1.08259199072552,0.121794871794872,0.322412074464914,0.4536096327803,0.00012569130216189,s_shaped,500,quadratic,5,147
0.70306431340967,0.722239919187084,0.709351578988602,0.680626431902986,0.728027242469284,0.677933619773024,0.662457956937001,-0.0216808976894915,2.9643807412516,1.68828140540332,-0.973895254735918,0.0497996210181611,,1.05601980231746,-1.36614523509451,0.311699396674819,2.05125275496067,0.235333333333333,0.256,0.744,171.166666666667,171.333333333333,3.08231684934239,3.74050432206303,450,52,6.58653846153846,0.0151812421406577,0.704267701255505,0.0461814512507268,0.625571265679589,0.201666666666667,1,7.33333333333333,0.36,1.75166666666667,0.717199041290825,0.705326277354782,1.01993291675706,3.02784124598443,1.08259199072552,0.121794871794872,0.322412074464914,0.4536096327803,0.00012569130216189,s_shaped,200,linear,5,147
0.578884082994683,0.597509370943812,0.680032216368842,0.618346114091454,0.616077315286583,0.735804701036236,0.818405927978953,0.0167147870982004,2.95422717876878,6.24834900289781,-1.02999452994097,0.0490689986006384,,2.43655018782447,-0.323503238312156,0.240248797575801,2.41878264163648,0.181333333333333,0.067,0.933,136.8,127.4,2.60176823951541,3.8021484373257,280,52,5.08076923076923,0.0113290356731638,0.843557792705944,0.0296292349974013,0.692634873281078,0.134333333333333,2,2.4,0.396,0.41,0.858691126413301,0.863448633234412,0.996269568020062,2.80009593096375,0.856688381015378,0.0461538461538462,0.222658792492959,0.388693721808556,0.2,random,300,mixed,6,789639
0.578884082994683,0.597509370943812,0.680032216368842,0.618346114091454,0.616077315286583,0.735804701036236,0.818405927978953,0.0167147870982004,2.95422717876878,6.24834900289781,-1.02999452994097,0.0490689986006384,,2.43655018782447,-0.323503238312156,0.240248797575801,2.41878264163648,0.181333333333333,0.067,0.933,136.8,127.4,2.60176823951541,3.8021484373257,280,52,5.08076923076923,0.0113290356731638,0.843557792705944,0.0296292349974013,0.692634873281078,0.134333333333333,2,2.4,0.396,0.41,0.858691126413301,0.863448633234412,0.996269568020062,2.80009593096375,0.856688381015378,0.0461538461538462,0.222658792492959,0.388693721808556,0.2,random,200,mixed,6,789639
0.527204937763267,0.537041987119911,0.536262605638411,0.573869037661547,0.532174690208311,0.56925698232931,0.777447989758498,-0.00379017979598687,2.99392515482667,2.72307887692637,-0.995929236289834,0.0303805667087534,,0.285612465120065,-0.257252180440119,0.356487438296663,1.0529896681016,0.183111111111111,0.110666666666667,0.889333333333333,152.833333333333,144.5,2.82112362243596,3.68914718038596,333.333333333333,52,5.71794871794872,0.0119905336659109,0.802053060714198,0.0310063222663362,0.607830723518781,0.304444444444444,2,1.66666666666667,0.34,1.10166666666667,0.79796651957972,0.819111778554863,0.975349666309361,2.61255540942911,0.895490296419583,0.0576923076923077,0.207969372693731,0.373109244736847,0.166666666666667,cross,500,quadratic,4,701169
0.527204937763267,0.537041987119911,0.536262605638411,0.573869037661547,0.532174690208311,0.56925698232931,0.777447989758498,-0.00379017979598687,2.99392515482667,2.72307887692637,-0.995929236289834,0.0303805667087534,,0.285612465120065,-0.257252180440119,0.356487438296663,1.0529896681016,0.183111111111111,0.110666666666667,0.889333333333333,152.833333333333,144.5,2.82112362243596,3.68914718038596,333.333333333333,52,5.71794871794872,0.0119905336659109,0.802053060714198,0.0310063222663362,0.607830723518781,0.304444444444444,2,1.66666666666667,0.34,1.10166666666667,0.79796651957972,0.819111778554863,0.975349666309361,2.61255540942911,0.895490296419583,0.0576923076923077,0.207969372693731,0.373109244736847,0.166666666666667,cross,300,linear,4,701169
0.568623763411996,0.563189364019229,0.556803535950238,0.536624930758875,0.555584292752896,0.697162513303633,0.630905718716345,0.1145183936752,3.05217798684255,0.512707087125667,-1.03499872339824,0.0495148805370828,,0.141380674000426,-0.445319259378595,0.541953008114861,0.736724098342805,0.0966666666666667,0.108833333333333,0.891166666666667,194.833333333333,203.5,1.62250404998199,1.87294732925318,450,52,7.66025641025641,0.0154527356748047,0.673978420188628,0.0147760371415081,0.631893824236372,0.228666666666667,2,7.33333333333333,0.315,0.885,0.682661725228944,0.674425202702654,1.01405644233448,2.67038408773083,0.97880579141012,0.125,0.393044161785583,0.501298037075027,0.166666666666667,radial,200,mixed,6,174736
0.568623763411996,0.563189364019229,0.556803535950238,0.536624930758875,0.555584292752896,0.697162513303633,0.630905718716345,0.1145183936752,3.05217798684255,0.512707087125667,-1.03499872339824,0.0495148805370828,,0.141380674000426,-0.445319259378595,0.541953008114861,0.736724098342805,0.0966666666666667,0.108833333333333,0.891166666666667,194.833333333333,203.5,1.62250404998199,1.87294732925318,450,52,7.66025641025641,0.0154527356748047,0.673978420188628,0.0147760371415081,0.631893824236372,0.228666666666667,2,7.33333333333333,0.315,0.885,0.682661725228944,0.674425202702654,1.01405644233448,2.67038408773083,0.97880579141012,0.125,0.393044161785583,0.501298037075027,0.166666666666667,radial,500,quadratic,6,174736
0.54045092407844,0.570815844988715,0.578980151526511,0.575523923643333,0.590280799114266,0.597135912128668,0.806133036611121,0.112492664964128,3.22248077070025,3.49671763518699,-0.976195002269528,0.0226963408498331,,0.683375552385673,-0.0665336272207772,0.413743847823901,1.76557939362154,0.279333333333333,0.206333333333333,0.793666666666667,173.5,185.333333333333,3.65446213192582,4.83507218592747,450,52,6.90064102564103,0.0106165990331835,0.824419878049189,0.0447379040126522,0.595719097607068,0.217333333333333,2,3.5,0.268333333333333,1.535,0.824563995221908,0.832868350579191,0.992164521094705,2.78166955358676,1.08163374378645,0.166666666666667,0.339056600799572,0.465215301538308,0.00012569130216189,cross,500,mixed,6,391301
0.54045092407844,0.570815844988715,0.578980151526511,0.575523923643333,0.590280799114266,0.597135912128668,0.806133036611121,0.112492664964128,3.22248077070025,3.49671763518699,-0.976195002269528,0.0226963408498331,,0.683375552385673,-0.0665336272207772,0.413743847823901,1.76557939362154,0.279333333333333,0.206333333333333,0.793666666666667,173.5,185.333333333333,3.65446213192582,4.83507218592747,450,52,6.90064102564103,0.0106165990331835,0.824419878049189,0.0447379040126522,0.595719097607068,0.217333333333333,2,3.5,0.268333333333333,1.535,0.824563995221908,0.832868350579191,0.992164521094705,2.78166955358676,1.08163374378645,0.166666666666667,0.339056600799572,0.465215301538308,0.00012569130216189,cross,200,linear,6,391301
0.725534200797557,0.71297693980416,0.748383223166124,0.724658408566546,0.730382418416164,0.785258115826738,0.690415877634793,-0.066825067342226,2.98086096886957,0.874108518353398,-0.950087141505879,0.0951107371865967,,0.63166657449004,-0.572249736451231,0.398751996661325,1.66057228275466,0.2,0.189722222222222,0.810277777777778,85.5,89.6666666666667,2.06096979738998,2.53306594644405,216.666666666667,52,3.36858974358974,0.0227011655517159,0.762395735849484,0.0535435392215657,0.598761697355589,0.205555555555556,1,7,0.451666666666667,1.285,0.788064217343197,0.78123791176722,1.00941876965191,2.77053983056074,1.28598608871006,0.230769230769231,0.700208377541996,0.785365835143066,1,bump,300,linear,6,691207
0.725534200797557,0.71297693980416,0.748383223166124,0.724658408566546,0.730382418416164,0.785258115826738,0.690415877634793,-0.066825067342226,2.98086096886957,0.874108518353398,-0.950087141505879,0.0951107371865967,,0.63166657449004,-0.572249736451231,0.398751996661325,1.66057228275466,0.2,0.189722222222222,0.810277777777778,85.5,89.6666666666667,2.06096979738998,2.53306594644405,216.666666666667,52,3.36858974358974,0.0227011655517159,0.762395735849484,0.0535435392215657,0.598761697355589,0.205555555555556,1,7,0.451666666666667,1.285,0.788064217343197,0.78123791176722,1.00941876965191,2.77053983056074,1.28598608871006,0.230769230769231,0.700208377541996,0.785365835143066,1,bump,200,quadratic,6,691207
0.593713251744747,0.565385027407874,0.628069296006527,0.571577448518862,0.576765160115448,0.720504988164299,0.727389047923668,-0.0250209870571542,2.975182736118,3.07320785504491,-1.00130287531422,0.0437339477145539,,0.578111939871921,-0.526600266190173,0.469967200136462,1.32264887385201,0.0786666666666667,0.0615,0.9385,410.166666666667,420.333333333333,1.56914642849677,2.17329612025956,866.666666666667,52,15.9711538461538,0.0109798597774372,0.756352009742011,0.0203294952706701,0.636314481751089,0.2245,2,6.66666666666667,0.41,0.37,0.764027604946466,0.776342483119667,0.987314577720605,2.4689928660267,0.728754825583754,0.0480769230769231,0.323606449160194,0.418966534238196,0,radial,200,quadratic,6,282138
0.593713251744747,0.565385027407874,0.628069296006527,0.571577448518862,0.576765160115448,0.720504988164299,0.727389047923668,-0.0250209870571542,2.975182736118,3.07320785504491,-1.00130287531422,0.0437339477145539,,0.578111939871921,-0.526600266190173,0.469967200136462,1.32264887385201,0.0786666666666667,0.0615,0.9385,410.166666666667,420.333333333333,1.56914642849677,2.17329612025956,866.666666666667,52,15.9711538461538,0.0109798597774372,0.756352009742011,0.0203294952706701,0.636314481751089,0.2245,2,6.66666666666667,0.41,0.37,0.764027604946466,0.776342483119667,0.987314577720605,2.4689928660267,0.728754825583754,0.0480769230769231,0.323606449160194,0.418966534238196,0,radial,1000,mixed,6,282138
0.586640521868096,0.574627130007422,0.598718119807742,0.614740437490096,0.609799730014442,0.656276329306807,0.853446364394175,0.0673455177349736,3.15625132447405,7.27628699609598,-0.966302878741715,0.0423215657950073,,1.99982878082341,-0.048310370904699,0.377515043038281,2.6531457576611,0.478,0.256,0.744,91.5,102,2.35404966863587,3.09226329592721,250,52,3.72115384615385,0.0132124420983326,0.881323573254557,0.0501499803327232,0.600990670460121,0.22,2,2.33333333333333,0.376666666666667,1.02166666666667,0.897548688032907,0.896250710241346,1.00047097909292,2.34279541470998,0.843903822135768,0.0576923076923077,0.374100065070865,0.551427754590459,0.1675465057818,enclave,200,linear,6,746455
0.586640521868096,0.574627130007422,0.598718119807742,0.614740437490096,0.609799730014442,0.656276329306807,0.853446364394175,0.0673455177349736,3.15625132447405,7.27628699609598,-0.966302878741715,0.0423215657950073,,1.99982878082341,-0.048310370904699,0.377515043038281,2.6531457576611,0.478,0.256,0.744,91.5,102,2.35404966863587,3.09226329592721,250,52,3.72115384615385,0.0132124420983326,0.881323573254557,0.0501499803327232,0.600990670460121,0.22,2,2.33333333333333,0.376666666666667,1.02166666666667,0.897548688032907,0.896250710241346,1.00047097909292,2.34279541470998,0.843903822135768,0.0576923076923077,0.374100065070865,0.551427754590459,0.1675465057818,enclave,500,linear,6,746455
0.913437334524477,0.916468010252291,0.907110604008629,0.921237531885327,0.92153574149292,0.808577667740938,0.641765963543259,0.029709435876091,2.98165433778181,0.970137725955289,-1.01205432580518,0.0322080542959907,,0.264019202325716,-1.03522943487364,0.599789108342489,1.13874219421348,0.118,0.112333333333333,0.887666666666667,401.833333333333,422.333333333333,1.82642384568664,2.31739876945291,916.666666666667,52,15.849358974359,0.00953251107794308,0.662972485766295,0.0249514381063409,0.615426907759546,0.425,1,0.666666666666667,0.481666666666667,0.606666666666667,0.691439656480954,0.646786333262274,1.08068455678854,5.7905167803667,1.97950294180357,0.46474358974359,0.335107886158694,0.417708380756482,0,s_shaped,500,linear,5,145711
0.913437334524477,0.916468010252291,0.907110604008629,0.921237531885327,0.92153574149292,0.808577667740938,0.641765963543259,0.029709435876091,2.98165433778181,0.970137725955289,-1.01205432580518,0.0322080542959907,,0.264019202325716,-1.03522943487364,0.599789108342489,1.13874219421348,0.118,0.112333333333333,0.887666666666667,401.833333333333,422.333333333333,1.82642384568664,2.31739876945291,916.666666666667,52,15.849358974359,0.00953251107794308,0.662972485766295,0.0249514381063409,0.615426907759546,0.425,1,0.666666666666667,0.481666666666667,0.606666666666667,0.691439656480954,0.646786333262274,1.08068455678854,5.7905167803667,1.97950294180357,0.46474358974359,0.335107886158694,0.417708380756482,0,s_shaped,1000,linear,5,145711
0.598849757230198,0.595654865601716,0.604258311898832,0.571076518203536,0.600232088749102,0.68273340844006,0.677646586420713,0.109867941453064,3.25032180347021,0.752861449547035,-1.01794664967161,0.10635649179434,,0.4633208478416,-0.580505512440909,0.478779218836019,1.4416621734581,0.056,0.042,0.958,98.4,93.2,1.58120784954207,1.78024461465686,200,52,3.68461538461539,0.0228636688535978,0.746742623905474,0.0228741572669365,0.640982993954474,0.177,2,4,0.39,0.83,0.794160161743843,0.770424581658097,1.03343339823387,2.91930381156139,0.955529117815952,0.119230769230769,0.326913451960535,0.515208415056782,0.000904977375565611,random,200,quadratic,6,114977
0.725096675223452,0.664872234919559,0.736504355800334,0.741891966164268,0.707219261456578,0.713786234353633,0.791942878126608,0.00952705471662237,2.98034994368091,2.17385646181393,-0.988016243087459,0.0216677051847751,,1.00970941113492,-0.361538627977165,0.558728046966784,1.86912911367787,0.1536,0.1172,0.8828,218.4,223,3.68389856778252,4.67121475855564,500,52,8.48846153846154,0.00944459246646203,0.804787165594249,0.0360524885218059,0.692804915936995,0.0788,2,1.8,0.296,1.334,0.809389726824383,0.81302660844046,0.995369313801508,3.63289593125018,1.20449523699513,0.196153846153846,0.280830185815885,0.402893298307344,0,random,500,linear,4,672321
0.553806154504166,0.563797351053412,0.564478631521754,0.581075414801459,0.586760073691934,0.615285532606136,0.875299547132467,0.00272722294759697,3.01574855529305,8.58488242322735,-1.01912692346512,0.0204502172674251,,0.428114114818572,-0.0545014944065266,0.235200824886554,1.2514322759157,0.307777777777778,0.171388888888889,0.828611111111111,117.166666666667,116.833333333333,1.93913770254911,2.78365013330091,283.333333333333,52,4.5,0.00983155447605843,0.893165203390315,0.0316011679241772,0.625243713932778,0.216944444444444,2,2,0.28,0.793333333333333,0.889827656434365,0.904369200374084,0.984150255767192,2.52893123897654,0.808696105963525,0.0608974358974359,0.329370533153173,0.490954160547354,0.000377073906485671,enclave,300,linear,6,487295
0.553806154504166,0.563797351053412,0.564478631521754,0.581075414801459,0.586760073691934,0.615285532606136,0.875299547132467,0.00272722294759697,3.01574855529305,8.58488242322735,-1.01912692346512,0.0204502172674251,,0.428114114818572,-0.0545014944065266,0.235200824886554,1.2514322759157,0.307777777777778,0.171388888888889,0.828611111111111,117.166666666667,116.833333333333,1.93913770254911,2.78365013330091,283.333333333333,52,4.5,0.00983155447605843,0.893165203390315,0.0316011679241772,0.625243713932778,0.216944444444444,2,2,0.28,0.793333333333333,0.889827656434365,0.904369200374084,0.984150255767192,2.52893123897654,0.808696105963525,0.0608974358974359,0.329370533153173,0.490954160547354,0.000377073906485671,enclave,200,linear,6,487295
0.687988207311596,0.692105503612852,0.656876632726696,0.720784703443697,0.699646377420493,0.782152437526158,0.717222086926711,0.113166773792171,2.87101022401845,4.80725693785136,-1.06977045980327,0.0356449975915368,,0.153013931875458,-0.346073239348529,0.397276594322824,0.815989607574534,0.114222222222222,0.0535555555555556,0.946444444444444,217.666666666667,225.666666666667,1.39150295976605,2.15430661404343,466.666666666667,52,8.52564102564102,0.0103038776880596,0.744852428097513,0.0262492378940056,0.651560386737316,0.185333333333333,2,13.5,0.426666666666667,0.51,0.745977019626357,0.757409352466465,0.986803193181431,2.33310346533458,0.767075901125579,0.0673076923076923,0.700318394233533,0.761584536614164,1,enclave,300,linear,6,301394
0.687988207311596,0.692105503612852,0.656876632726696,0.720784703443697,0.699646377420493,0.782152437526158,0.717222086926711,0.113166773792171,2.87101022401845,4.80725693785136,-1.06977045980327,0.0356449975915368,,0.153013931875458,-0.346073239348529,0.397276594322824,0.815989607574534,0.114222222222222,0.0535555555555556,0.946444444444444,217.666666666667,225.666666666667,1.39150295976605,2.15430661404343,466.666666666667,52,8.52564102564102,0.0103038776880596,0.744852428097513,0.0262492378940056,0.651560386737316,0.185333333333333,2,13.5,0.426666666666667,0.51,0.745977019626357,0.757409352466465,0.986803193181431,2.33310346533458,0.767075901125579,0.0673076923076923,0.700318394233533,0.761584536614164,1,enclave,500,mixed,6,301394
0.748346659241419,0.770063168725184,0.76763837177026,0.763688289588722,0.777102027599214,0.826922422733574,0.627317376036414,0.016173577432939,2.96675513759264,0.512336213328594,-0.989013268494724,0.0517856755199775,,0.589036124982329,-1.42376861582047,0.507495758569886,1.44984887409041,0.092,0.1054,0.8946,403.6,408.2,1.89042246037055,2.28976077868957,900,52,15.6115384615385,0.0107612384455781,0.647570045533728,0.0214426362857856,0.612256668168855,0.346,2,4.8,0.384,1.118,0.677264836479349,0.638017460629273,1.07375997747185,5.44576240175546,1.61465346955171,0.361538461538462,0.408301279461594,0.483910630133183,0.2,random,1000,mixed,6,100131
0.748346659241419,0.770063168725184,0.76763837177026,0.763688289588722,0.777102027599214,0.826922422733574,0.627317376036414,0.016173577432939,2.96675513759264,0.512336213328594,-0.989013268494724,0.0517856755199775,,0.589036124982329,-1.42376861582047,0.507495758569886,1.44984887409041,0.092,0.1054,0.8946,403.6,408.2,1.89042246037055,2.28976077868957,900,52,15.6115384615385,0.0107612384455781,0.647570045533728,0.0214426362857856,0.612256668168855,0.346,2,4.8,0.384,1.118,0.677264836479349,0.638017460629273,1.07375997747185,5.44576240175546,1.61465346955171,0.361538461538462,0.408301279461594,0.483910630133183,0.2,random,500,linear,6,100131
0.833382828706682,0.633056421635393,0.665443464613331,0.57952266556824,0.616885700512432,0.758176182220417,0.590890627717365,0.0813512910073873,3.07771439001087,0.150125316296293,-1.00764062608235,0.0526906660046289,,0.563419502721822,-0.976024765661576,0.580525919791766,1.5940642551704,0.0752,0.0912,0.9088,219.6,234.8,3.65587852764953,4.10669216726165,500,52,8.73846153846154,0.0139674923366222,0.63870088767317,0.0344483215509093,0.619677428668524,0.1896,1,4,0.28,1.76,0.650131534507187,0.633511676249032,1.02694074672232,2.2535286479911,0.695357800028219,0.0192307692307692,0.327401628912255,0.44783864038129,0,bump,500,quadratic,1,356591
0.554524844605504,0.490926676684693,0.490926676684693,0.490926676684693,0.517176643608495,0.602565116381006,0.611837100622471,0.0950698936253063,2.94782750703034,0.270240084094744,-1.02883295391801,0.0856796632141584,,0.0322766136107664,-0.188736230305658,0.606579133869795,0.338438986148529,0.096,0.072,0.928,136.2,142.2,1.02977573080593,1.17857934126885,300,52,5.35384615384615,0.0175226848309027,0.679452231434831,0.00587184081406928,0.619509459014153,0.362,2,1,0.35,0.26,0.692886275626651,0.6866082617,1.00981900183718,2.61156687532639,0.844119011254326,0.05,0.105762907806795,0.282242211126739,0,radial,300,quadratic,6,916828
0.942645397828735,0.937718372209551,0.93822764054321,0.938137255848099,0.962411436051127,0.900105639082525,0.601770330228405,0.0926936703656361,3.06109681153641,0.184794384112401,-1.0018303143608,0.0492336546701685,,0.237445537234268,-0.818852305220593,0.569715957263142,1.04031882177664,0.0768,0.1648,0.8352,206.4,211.2,1.88726946840241,2.22810335456426,500,52,8.03076923076923,0.0151149113334505,0.646978540763603,0.0326376262384076,0.630226527803533,0.18,1,8,0.44,1.08,0.643541648820081,0.662094642974672,0.97230847852593,1.84570053147162,0.687889419135597,0.0346153846153846,0.691348092713571,0.750899480887289,1,bump,500,quadratic,5,679365
0.790360302393565,0.807828206814797,0.813068892248758,0.809286482620785,0.822013781926995,0.669092641586841,0.630918190011189,0.064527375021239,3.0405615615509,0.329125082761139,-1.01779703277857,0.0718611674998581,,0.30314776247145,-0.812322650308056,0.471474634931769,1.22170748707071,0.064,0.0646666666666667,0.935333333333333,137.2,143.4,1.32407445400674,1.54243938215292,300,52,5.39615384615385,0.0189225329368249,0.690095757932289,0.0137867126584436,0.650364526543748,0.286,2,2,0.5,0.49,0.701836034467602,0.685844430608987,1.02376096373684,2.19419495465978,0.81942697488869,0.0576923076923077,0.32978381077068,0.478311801919334,0.000452488687782805,cross,300,quadratic,5,325045
0.623350747336705,0.657971483769756,0.645626080897419,0.649985166031045,0.638884826630541,0.654088191435351,0.600171830222119,0.148111555972796,3.09011550812786,0.166865487677653,-1.00711489127917,0.0432165334384967,,0.212678733900948,-0.774638364613518,0.457368076121426,0.901212739284653,0.0336,0.0304,0.9696,240.4,244.4,2.14083858536356,2.62364977512835,500,52,9.32307692307692,0.0136318940802457,0.642745965639225,0.0244397225291512,0.613537226897183,0.2268,1,8,0.36,1.38,0.652905893189052,0.632832604382937,1.03208794974069,3.09175395362805,1.60596705479223,0.326923076923077,0.693412783473264,0.757377352895192,1,s_shaped,500,quadratic,2,170240
0.663938126933179,0.674578826175169,0.655565421903753,0.660129752773134,0.667057586171879,0.647812971949191,0.632359491889617,0.00954922946414249,3.12786286600874,0.280772586792755,-0.983600633116079,0.0638061611140667,,1.02172907479011,-1.66488736952013,0.572885160332345,2.37169762183426,0.1088,0.1824,0.8176,204.8,204,4.61103027239762,5.17763073371461,500,52,7.86153846153846,0.0149009162766914,0.671317485623072,0.0337392657473351,0.589979664304287,0.2876,2,4,0.39,1.95,0.724371857611997,0.663519772270909,1.09203179293805,2.91712618446373,0.719764823776854,0.0346153846153846,0.701323931928432,0.755276424415574,1,additive,500,quadratic,2,335100
0.588203655761424,0.571334035946513,0.577052683554019,0.578581480177499,0.585058218266876,0.636812443508797,0.793102800041036,0.10498558212014,3.03569106936484,5.29291960046912,-1.0340723910136,0.062921895015833,,1.94733837480183,-0.0663070127972145,0.388925570114924,2.27849300203129,0.276,0.189,0.811,83,79.2,2.46874803979326,3.4157929661384,200,52,3.11923076923077,0.0169913160466715,0.842636739090484,0.0518150289302779,0.557250317479692,0.257,1,4,0.33,1.27,0.860937855819946,0.857229963289076,1.00954079015485,2.77945900061877,1.14017948106511,0.138461538461538,0.329734575647075,0.520118156685394,0.00226244343891403,s_shaped,200,mixed,6,639567
0.630072162323373,0.634165165661562,0.633968665592886,0.624497141449244,0.618039379450055,0.690813987821626,0.676830278690772,0.0480939362232608,3.05885797757652,0.627616155940559,-1.01987256862923,0.10091299477789,,0.0734457020351034,-0.157379298612012,0.476675522631438,0.563920692930019,0.104,0.081,0.919,90.2,93.6,1.83745554290506,2.00522883486295,200,52,3.53461538461538,0.0233480604223021,0.749485250353713,0.0231555469652135,0.619529382126226,0.249,2,8,0.29,0.99,0.775137629624905,0.781319239585765,0.992461587159742,2.11830452021443,0.803128197488175,0.0423076923076923,0.720194295734795,0.802618241579038,1,enclave,200,quadratic,6,826179
0.590866174563448,0.566150294914233,0.611295988005847,0.589424762759691,0.580556569439934,0.618362007245939,0.80465834331407,-0.111026083392529,3.29626203714712,4.52994420529258,-0.981681072540647,0.0562042926032148,,0.745877373330741,0.0340903831776025,0.341645107973638,1.55265597116438,0.096,0.033,0.967,97,96.4,1.48604158675141,2.34425848985625,200,52,3.71923076923077,0.0144750519551055,0.842515848774638,0.0317468798843372,0.610545370502484,0.267,1,16,0.49,0.52,0.855570049854723,0.876913161290403,0.980409035567024,2.69978809490353,0.853417058621755,0.0923076923076923,0.329962777881201,0.504985220818356,0.000904977375565611,s_shaped,200,mixed,6,337694
0.72016694538385,0.740985914476221,0.740985914476221,0.757897774924409,0.753558044558745,0.905586252190978,0.60161626932722,0.106614608036857,2.96455406546552,0.181270478228917,-0.998837729954556,0.0518136847058631,,0.844283269972603,-1.59152168127211,0.645371096255098,2.07125699506889,0.1104,0.1492,0.8508,214.8,210.6,2.19189612525063,2.76784936404332,500,52,8.18076923076923,0.0148949269043294,0.646332596295026,0.0376658744982803,0.674833096693556,0.084,2,2,0.49,1.4,0.651675238133708,0.651421054318564,1.00192792554296,2.35515658374516,0.953421718778172,0.115384615384615,0.708539782361437,0.765686161174515,1,enclave,500,quadratic,6,346687
0.754167508727985,0.775344221757901,0.764528093038329,0.797523945320598,0.791969566382523,0.685072880318115,0.752305525873224,0.11557255788724,3.09140931176107,1.98191921016964,-1.12550318217841,0.0453477854729144,,0.140324120943962,-0.196238152091432,0.317917887787258,0.750247762209753,0.101333333333333,0.064,0.936,143.8,137,0.938824536538791,1.28765240538854,300,52,5.4,0.0140559967069102,0.784631687036686,0.012365036983711,0.639565843973189,0.245333333333333,2,0,0.49,0.06,0.792154314747137,0.798129498985356,0.995120156364919,2.31392094404437,0.750054085863011,0.0384615384615385,0.328752377409973,0.468375343340528,0,cross,300,mixed,4,728607
0.953643475800073,0.972035542052558,0.956642227678916,0.97077848216041,0.969435191031954,0.905250611423841,0.684597123682642,0.0946473272941539,2.82690326398789,1.038006267702,-1.00544640593216,0.0138100581820317,,0.131512558929344,-0.260412489908018,0.320284862466917,0.670828254487879,0.0576,0.048,0.952,484.4,467.6,1.65338739609995,2.09661661268448,1000,52,18.3076923076923,0.00853678069006037,0.700671740666206,0.0269834362837471,0.624249222105784,0.3322,1,1,0.48,0.61,0.677042256453848,0.7337161540727,0.929540452704293,2.27463779159004,0.745698415319468,0.0538461538461538,0.332992816652759,0.412084880335458,0,bump,1000,mixed,2,303196
0.762038517234749,0.790251605359276,0.782375094633804,0.784560225011644,0.747795848387165,0.839313705063669,0.825753702762479,0.00498419669914016,2.99565517420286,6.42771220805889,-0.985692378662764,0.0139972770089558,,0.260170591775404,-0.104402479976499,0.400860022297004,1.07061642287292,0.3208,0.168,0.832,410,422,1.63519409864548,2.6388016491339,1000,52,16,0.00586020556223099,0.831221202944477,0.0249685529624164,0.648994997985046,0.1508,2,16,0.44,0.57,0.825414994246021,0.853286306354024,0.966409217655433,2.2925922060417,0.883309477210074,0.0923076923076923,0.697753358704306,0.739343902910325,1,radial,1000,linear,6,91226
0.560367470763086,0.609456476583012,0.644010986276569,0.625024183205416,0.648234039361645,0.627245178722867,0.832946255566639,-0.0219346817236836,2.88161208624221,7.16034268375497,-1.01877361817788,0.0306817431451716,,0.35484932859994,-0.200795624999913,0.474076682120929,1.23379332979535,0.354666666666667,0.194666666666667,0.805333333333334,120,121.6,2.72827493905878,4.11453057641922,300,52,4.64615384615385,0.0114744968436812,0.85743497711718,0.0470221790813275,0.605836753043562,0.188,2,2,0.34,1.21,0.85552704290257,0.877111636219473,0.973879790108463,2.27136608315756,0.789281664724869,0.0346153846153846,0.332940320839869,0.483744179179535,0.00105580693815988,enclave,300,mixed,5,63146
0.646138060164885,0.645470519428594,0.661851484357058,0.665645554097362,0.703874660332176,0.693062530715305,0.73282983933859,0.0768524689061777,3.02469339691018,1.13341835767113,-1.02064934517721,0.0438014395542126,,0.278900732009641,-0.381867234263216,0.359774872660371,1.05666360231438,0.141333333333333,0.124,0.876,129.8,133,3.34164717855522,3.85288274333845,300,52,5.05384615384615,0.0163245095144827,0.767279574705912,0.0266605004949765,0.640027252258134,0.246,2,2,0.27,1.21,0.775169668507039,0.779870948868982,0.993868755180669,2.05048857607603,0.780118292178481,0.0384615384615385,0.703469622877296,0.776642426826066,1,cross,300,linear,5,485348
0.646681684968622,0.703249724414852,0.665226777655355,0.691301567790976,0.68927610268681,0.685575357427894,0.872883794754865,-0.0228938010410753,3.19204230816864,9.07135472820438,-1.02508273428252,0.043229883209986,,2.23217134493426,-0.0953707122597517,0.506441492453269,1.82006001072079,0.168,0.083,0.917,88.2,95.2,1.27154353380148,2.25740889884011,200,52,3.52692307692308,0.0100309153160435,0.896732315214708,0.0393893654348826,0.602026071442453,0.216,2,8,0.45,0.41,0.923738569318634,0.914553437108065,1.00978783420828,2.91990177653096,0.821137464357633,0.0653846153846154,0.105235972446269,0.335601053416972,0,additive,200,linear,2,32194
0.677289877015526,0.672963832004482,0.677463196453002,0.671561311717543,0.679725791016686,0.664934027638848,0.631983054317259,0.117701268748993,3.04022300523465,0.302520171945277,-0.998441416176863,0.0684551825625954,,0.153341596309443,-0.501566203066664,0.313437669028008,0.874097820396532,0.0266666666666667,0.018,0.982,147.6,147,1.38766731474698,1.52383730520432,300,52,5.66538461538462,0.0183020332344062,0.687147930972297,0.0101347466977328,0.625467494272965,0.37,1,4,0.3,0.59,0.712669691565299,0.680940056619271,1.04765661376314,2.63245044988009,1.17544591869832,0.126923076923077,0.694111430974655,0.769676761553695,1,s_shaped,300,quadratic,5,326739
0.650024524778327,0.583181812773843,0.592635077075098,0.594644356757935,0.627551799925906,0.545816675588567,0.636498150125545,0.121630932924639,3.11417279846885,0.377883702599499,-0.996069640125323,0.0647205530626291,,0.0360543839877226,-0.212478583668542,0.621145760709176,0.404390602419067,0.0613333333333333,0.0586666666666667,0.941333333333333,137.6,144.8,0.677114636473827,0.767053735817296,300,52,5.43076923076923,0.0179585961142938,0.690532614308889,0.00369432196022038,0.622069497419981,0.272,2,2,0.45,0.02,0.712138185388414,0.689470186234623,1.0335424947035,2.53713422963127,0.894011251693958,0.0769230769230769,0.330312845820446,0.490133781042477,0.000150829562594268,cross,300,quadratic,1,293947
0.618823643950843,0.642698046898827,0.636626855198623,0.641038787988241,0.63165417312692,0.657429688673447,0.596325741078099,0.1247076964014,3.08413368324574,0.162071027735909,-1.02147894763556,0.0484939145624038,,0.0209491639351259,-0.181499930054993,0.493100178289458,0.273367130574444,0.0272,0.0256,0.9744,246.2,241,1.02398298876564,1.16079583961329,500,52,9.36923076923077,0.0148095835186213,0.639246179622367,0.00612853298769791,0.625425095964178,0.262,1,2,0.32,0.36,0.642042758677006,0.647557498888016,0.992133202564824,2.35031739953961,0.840721444695219,0.0576923076923077,0.322786717851803,0.437090680320753,0,s_shaped,500,quadratic,6,530952
0.554831967194761,0.586888081382813,0.578819208058607,0.584249065803982,0.589782170977916,0.566503363691072,0.685980768030439,0.0681304688379306,3.20403680909104,0.854494624717306,-0.989157385076977,0.0310375908064131,,0.561039347460813,-0.225724737847982,0.323398043286351,1.54359427368951,0.1376,0.2312,0.7688,194.4,190,3.02693743493732,3.44978552577237,500,52,7.39230769230769,0.0132452679319274,0.715417640801381,0.0235017463335366,0.574018341031517,0.25,2,4,0.27,1.47,0.722685798105454,0.709858859239217,1.02343799551449,2.07736544349146,0.79415499691781,0.0461538461538462,0.694671257338245,0.749632582935431,1,additive,500,mixed,5,47499
0.575400046000859,0.545801421835211,0.569555477348217,0.661633308248893,0.641893808136308,0.700843038154572,0.838751101385732,-0.0103551878024123,3.05541937790935,4.68836693614239,-0.998698561779342,0.0448508939931819,,0.676325952582212,0.0203892705795573,0.272460758115903,1.75141133173273,0.176,0.123,0.877,90,85.4,4.19870600119786,5.43726201517497,200,52,3.37307692307692,0.0145904850955495,0.870283288360404,0.0666984258581073,0.580589233197393,0.145,1,2,0.32,1.5,0.874264519069686,0.903483434496876,0.968011790981238,2.22559195074062,0.777495251767774,0.05,0.106631073330849,0.326205443194604,0,bump,200,linear,6,735047
0.571640774122339,0.573543904123121,0.585368163129779,0.564785495184893,0.581090862885747,0.629164325204228,0.654894097260427,0.0702031749900866,2.98746220557332,0.493705579434624,-1.09950298693111,0.111189537626116,,0.110921334619962,-0.215504666565758,0.327624061622053,0.740422674415766,0.028,0.017,0.983,97.8,98.8,1.7584161545088,1.99588567300034,200,52,3.78076923076923,0.0232571739980702,0.732976249153803,0.022232043111404,0.627785133438707,0.286,2,4,0.31,1,0.772160611777002,0.754372883716626,1.02535435071959,2.19242447169882,0.908645669929167,0.0615384615384615,0.709072916802503,0.795276651962046,1,random,200,quadratic,6,691293
0.62804474149328,0.711434696837571,0.724010734212729,0.784123308655231,0.79495443672217,0.710469326536997,0.834984829285921,0.024584096904691,2.95737611758327,3.48207543683128,-0.964764269780027,0.00636151136242464,,1.31931363322577,0.331044866558663,0.206479305850974,2.36121153130123,0.1576,0.0804,0.9196,463.6,456,3.11898464232803,4.59711016273207,1000,52,17.6846153846154,0.00569910372663065,0.839328632277933,0.0285922432349685,0.533064070397701,0.3782,2,2,0.38,1.23,0.826504278201467,0.859485840197148,0.961744097133995,2.7759523764146,0.847746053105806,0.0730769230769231,0.0990788350758756,0.205704966666663,0,radial,1000,mixed,5,959683
0.610736946120241,0.612090641052312,0.612090641052312,0.677002988430334,0.625279040181786,0.868276031748572,0.598484970197452,0.0455920126538582,3.2549320193698,0.163557539549946,-0.999561403365733,0.0235126841572546,,0.41076064412815,-1.12079848416679,0.775129230182458,1.3917733059804,0.00800000000000001,0.00600000000000001,0.994,259,238,1.76251750518516,2.19007154943304,500,52,9.55769230769231,0.0143328371353417,0.637616981469296,0.0281353197859131,0.640458786475615,0.388,2,4,0.49,1.13,0.615840581436912,0.643016681789628,0.957736554707911,2.57962485867976,0.669625665172613,0.0576923076923077,0.106514634743461,0.242999277106122,0,enclave,500,quadratic,6,177982
