"family","n_train","auc_K1","auc_K2","auc_K3","auc_K4","auc_K5","oracle_optimal_K","auc_improvement"
"additive",500,0.92340248688743,0.946656044584739,0.94598291265088,0.952275646026621,0.955798336473949,5,-0.00352269044732767
"additive",500,0.944708943089431,0.954963352095059,0.921062664165103,0.931531207004378,0.947956973108193,2,-0.0234321450906817
"additive",500,0.933438233752935,0.947868291473166,0.958354833419334,0.94247576990308,0.958710334841339,5,-0.0162345649382598
"additive",500,0.904762119125004,0.91128697459783,0.90953384171686,0.888490745159002,0.881318656034829,2,-0.0227962294388274
"additive",500,0.932000468151681,0.924366494744297,0.949008978909167,0.943723766500346,0.93464382459917,3,-0.00528521240882052
"additive",500,0.908235956821158,0.919305312510318,0.893117459135883,0.887029738731789,0.872533570258667,2,-0.0322755737785289
"additive",500,0.921186039134433,0.91015764599119,0.918226663293701,0.895278952292613,0.912404783989656,1,-0.02590708684182
"additive",500,0.893875115537434,0.860476294319359,0.904997719261041,0.88495922678948,0.882242846682325,3,-0.0200384924715608
"additive",500,0.911292533752817,0.922752280541646,0.91055803723317,0.879212347546942,0.932357273516897,5,-0.0531449259699557
"additive",500,0.922559821725058,0.939160075374773,0.853209729106905,0.922734355933763,0.913005449068017,2,-0.0164257194410103
"additive",500,0.885804787660256,0.867904647435897,0.827668770032051,0.838090444711538,0.824520232371795,1,-0.0477143429487179
"additive",500,0.926632217847769,0.874826455572627,0.878928505697459,0.859518536745407,0.872630893508738,1,-0.0671136811023623
"additive",500,0.889990699872161,0.859723739151936,0.906847556989562,0.899439489604179,0.91487529920083,5,-0.0154358095966507
"additive",500,0.920354681418726,0.866509966039864,0.886805547222189,0.879637018548074,0.850137900551602,1,-0.0407176628706515
"additive",500,0.938673532556137,0.898492777915011,0.876171469889061,0.843299307243887,0.860180674634645,1,-0.0953742253122503
"additive",300,0.80909331186852,0.797252123454714,0.800201532972116,0.814779885547693,0.840382482149365,5,-0.0256025966016715
"additive",300,0.748948748948749,0.821745821745822,0.825700825700826,0.838026838026838,0.837597337597338,4,0
"additive",300,0.844254425442544,0.835805080508051,0.838891389138914,0.812977297729773,0.818377337733773,1,-0.0312771277127712
"additive",300,0.782270161725822,0.794966618798277,0.861166501994072,0.797509210331572,0.820565040341452,3,-0.0636572916624998
"additive",300,0.818532386072709,0.746608282930108,0.784882232462878,0.741659466205837,0.763594870071685,1,-0.0768729198668714
"additive",200,0.60064740258961,0.755492021968088,0.715857863431454,0.677203208812835,0.671830187320749,2,-0.0782888131552526
"additive",200,0.7132829125266,0.70925934814957,0.762894706315301,0.788010608169731,0.758032628522056,4,0
"additive",200,0.743396701334047,0.809765631659331,0.812902442962281,0.810575907724799,0.809232634470227,3,-0.00232653523748216
"additive",200,0.585673821451548,0.810301149307984,0.841042911700289,0.797402826095004,0.877532714806132,5,-0.0801298887111282
"additive",200,0.664213038537866,0.829110252224569,0.790628400870623,0.793556150374496,0.789390083861469,2,-0.0355541018500736
"additive",1000,0.897661968392702,0.878290592646841,0.887571084404852,0.896578944208997,0.902254191028458,5,-0.00567524681946052
"additive",1000,0.880811709221532,0.863630090683265,0.870468336860127,0.866367689236813,0.912014332515971,5,-0.045646643279158
"additive",1000,0.911780206021854,0.902505122546103,0.905205146846322,0.930558375025375,0.922048798439186,4,0
"additive",1000,0.694511799101545,0.86446619585678,0.858261172394676,0.845620957678147,0.864003358448309,2,-0.0188452381786323
"additive",1000,0.873443298721637,0.90631390938156,0.904912840729196,0.896214914530812,0.900437621443451,2,-0.0100989948507476
"additive",200,0.892640629000256,0.878484222990271,0.903172303027394,0.82375972062212,0.890571496575781,3,-0.0794125824052739
"additive",200,0.874858979693076,0.877009789409675,0.917274087468596,0.941044010337489,0.917414607703509,4,0
"additive",200,0.841775968415495,0.910121061936991,0.93195241123858,0.914429130866094,0.912036092577481,3,-0.017523280372486
"additive",200,0.617325092583325,0.732108898008207,0.701802622360124,0.813317485737163,0.797664397958162,4,0
"additive",200,0.847734851069322,0.95320386290354,0.928795598859097,0.924072515979547,0.937199805114055,2,-0.0291313469239934
"additive",300,0.666352665410662,0.779608118432474,0.850563902255609,0.856670926683707,0.890661062644251,5,-0.0339901359605439
"additive",300,0.746340926708509,0.816027606211398,0.861646870545873,0.873021929934235,0.875303943387262,5,-0.00228201345302692
"additive",300,0.899788038743197,0.892405905306634,0.89799151954915,0.922026465648572,0.898676717571378,4,0
"additive",300,0.669068106929713,0.835715738400302,0.86176239867515,0.836766180668055,0.86521828861565,5,-0.0284521079475951
"additive",300,0.618739968499213,0.799004975124378,0.889918247956199,0.881057026425661,0.887205680142004,3,-0.00886122153053825
"additive",1000,0.799443499149234,0.822255029526574,0.844837353618256,0.841582924632169,0.885179661695526,5,-0.043596737063357
"additive",1000,0.938326912074767,0.938892022836476,0.919478217730675,0.934537669383199,0.922478805845946,2,-0.00435435345327684
"additive",1000,0.882924356865241,0.910766177936285,0.877146951339105,0.883631334782313,0.881643991338145,2,-0.0271348431539721
"additive",1000,0.827103084213401,0.907211003172145,0.832262446743274,0.854768571454295,0.861007323643835,2,-0.0524424317178501
"additive",1000,0.745943196235647,0.877617458300413,0.85741179674975,0.894933163500833,0.899603056584464,5,-0.00466989308363153
"additive",500,0.817800770447947,0.825679896793203,0.798404458149304,0.811601056488507,0.824546443559033,2,-0.0140788403046962
"additive",500,0.750525134434415,0.807962838486653,0.847910565104667,0.878560911593368,0.868028215223097,4,0
"additive",500,0.849557628323788,0.817394552333064,0.864703870489654,0.804116901728185,0.807850084654148,3,-0.0605869687614693
"additive",500,0.83113500537621,0.760080018004051,0.777253382010953,0.811801155259933,0.802285514240704,1,-0.0193338501162762
"additive",500,0.791685133143716,0.762191126286692,0.79029802142745,0.809675566925014,0.797287103612693,4,0
"additive",1000,0.900141503537588,0.925341133528338,0.898057951448786,0.935979899497487,0.935564889122228,4,0
"additive",1000,0.86042204220422,0.91025902590259,0.879705470547055,0.896900690069007,0.898899889988999,2,-0.0133583358335834
"additive",1000,0.909347022036718,0.904840534675792,0.890247599191243,0.910842681622596,0.881359179398115,4,0
"additive",1000,0.898367632717361,0.877583456277662,0.872303268235353,0.908418394138681,0.897077342402041,4,0
"additive",1000,0.832420332420332,0.856257356257356,0.854015854015854,0.831045331045331,0.857526857526858,5,-0.0264815264815265
"additive",300,0.908896908896909,0.955874955874956,0.956578956578957,0.947270447270447,0.933321933321933,3,-0.00930850930850924
"additive",300,0.779868276553166,0.8185433937558,0.881059473766932,0.888796399278815,0.891516861862568,5,-0.00272046258375369
"additive",300,0.757922507040451,0.824034238191244,0.858694456445212,0.841253840245776,0.863679775505632,5,-0.0224259352598566
"additive",300,0.89640011033376,0.928915970811705,0.925504651571002,0.941875172396499,0.896710549411971,4,0
"additive",300,0.667526221678187,0.669301335285458,0.79539540530594,0.81673577108935,0.835160450268817,5,-0.0184246791794676
"additive",1000,0.930829270147796,0.901278102031993,0.900453455509119,0.897006753294583,0.906815943699861,1,-0.0338225168532129
"additive",1000,0.88434403737615,0.902274609098436,0.913989155956624,0.917130668522674,0.933982735930944,5,-0.0168520674082696
"additive",1000,0.914204727842551,0.89579906219156,0.887819490375413,0.933079397714579,0.895762561863057,4,0
"additive",1000,0.958080715567661,0.947884416924665,0.930268488016984,0.952186050794814,0.933840420644239,1,-0.00589466477284672
"additive",1000,0.934801130106403,0.925122942121092,0.926676237730817,0.934104324599237,0.931378673746851,1,-0.00069680550716622
"additive",200,0.769221420683695,0.810054874047756,0.757496419083285,0.792109780103707,0.794172308110876,2,-0.0179450939440496
"additive",200,0.561872879565847,0.718506453527892,0.703979633821231,0.67881573033033,0.724630622748173,5,-0.0458148924178431
"additive",200,0.735323629451781,0.783924569827931,0.790920368147259,0.823389355742297,0.794352741096439,4,0
"additive",200,0.697586996598343,0.801453189416311,0.774258459831509,0.715847495220957,0.643625122793104,2,-0.0856056941953535
"additive",200,0.745132993010477,0.769342232545949,0.729820465187933,0.768716506658904,0.754276793922606,2,-0.000625725887045236
"additive",1000,0.925689258470924,0.934846134420434,0.954210609650019,0.960993963226187,0.956385211106702,4,0
"additive",1000,0.924854831032841,0.906466093840026,0.914350559883765,0.927119917833613,0.952350509782309,5,-0.0252305919486961
"additive",1000,0.905000105088379,0.930272359053964,0.944803579810621,0.944687982593361,0.942249932192974,3,-0.000115597217259622
"additive",1000,0.888758503043616,0.948761367859372,0.957004724942629,0.954919219207488,0.95550320088068,3,-0.00208550573514077
"additive",1000,0.951260781519538,0.955511887797195,0.942741068526713,0.945314632865822,0.945828645716143,2,-0.0101972549313734
"additive",1000,0.930232756099808,0.949794002539667,0.950810470319141,0.955992953825324,0.964360035891828,5,-0.00836708206650405
"additive",1000,0.968049968049968,0.946820946820947,0.947875447875448,0.955179455179455,0.961815961815962,1,-0.0128705128705129
"additive",1000,0.96532303230323,0.96023402340234,0.962089708970897,0.958818381838184,0.965636563656366,5,-0.00681818181818183
"additive",1000,0.967580703090063,0.933271072542991,0.950100994538592,0.927481519350033,0.966690310426898,1,-0.0400991837400294
"additive",1000,0.981081291933219,0.974467995727162,0.969798080423763,0.976324359574477,0.973099727546599,1,-0.00475693235874231
"additive",500,0.917118917118917,0.92976492976493,0.926101426101426,0.895937895937896,0.909473409473409,2,-0.0338270338270338
"additive",500,0.811269535315687,0.770981949848681,0.834130958671599,0.875636499015228,0.880428756144818,5,-0.00479225712958964
"additive",500,0.823861230006758,0.788004805887212,0.845227403569372,0.84850742159145,0.831627243373132,4,0
"additive",500,0.722138997003892,0.850218607869883,0.862138536987332,0.86675170306131,0.885536879327656,5,-0.0187851762663456
"additive",500,0.770718237570658,0.86066773297483,0.883085711770702,0.876807397337831,0.905596717451343,5,-0.0287893201135128
"additive",500,0.917785862619489,0.941500546176961,0.949773226525394,0.960945346292199,0.948818917329215,4,0
"additive",500,0.923334333733493,0.900771808723489,0.90453831532613,0.938541416566627,0.930398159263706,4,0
"additive",500,0.935534529799004,0.920310380215764,0.978656354033691,0.968404295261696,0.974229931666291,3,-0.0102520587719956
"additive",500,0.933879174484053,0.93414684177611,0.918448030018762,0.939131457160725,0.946659161976235,5,-0.00752770481550968
"additive",500,0.890528089359271,0.960351025692591,0.948486749490481,0.930590282259315,0.941686151974394,2,-0.0297607434332762
"additive",300,0.80119849033043,0.893572697873975,0.924363433337603,0.920302594294313,0.934554803566854,5,-0.014252209272541
"additive",300,0.889161088491707,0.862160321398889,0.898740747630463,0.930064537809075,0.904971501551688,4,0
"additive",300,0.840418669871795,0.788766526442308,0.80400641025641,0.808280248397436,0.810729166666667,1,-0.032138421474359
"additive",300,0.917343245475708,0.879171985682461,0.890732647493179,0.885510250056319,0.880445045180346,1,-0.0318329954193888
"additive",300,0.91013601360136,0.888102810281028,0.929283928392839,0.91475197519752,0.90986398639864,3,-0.0145319531953195
"additive",300,0.887565689142229,0.865916647916198,0.85625640641016,0.850076751918798,0.896758418960474,5,-0.0466816670416761
"additive",300,0.826148311758885,0.759103929320162,0.831043042954725,0.826321762905317,0.867758539962442,5,-0.0414367770571256
"additive",300,0.613680353622197,0.732654237074514,0.749999749927729,0.734105656534739,0.717789441148492,3,-0.0158940933929905
"additive",300,0.742658382534121,0.801801828829261,0.739273328373254,0.739598833581337,0.773844381510104,2,-0.0622029952479241
"additive",300,0.901731462332644,0.862354544763612,0.889089007204259,0.890861571016557,0.905690604861775,5,-0.0148290338452184
"additive",500,0.89224248291754,0.910857663503544,0.915949896785137,0.872453133251188,0.909031400521675,3,-0.0434967635339489
"additive",500,0.878235707085253,0.886184715821813,0.836678547427035,0.914937556003584,0.919038318452381,5,-0.00410076244879665
"additive",500,0.934388140075455,0.915380414561254,0.941314997739557,0.906772227356562,0.905704518085545,3,-0.034542770382995
"additive",500,0.832053328213313,0.940400761603046,0.924021696086784,0.926009204036816,0.940358761435046,2,-0.0143915575662302
"additive",500,0.865906472148169,0.880516882885462,0.946435167897841,0.919187495182254,0.941580381034947,3,-0.0272476727155873
"additive",500,0.868155539621441,0.853010797529079,0.892390227121129,0.881816709018742,0.866420954626777,3,-0.010573518102387
"additive",500,0.912504400281618,0.918706797235023,0.931226598502304,0.886358226926523,0.88727528561828,3,-0.0448683715757808
"additive",500,0.825000825297933,0.891843955667996,0.920224200936538,0.830702883741031,0.913759367131534,3,-0.0895213171955076
"additive",500,0.910591703010893,0.848487850072688,0.889373478570164,0.874632180423444,0.891990863166615,1,-0.0359595225874487
"additive",500,0.833916131129504,0.861470830936961,0.8853432022205,0.842157985546748,0.841244279962992,3,-0.0431852166737515
"additive",1000,0.925501713754885,0.910754112210904,0.948828600486899,0.928506790953937,0.939475522935486,3,-0.0203218095329617
"additive",1000,0.962928627432156,0.952581465213774,0.947034610215054,0.942810839893753,0.952491959485407,1,-0.0201177875384024
"additive",1000,0.943557800505114,0.906131879672926,0.93409067040084,0.917687979795454,0.918622690105274,1,-0.0258698207096596
"additive",1000,0.871556376029537,0.916092979347257,0.938145773247837,0.930548999763992,0.932296562676256,3,-0.00759677348384535
"additive",1000,0.941153764615059,0.964336857347429,0.955422821691287,0.958887835551342,0.956798327193309,2,-0.00544902179608719
"additive",500,0.952703527584647,0.945402592152295,0.934577774575613,0.952343784398253,0.942680251850251,1,-0.00035974318639409
"additive",500,0.946978128860439,0.944789210023905,0.960919325857118,0.953071605621601,0.962629450032889,5,-0.00955784441128815
"additive",500,0.921252031300782,0.94547163679092,0.940350508762719,0.956030400760019,0.941292032300807,4,0
"additive",500,0.933128953537393,0.95010218989797,0.965831222944211,0.925527046526695,0.947169675285466,3,-0.0403041764175156
"additive",500,0.924881203007519,0.971663157894737,0.939848120300752,0.933688721804511,0.950103759398496,2,-0.0379744360902257
"additive",500,0.932442932442932,0.931155931155931,0.931155931155931,0.931155931155931,0.93013143013143,1,-0.00128700128700121
"additive",500,0.729332229332229,0.82023932023932,0.859290359290359,0.867279867279867,0.873543373543374,5,-0.00626350626350625
"additive",500,0.784945623640591,0.86785619640491,0.88708717717943,0.875431385784645,0.869076726918173,3,-0.0116557913947849
"additive",500,0.881038271883057,0.881795699732172,0.883855723260995,0.861821731621236,0.873038472128357,3,-0.0220339916397587
"additive",500,0.903579478550041,0.891171006413829,0.885130842701631,0.88814917378564,0.896442831288598,1,-0.0154303047644011
"additive",500,0.886850671266782,0.877571439285982,0.907256681417035,0.874474361859046,0.886044151103778,3,-0.0327823195579889
"additive",500,0.817381831713475,0.837438330018926,0.834581404375017,0.856817608905285,0.844635161792421,4,0
"additive",500,0.78145751328085,0.788228946652586,0.829552591365847,0.799226650505632,0.794921875,3,-0.0303259408602151
"additive",500,0.835381119690307,0.909109443360774,0.914227907400784,0.897136805954209,0.894384717342366,3,-0.0170911014465748
"additive",500,0.720851521288032,0.768665216630416,0.800366509162729,0.776501912547814,0.788603215080377,3,-0.0238645966149155
"additive",200,0.7926025390625,0.798568975730021,0.796307172931609,0.831364365874744,0.789208584144467,4,0
"additive",200,0.75913141960709,0.863562464232689,0.828576030798907,0.81398196727216,0.787530664841783,2,-0.0495804969605289
"additive",200,0.783235696485074,0.793168054049946,0.804874475481117,0.81046267665636,0.767704637366945,4,0
"additive",200,0.764614966133341,0.766349551128005,0.694481029570449,0.707514168194242,0.753897940999109,2,-0.0588353829337638
"additive",200,0.8196760083363,0.772364305114984,0.695118524266874,0.771073258637311,0.743167754039145,1,-0.0486027496989891
"additive",300,0.785973271726749,0.84384375350949,0.799725457637452,0.811645188589947,0.777573057547609,2,-0.0321985649195425
"additive",300,0.903280796976434,0.884065471922103,0.900836501216647,0.894443727691051,0.909420539885326,5,-0.0149768121942755
"additive",300,0.812542788509659,0.849285857271544,0.729824842358122,0.867701931738565,0.797420178160344,4,0
"additive",300,0.87103889570638,0.882478279871864,0.920536384902573,0.88022400710486,0.880385526648724,3,-0.0403123777977135
"additive",300,0.892150529354764,0.903962635663721,0.927713849424645,0.836482528342755,0.885220966988703,3,-0.0912313210818898
"additive",500,0.943176453172012,0.921050288873952,0.929156864157224,0.92291976746047,0.941731083157288,1,-0.0202566857115422
"additive",500,0.899084646408978,0.901655352087978,0.92,0.917060547608908,0.927594879631253,5,-0.0105343320223453
"additive",500,0.956999787833662,0.956177643272325,0.943118404829386,0.968156034330915,0.964887471777874,4,0
"additive",500,0.948078455844336,0.951402118703817,0.951909143548034,0.94749292715343,0.953891740695294,5,-0.00639881354186356
"additive",500,0.856892133051109,0.895160532012372,0.896350917697334,0.898936255346732,0.881601138768961,4,0
"additive",300,0.820645258103241,0.862434973989596,0.909759903961585,0.899441276510604,0.899516806722689,3,-0.0103186274509804
"additive",300,0.824907324907325,0.935805935805936,0.927410427410427,0.924164424164424,0.900703400703401,2,-0.0116415116415117
"additive",300,0.853914602138147,0.898811095640484,0.930950823410793,0.908714630945522,0.905147217687728,3,-0.0222361924652711
"additive",300,0.873108141157226,0.824993284527551,0.850083091442684,0.888864944832895,0.90394719433575,5,-0.0150822495028545
"additive",300,0.821588938336047,0.874386928070563,0.882813571093327,0.916335508585759,0.885894316957062,4,0
"additive",500,0.743024731928226,0.790016696027266,0.786675489851837,0.891784934361304,0.888227650181716,4,0
"additive",500,0.765959563838255,0.867294469177877,0.84623688494754,0.887427549710199,0.885081040324161,4,0
"additive",500,0.776435688392187,0.855628311191112,0.856766224022582,0.891639345740189,0.896376308574714,5,-0.00473696283452485
"additive",500,0.858801264487245,0.934820436392521,0.93029524092253,0.938817090636295,0.92162345399184,4,0
"additive",500,0.917496936810782,0.940854192193244,0.959523392763372,0.903917881523343,0.917155860068515,3,-0.055605511240029
"additive",300,0.933094164213458,0.935007217085738,0.910890747426006,0.951027847047797,0.924612713074078,4,0
"additive",300,0.615539996499212,0.762531569603161,0.846040859193319,0.884275962091471,0.858394138681203,4,0
"additive",300,0.707008309196524,0.805041926037349,0.84009597382023,0.857210438303116,0.850039405674417,4,0
"additive",300,0.866690371312777,0.87292559341631,0.900427483786822,0.891243183663998,0.911208596884989,5,-0.0199654132209913
"additive",300,0.910362869012551,0.900395127593494,0.901469246285861,0.906859350986168,0.911039758901127,5,-0.00418040791495911
"additive",300,0.769082975022779,0.85483946787007,0.864173045244646,0.84106263958609,0.81764818254285,3,-0.0231104056585563
"additive",300,0.759496037984152,0.822205288821155,0.831639326557306,0.827227308909236,0.794155176620706,3,-0.00441201764807053
"additive",300,0.785752076001196,0.778093649331569,0.734476871701476,0.780482438375043,0.790708675749766,5,-0.0102262373747224
"additive",300,0.774552455245525,0.836110111011101,0.775515051505151,0.775830083008301,0.817658265826583,2,-0.0602800280028003
"additive",300,0.82959482959483,0.828880828880829,0.804478804478804,0.815552315552316,0.843089343089343,5,-0.0275370275370276
"additive",500,0.943184216026585,0.930364587864805,0.942706192603438,0.93241568836873,0.922387696997153,1,-0.0107685276578552
"additive",500,0.902174934798957,0.88722819565113,0.88312663002608,0.902238435814973,0.895369325909215,4,0
"additive",500,0.913016945758554,0.940764937047884,0.937002828464869,0.948042852494306,0.944813897023854,4,0
"additive",500,0.963875096877422,0.92097652441311,0.922126053151329,0.936423410585265,0.915550388759719,1,-0.0274516862921572
"additive",500,0.905202103407885,0.92569952716335,0.932786075175726,0.940704363561069,0.940823898106553,5,-0.000119534545483635
"additive",300,0.860574576772913,0.885853694636457,0.913726478494624,0.859514008896569,0.870093185963902,3,-0.0542124695980543
"additive",300,0.833070288878821,0.826610197123314,0.823393153442932,0.818029747027248,0.856594764515203,5,-0.0385650174879555
"additive",300,0.8857811294781,0.922027113957255,0.88204498183699,0.903035738760793,0.859001819802533,2,-0.0189913751964617
"additive",300,0.868869891073838,0.891962980367586,0.833814303386672,0.860121557901163,0.864414642375169,2,-0.0318414224664224
"additive",300,0.895839563004603,0.917493316958674,0.907231985790849,0.874564339711517,0.884480142891574,2,-0.0429289772471571
"additive",200,0.937232270168856,0.962728205128205,0.959573233270794,0.935854909318324,0.920118073796123,2,-0.0268732958098812
"additive",200,0.934018266895078,0.926834914910831,0.926834914910831,0.926834914910831,0.926834914910831,1,-0.00718335198424724
"additive",200,0.916924841192646,0.938171704071953,0.938171704071953,0.938171704071953,0.938171704071953,2,0
"additive",200,0.903302658149227,0.913710417060483,0.802828177962076,0.916448879860696,0.92064458893553,5,-0.00419570907483369
"additive",200,0.957071328285313,0.9437777751111,0.950699302797211,0.927179208716835,0.918649174596698,1,-0.0298921195684783
"additive",200,0.549462423658759,0.572897571981027,0.629122326994023,0.69478954468769,0.757269606210704,5,-0.0624800615230146
"additive",200,0.732946886087899,0.698337640155046,0.772137796960691,0.736080998915961,0.743114752131077,3,-0.0360567980447296
"additive",200,0.617512592873381,0.726352825085666,0.687570385212061,0.740415326652567,0.794337293457322,5,-0.0539219668047546
"additive",200,0.611081940930384,0.771406097347128,0.806524211528345,0.684987098875222,0.707915528946116,3,-0.121537112653123
"additive",200,0.60375313603617,0.595019769411901,0.788866583739546,0.739216889112163,0.783936489700992,3,-0.0496496946273833
"additive",300,0.803799247091581,0.850154922308813,0.830857143428654,0.814678313677169,0.81394870861404,2,-0.035476608631643
"additive",300,0.892893007029378,0.890929122107933,0.902949978195726,0.883145596536921,0.846961004356854,3,-0.019804381658805
"additive",300,0.711630142041505,0.778913091960449,0.700965278187533,0.750668804173138,0.775729834116563,2,-0.0282442877873108
"additive",300,0.888095238095238,0.832735094037615,0.888023209283713,0.883021708683473,0.915428671468587,5,-0.032406962785114
"additive",300,0.89511109376001,0.868308648055609,0.866566864469216,0.887597399737331,0.88110625280287,1,-0.00751369402267932
"additive",200,0.788334489305506,0.844350098432782,0.853365680537332,0.872876589211527,0.880941872114448,5,-0.00806528290292141
"additive",200,0.752808949400374,0.802551251752935,0.806751788468718,0.762112890487759,0.740396521056735,3,-0.0446388979809597
"additive",200,0.80458325983065,0.777390607960742,0.719807436333312,0.767755408461094,0.78190400683174,1,-0.0368278513695555
"additive",200,0.732122212221222,0.80489498949895,0.740860086008601,0.706175617561756,0.746330133013301,2,-0.0987193719371937
"additive",200,0.785989847715736,0.871007976794779,0.884495511490085,0.831011977694981,0.888631442074467,5,-0.0576194643794854
"additive",500,0.839753605769231,0.850453725961538,0.845670572916667,0.827128405448718,0.869699519230769,5,-0.0425711137820514
"additive",500,0.843818105259789,0.878394948746338,0.903232646317228,0.875936533274123,0.860663452123409,3,-0.0272961130431043
"additive",500,0.813976884867359,0.835758452164156,0.814127892266721,0.789512186097119,0.817751569826922,2,-0.0462462660670373
"additive",500,0.796794717887155,0.843692977190876,0.794476790716287,0.810706282513005,0.774183173269308,2,-0.0329866946778711
"additive",500,0.85110565995094,0.817753359780238,0.79901069109622,0.876842891586024,0.830358973230759,4,0
"additive",300,0.893659276774854,0.919701943697587,0.927558454964471,0.930444693841623,0.92654769621023,4,0
"additive",300,0.890794010816692,0.95249745983743,0.883997575844854,0.904952916986687,0.938457561283922,2,-0.0475445428507425
"additive",300,0.792288896823563,0.80145794639294,0.836315337292002,0.882489140664772,0.918921297699311,5,-0.0364321570345388
"additive",300,0.890946810862946,0.900916084608758,0.952139681891721,0.944338054831006,0.953535920501946,5,-0.00919786567093994
"additive",300,0.792112725363207,0.893975644520017,0.883950888950014,0.90619989497637,0.867125603260734,4,0
"additive",200,0.945812938470788,0.960916390817085,0.922289446490183,0.966415876131283,0.969524498343902,5,-0.00310862221261876
"additive",200,0.886251880481403,0.919747455348569,0.943598061103643,0.930060595512451,0.936435227418219,3,-0.0135374655911913
"additive",200,0.905221031744841,0.948354250864355,0.944287758818817,0.968312165772058,0.965838866502847,4,0
"additive",200,0.848716943838604,0.889666792289435,0.876192748091603,0.867167453813587,0.874238244916287,2,-0.0224993384758484
"additive",200,0.815591262365049,0.925861203444814,0.87002198008792,0.882085528342113,0.927847711390846,5,-0.0457621830487321
"additive",200,0.73516355046723,0.829210069444444,0.818190364183308,0.883687556003584,0.855847774257552,4,0
"additive",200,0.766378391482575,0.862792966793424,0.828660256692806,0.869170216261485,0.887719437087022,5,-0.0185492208255362
"additive",200,0.838537463436586,0.884401610040251,0.928102702567564,0.928211705292632,0.932187304682617,5,-0.00397559938998471
"additive",200,0.737146397688178,0.701226879030749,0.788390643408315,0.8407624727363,0.849388762600859,5,-0.00862628986455982
"additive",200,0.721460828686454,0.677629966742517,0.840587132104724,0.887383661323798,0.822047460678653,4,0
"additive",300,0.822704639075765,0.820540463777566,0.84707811332718,0.875209892001252,0.888221945977624,5,-0.0130120539763721
"additive",300,0.87602045765707,0.877785100593148,0.836560261381172,0.828803633094281,0.86800330826797,2,-0.0489814674988674
"additive",300,0.760198004950124,0.818125453136328,0.81868796719918,0.802346558663967,0.811925298132453,3,-0.0163414085352134
"additive",300,0.570622070622071,0.602469602469602,0.59029509029509,0.554889054889055,0.588165588165588,2,-0.0475805475805475
"additive",300,0.666160495444459,0.663643472791255,0.670559035031315,0.677948601537414,0.682561143050287,5,-0.0046125415128736
"additive",200,0.914167477214597,0.916547085830021,0.883955553954473,0.942932922655715,0.88445789353603,4,0
"additive",200,0.826146927197036,0.856023138235845,0.844384953940737,0.845002547448098,0.826472740303432,2,-0.011020590787747
"additive",200,0.856451751648422,0.906857155431791,0.802329396325459,0.895133154087446,0.812872095256386,2,-0.0117240013443441
"additive",200,0.879874198739587,0.893527506148539,0.831811076071856,0.860473420007981,0.745173434310399,2,-0.0330540861405578
"additive",200,0.836841546644451,0.873521583972829,0.851138074945129,0.884376151492334,0.886194508082475,5,-0.00181835659014085
"additive",500,0.794599624765478,0.826631144465291,0.829351844903064,0.830007754846779,0.826032770481551,4,0
"additive",500,0.857645723732601,0.88772915455367,0.880703532875466,0.905094313754727,0.884929613688379,4,0
"additive",500,0.842057347290155,0.848231570122424,0.873741319922086,0.858565127221105,0.854040631918676,3,-0.015176192700981
"additive",500,0.853587562370208,0.865728496032715,0.89449131518612,0.885205306519312,0.865015765107895,3,-0.00928600866680807
"additive",500,0.853557212137231,0.826518455334367,0.819041812335059,0.823150061471061,0.798905534798227,1,-0.0304071506661702
"additive",500,0.963440305107672,0.961125184589341,0.957828088794977,0.964756942360102,0.961190716306692,4,0
"additive",500,0.905121837544606,0.91008005152742,0.947996511497656,0.955778632123026,0.91231337312573,4,0
"additive",500,0.845577402581036,0.846914128487714,0.910033795711475,0.902235477795748,0.886392800383265,3,-0.00779831791572771
"additive",500,0.911267502683478,0.928899854211058,0.940638066934747,0.924264847242026,0.934924662362422,3,-0.0163732196927218
"additive",500,0.916015744141697,0.907685169166523,0.907788670098031,0.896073564662082,0.926393337540038,5,-0.0303197728779558
"additive",300,0.793704342608565,0.83219130478262,0.879353983849596,0.876044901122528,0.895836895922398,5,-0.0197919947998699
"additive",300,0.710607415498368,0.7826568601562,0.772782832405096,0.819531300012803,0.853202419819474,5,-0.0336711198066705
"additive",300,0.750121007744496,0.826928423419099,0.793242767537122,0.843244467645929,0.851402989791347,5,-0.00815852214541735
"additive",300,0.757116314046826,0.795150656355907,0.822502402521623,0.856527208744879,0.812367311305802,4,0
"additive",300,0.771963261217428,0.844513650451179,0.771352315838246,0.813442499582195,0.717136792721894,2,-0.0310711508689835
"additive",500,0.784825822121786,0.852346196977109,0.885062507565231,0.887202780203654,0.876996595771073,4,0
"additive",500,0.827036593269431,0.826831563745179,0.814964854939111,0.854044482405466,0.837284568977933,4,0
"additive",500,0.719724633463055,0.773295686971098,0.864842658409271,0.850776781276036,0.82781590088725,3,-0.0140658771332356
"additive",500,0.815668566856686,0.874336433643364,0.889039403940394,0.893603360336034,0.885663566356636,4,0
"additive",500,0.801781798492532,0.78237547777681,0.871632042547783,0.888441179031565,0.833659107309247,4,0
"additive",500,0.948067321194954,0.955441766586251,0.954105504678917,0.95761869326388,0.950889874415385,4,0
"additive",500,0.813219603622922,0.886265122177594,0.859498767822566,0.912285369093149,0.912980469187563,5,-0.000695100094413648
"additive",500,0.918440120670892,0.953207521125408,0.976875080020485,0.963463146565521,0.970260386658985,3,-0.0134119334549645
"additive",500,0.880548380548381,0.946091946091946,0.912630912630913,0.95010995010995,0.962102962102962,5,-0.0119930119930119
"additive",500,0.872593535780639,0.932715600775194,0.962926036261131,0.960509561791274,0.963494117976808,5,-0.00298455618553406
"additive",200,0.808358380635643,0.847964291965692,0.870315821059738,0.872270760921207,0.837354404741067,4,0
"additive",200,0.735430769277034,0.667493652259074,0.754990732749331,0.753427479377987,0.766086373382491,5,-0.0126588940045048
"additive",200,0.842458342458343,0.837852337852338,0.878708378708379,0.81986031986032,0.804810304810305,3,-0.0588480588480589
"additive",200,0.771852576647097,0.728735708082712,0.770410878865371,0.830126781362179,0.84014463000092,5,-0.0100178486387411
"additive",200,0.818807075656154,0.88196571785186,0.918119092410182,0.820729308246298,0.828180709865894,3,-0.0973897841638839
"additive",500,0.850675997343617,0.892067457713911,0.887015230193148,0.940611448048519,0.91699554735882,4,0
"additive",500,0.920678693745599,0.946827887939312,0.97223389187632,0.966893524742334,0.949795147557775,3,-0.00534036713398633
"additive",500,0.80665339550562,0.814843783622026,0.877228749378227,0.85449513040467,0.870693253025795,3,-0.0227336189735567
"additive",500,0.87909135759969,0.912214504373688,0.919450279253576,0.94157991175567,0.93843862175526,4,0
"additive",500,0.809273133832818,0.875861531015117,0.921529175050302,0.906948150133405,0.916733502406087,3,-0.0145810249168971
"additive",200,0.63300962815405,0.693060588969423,0.611866289860638,0.672043252692043,0.740558348933583,5,-0.0685150962415398
"additive",200,0.587022283200549,0.555107995971964,0.533870304832743,0.60716396447568,0.63863774773973,5,-0.0314737832640494
"additive",200,0.744548931590592,0.746856383851235,0.700717340598757,0.76267648459098,0.800280855047589,5,-0.0376043704566095
"additive",200,0.70566925810462,0.763678061592409,0.755759223308739,0.847122163645656,0.771176828884081,4,0
"additive",200,0.654251933515876,0.73290209524267,0.703456509903765,0.82916556580359,0.805269331155626,4,0
"additive",500,0.827485183864337,0.851283664383973,0.850440677354854,0.849008150377266,0.832446936395802,2,-0.00227551400670778
"additive",500,0.905496807182639,0.920020025126432,0.83832961238077,0.956148774086166,0.934911337302349,4,0
"additive",500,0.907157809669834,0.910857434906499,0.874127227501448,0.91276775775106,0.911066970317984,4,0
"additive",500,0.947533151511333,0.921818039982838,0.89298205082815,0.921984560131776,0.888288482906432,1,-0.0255485913795569
"additive",500,0.899679711740566,0.932058352517266,0.931376238614753,0.918245921329196,0.91932088879992,2,-0.0138124311880693
"additive",500,0.883045238324044,0.946483198795567,0.938616643442886,0.942765391761163,0.93117902732398,2,-0.00371780703440316
"additive",500,0.930510068792996,0.930545090681676,0.965457911194497,0.959938461538462,0.963205003126954,3,-0.00551944965603501
"additive",500,0.8788875,0.910665,0.924655,0.9330735,0.9499185,5,-0.016845
"additive",500,0.90698111754297,0.916675919340689,0.906908096439871,0.912802299864661,0.903420088405549,2,-0.0038736194760286
"additive",500,0.861098441200947,0.94551605210934,0.947977182158633,0.935926597208885,0.965574687119903,5,-0.0296480899110172
"additive",500,0.815661584488002,0.91091054837166,0.881289308964827,0.931867637955718,0.947053978375743,5,-0.0151863404200246
"additive",500,0.919973697879917,0.934134106783805,0.937803692905734,0.93843222149828,0.938476258533427,5,-4.40370351465491e-05
"additive",500,0.754930519722079,0.881003524014096,0.854926919707679,0.922857191428766,0.942563270253081,5,-0.0197060788243153
"additive",500,0.750653595752153,0.865689449718901,0.889472030704243,0.905141820022792,0.899245700975816,4,0
"additive",500,0.899967885837654,0.902569032943528,0.911513477443553,0.919263895377862,0.929373853869557,5,-0.0101099584916948
"additive",500,0.927542025204603,0.935947567051478,0.949887341694794,0.939061324388795,0.93536048153035,3,-0.0108260173059989
"additive",500,0.845324749582178,0.944234156560331,0.932246245109555,0.955019922273593,0.951837565627344,4,0
"additive",500,0.860808225466263,0.9046182740802,0.89767421161114,0.91705378135629,0.921821167514569,5,-0.00476738615827876
"additive",500,0.95110241607355,0.941015939124068,0.945503318650455,0.935815919920304,0.940827402170825,1,-0.0152864961532461
"additive",500,0.861902161738351,0.920494411642345,0.923927131336406,0.931156093990015,0.930982582885305,4,0
"additive",500,0.830534596981965,0.874930990062569,0.849069766046311,0.854040981901394,0.843282932742315,2,-0.0208900081611753
"additive",500,0.784627851140456,0.736967787114846,0.702250900360144,0.70390856342537,0.741159963985594,1,-0.0807192877150861
"additive",500,0.831435291762586,0.89115203683315,0.878105795215694,0.898151336202582,0.890008507656891,4,0
"additive",500,0.862707862964564,0.815764559414581,0.832211453779763,0.836069978863429,0.858067725096476,1,-0.0266378841011353
"additive",500,0.869399,0.885924,0.8761725,0.8837445,0.8771345,2,-0.0021795
"additive",500,0.828221933685784,0.823522315801908,0.879614900626783,0.875149537846715,0.906047185384884,5,-0.030897647538169
"additive",500,0.873692367105679,0.896235778116608,0.872419751159561,0.912041428051177,0.815419663116949,4,0
"additive",500,0.766701170117012,0.827515751575158,0.885281528152815,0.861819181918192,0.876855685568557,3,-0.0234623462346234
"additive",500,0.768781696426785,0.718718853945267,0.7986318751476,0.854512650551773,0.856770676977637,5,-0.00225802642586392
"additive",500,0.877004060414809,0.898514650821341,0.825607335769382,0.919188537560088,0.927447483333483,5,-0.00825894577339548
"additive",500,0.72316257060113,0.72898566377062,0.714561432982928,0.694798116769868,0.681977911646586,2,-0.034187547000752
"additive",500,0.839612471432253,0.80564706259884,0.829453936106523,0.808992459819633,0.781062504575352,1,-0.0306200116126198
"additive",500,0.78344337735094,0.784481792717087,0.800685274109644,0.803396358543417,0.814404761904762,5,-0.0110084033613445
"additive",500,0.824682194915119,0.869697415158643,0.861571285140562,0.852082633322133,0.85722521560345,2,-0.0176147818365093
"additive",500,0.857137714239428,0.85481119330074,0.852631173680563,0.857797220174982,0.865365788292095,5,-0.00756856811711304
"additive",500,0.677251595264357,0.756149305343748,0.687554687992192,0.724592021328192,0.672818555366998,2,-0.0315572840155561
"additive",500,0.727073506407256,0.821837580165713,0.84268116550844,0.878545194858192,0.849403483082684,4,0
"additive",500,0.657846420617786,0.63987925891333,0.604580941228471,0.620596585369268,0.663735473619263,5,-0.0431388882499942
"additive",500,0.774945808615554,0.791543140346925,0.821651022502566,0.768647593301795,0.799554454206403,3,-0.0530034292007709
"additive",500,0.827628262826283,0.850833083308331,0.858638363836384,0.839203420342034,0.884640464046405,5,-0.0454370437043704
"additive",500,0.932494730176008,0.925476134975524,0.929042207613558,0.931872955973584,0.900071431501292,1,-0.000621774202423264
"additive",500,0.951111451111451,0.932609432609433,0.937545937545938,0.931827431827432,0.936980936980937,1,-0.0192840192840193
"additive",500,0.857128209539891,0.88794819521525,0.908573877936451,0.901014428674891,0.916656496704932,5,-0.0156420680300418
"additive",500,0.940992120075047,0.963701813633521,0.94351019387117,0.959186491557223,0.947787867417136,2,-0.00451532207629768
"additive",500,0.947570792223971,0.918572418572419,0.908778776553343,0.912546717460012,0.939984838106225,1,-0.0350240747639592
"additive",500,0.868227603589314,0.920627338826854,0.950245886618781,0.924232273983083,0.903266571936982,3,-0.0260136126356982
"additive",500,0.854152481616175,0.861726797930117,0.859725203864208,0.870089135519633,0.877132263413384,5,-0.00704312789375039
"additive",500,0.834248391897081,0.866931983646953,0.861290122567844,0.888724378360215,0.885719186027906,4,0
"additive",500,0.902908902908903,0.94024044024044,0.906688906688907,0.932450432450432,0.91954641954642,2,-0.00779000779000782
"additive",500,0.91474297429743,0.927677767776778,0.916220622062206,0.888122812281228,0.896020102010201,2,-0.0395549554955495
"additive",500,0.830917325593034,0.853158842958663,0.899384446001401,0.890330797717946,0.889474026623962,3,-0.00905364828345512
"additive",500,0.722986443082051,0.818714608521863,0.832137987878497,0.855856342482978,0.880437446422016,5,-0.0245811039390383
"additive",500,0.721319618695449,0.903800439412676,0.862940163038911,0.932518338876016,0.951508530128582,5,-0.0189901912525663
"additive",500,0.878745878745879,0.904128904128904,0.903717403717404,0.881373881373881,0.91968091968092,5,-0.0383070383070383
"additive",500,0.810010504201681,0.851226990796318,0.855980892356943,0.882335934373749,0.879286714685874,4,0
"additive",300,0.9270304244908,0.929908065495209,0.934588794850948,0.940923105232156,0.932011168547259,4,0
"additive",300,0.906738507816125,0.911427082833325,0.894044304708875,0.903771460343366,0.919318709099346,5,-0.01554724875598
"additive",300,0.835280335280335,0.827562827562828,0.831056831056831,0.841905341905342,0.83954383954384,4,0
"additive",300,0.815370578425085,0.892232974741861,0.886688529641572,0.90310076743844,0.934762730364091,5,-0.0316619629256502
"additive",300,0.897966796679668,0.853684368436844,0.908651865186519,0.92032803280328,0.912748774877488,4,0
"additive",1000,0.80314512504117,0.877290869757166,0.874362680959565,0.818367702427944,0.836243669355929,2,-0.0589231673292215
"additive",1000,0.817085673932527,0.848298664458101,0.86758560191409,0.880601433967096,0.862567317233212,4,0
"additive",1000,0.782723130892524,0.829410317641271,0.76810157240629,0.740210460841843,0.766074564298257,2,-0.0891998567994272
"additive",1000,0.814110117186874,0.838016900719794,0.814778911973581,0.873059743663733,0.868467853764889,4,0
"additive",1000,0.72048454529785,0.788986495424318,0.753189749509963,0.750533629159301,0.749286991273535,2,-0.0384528662650168
"additive",1000,0.911059303496964,0.965724697883681,0.943725693232033,0.970701941330636,0.970802278866106,5,-0.000100337535469341
"additive",1000,0.950127300509202,0.95310481241925,0.935506742026968,0.949969799879199,0.957378329513318,5,-0.00740852963411853
"additive",1000,0.964046464046464,0.962852962852963,0.958046958046958,0.968857968857969,0.972712972712973,5,-0.00385500385500392
"additive",1000,0.940601440601441,0.962977962977963,0.957319457319457,0.978963978963979,0.971998971998972,4,0
"additive",1000,0.902599123392111,0.904158637427737,0.945346008114073,0.971557744019696,0.968171213540922,4,0
"additive",500,0.906109154982395,0.929123362110259,0.919642776784991,0.92394931554384,0.932148889340004,5,-0.00819957379616421
"additive",500,0.851810160663136,0.8824845777792,0.86302277527964,0.904441239538494,0.898167336096398,4,0
"additive",500,0.877131545675693,0.902436023622047,0.923451903687344,0.883392648518021,0.913674400646565,3,-0.0400592551693234
"additive",500,0.888360632946968,0.879350610253133,0.883806863359908,0.884066907307335,0.877586312086743,1,-0.00429372563963304
"additive",500,0.93538083464359,0.90711579469576,0.912910430444367,0.956791531140104,0.941653564098563,4,0
"additive",300,0.761122667577385,0.80460881000001,0.750312224894064,0.732607796458413,0.766973066033437,2,-0.0720010135415968
"additive",300,0.894285093763855,0.857332016225646,0.74963844593303,0.803899079125545,0.820379939529144,1,-0.0903860146383109
"additive",300,0.844226981597682,0.848152616106055,0.780189474758205,0.842761057945746,0.850707854569971,5,-0.00794679662422437
"additive",300,0.779891119564478,0.874167496669987,0.854913419653679,0.840770863083452,0.843809375237501,2,-0.0333966335865344
"additive",300,0.892278980120933,0.869041489186926,0.897437579890928,0.847327686038171,0.818787340869293,3,-0.0501098938527563
"additive",200,0.644978144978145,0.743878743878744,0.723631723631724,0.844920344920345,0.842105342105342,4,0
"additive",200,0.669707178828715,0.703396313585254,0.778221112884452,0.811742246968988,0.821964287857151,5,-0.0102220408881636
"additive",200,0.688308177517459,0.75583339590999,0.76798378013066,0.860606242647243,0.809926159545443,4,0
"additive",200,0.56292510882786,0.750237560815569,0.791995750912234,0.889714266852314,0.877471132609948,4,0
"additive",200,0.65844120388334,0.832854482761379,0.855954314355317,0.883928821437572,0.886352408686713,5,-0.00242358724914093
"additive",500,0.642921153674971,0.615615038941581,0.587611306310767,0.749619685726888,0.725279072163196,4,0
"additive",500,0.802818,0.8301215,0.7644845,0.725108,0.8152755,2,-0.1050135
"additive",500,0.756611237528444,0.743742842139481,0.783154709809707,0.789168562926658,0.734063164211948,4,0
"additive",500,0.614162027458247,0.654361389252503,0.607886970982739,0.660047440426964,0.696906772160949,5,-0.0368593317339856
"additive",500,0.795662391559789,0.854269356733918,0.858324458111453,0.84505562639066,0.868390709767744,5,-0.0233350833770845
"additive",200,0.853274913099652,0.8499993999976,0.892153568614274,0.869443977775911,0.901487605950424,5,-0.0320436281745127
"additive",200,0.94585070250116,0.932051715447024,0.917960186266822,0.936911915315805,0.926600930533997,1,-0.00893878718535479
"additive",200,0.882087222273891,0.883945813344854,0.883945813344854,0.883945813344854,0.880531146026155,2,0
"additive",200,0.670738874138504,0.740890969961275,0.671339067962565,0.793681996387824,0.817567107576358,5,-0.023885111188534
"additive",200,0.844126554223808,0.767837068537869,0.771555604006977,0.845502252324335,0.874330903650126,5,-0.0288286513257909
"additive",300,0.862632302116834,0.957750824013184,0.914174126786029,0.954603273652378,0.918657698523176,2,-0.00314755036080583
"additive",300,0.944169564656427,0.953286105351804,0.949878529471481,0.956421135171844,0.955222432591108,4,0
"additive",300,0.813302295945203,0.89863758088706,0.93392833348862,0.895461207773173,0.900111806730645,3,-0.0384671257154479
"additive",300,0.935522723703257,0.935975387114748,0.935975387114748,0.935975387114748,0.935975387114748,2,0
"additive",300,0.923253551839291,0.953932416731798,0.949712340296076,0.930313698686342,0.933057699062617,2,-0.0236187180454551
"additive",500,0.885268041072164,0.923460693842775,0.870796483185933,0.853256413025652,0.914340157360629,2,-0.0702042808171233
"additive",500,0.868160719161538,0.85481846432047,0.870865676299295,0.86195617059283,0.857287381567485,3,-0.00890950570646443
"additive",500,0.846622687939508,0.869903159403205,0.846559141614237,0.869479350446476,0.853306060117826,2,-0.000423808956729443
"additive",500,0.873981425808782,0.884456545336493,0.878941613251444,0.879423825907225,0.867906246654775,2,-0.00503271942926831
"additive",500,0.87606455490978,0.88668534982412,0.865157211568755,0.873359097687509,0.872591968042599,2,-0.0133262521366111
"additive",1000,0.91099227480687,0.8801600040001,0.891497287432186,0.899666991674792,0.914362359058976,5,-0.0146953673841845
"additive",1000,0.939747075251264,0.914025490525575,0.927491437808079,0.927623471608732,0.925658968695986,1,-0.0121236036425325
"additive",1000,0.937833940505465,0.924172817555358,0.891197020773187,0.921682795145156,0.899984599861399,1,-0.0161511453603083
"additive",1000,0.907598881254404,0.926933179575886,0.949113392113524,0.956995463354475,0.955942385002242,4,0
"additive",1000,0.897269215225733,0.937486745705609,0.952083975207967,0.944103389498197,0.953434412749731,5,-0.00933102325153357
"additive",1000,0.907017979716219,0.907281444468042,0.917631201439339,0.905222813042206,0.917220977804848,3,-0.0124083883971325
"additive",1000,0.908046794545578,0.928647133543571,0.934013099106824,0.901635484995532,0.899878886355531,3,-0.0323776141112923
"additive",1000,0.89174329358234,0.941908047701193,0.924374109352734,0.923596089902248,0.947338183454586,5,-0.0237420935523388
"additive",1000,0.903921668647055,0.922503310648887,0.919151153626111,0.949954691119459,0.943815987933635,4,0
"additive",1000,0.898352264534837,0.949036451240808,0.945734672135087,0.930488913632067,0.960205926881238,5,-0.0297170132491709
"additive",300,0.78946778946779,0.772722272722273,0.78030078030078,0.762353762353762,0.826308326308326,5,-0.0639545639545639
"additive",300,0.701529885116099,0.703214088904757,0.856732164591916,0.850168370372815,0.843084013165593,3,-0.00656379421910047
"additive",300,0.698542173724715,0.843620046836908,0.817178001258454,0.862653918064421,0.863446204079673,5,-0.000792286015251498
"additive",300,0.619704077336696,0.650481354332189,0.727217044953405,0.730563075067676,0.759270833437501,5,-0.0287077583698253
"additive",300,0.702572908405581,0.787326773468651,0.778220535863405,0.782998922912756,0.796697532500133,5,-0.0136986095873766
"additive",200,0.553594135013541,0.596531070201959,0.644769843500984,0.646878273318533,0.649063236887467,5,-0.00218496356893394
"additive",200,0.677030339457496,0.732206308711006,0.717236596164289,0.712582219159752,0.716812561817507,2,-0.0196240895512536
"additive",200,0.530136627115659,0.590008066323998,0.698199888712751,0.714218447262654,0.732968147027269,5,-0.0187496997646155
"additive",200,0.621297219585841,0.636685508447766,0.636685508447766,0.625613709448122,0.616215344938749,2,-0.0110717989996436
"additive",200,0.658503706133421,0.666568496465873,0.558945122024393,0.675273309839154,0.668676072338604,4,0
"additive",300,0.675146771037182,0.672622549313868,0.758447588632898,0.703293394002697,0.720612776583867,3,-0.055154194630201
"additive",300,0.807963120203784,0.749439773947035,0.794080127845688,0.740421586375943,0.739658096893574,1,-0.0675415338278409
"additive",300,0.780871581066384,0.780521395818388,0.787864780468868,0.73072755487653,0.764239782845125,3,-0.0571372255923382
"additive",300,0.730258564647172,0.827597691719781,0.830095891193096,0.806995559535579,0.783758998877112,3,-0.0231003316575162
"additive",300,0.751596247654784,0.768939086929331,0.741751594746717,0.710558098811757,0.7751889931207,5,-0.0646308943089431
"additive",200,0.864807347670251,0.823827724974398,0.90215823812724,0.856778333813364,0.850067904345878,3,-0.0453799043138761
"additive",200,0.651002,0.7643725,0.8173195,0.823695,0.8350785,5,-0.0113835
"additive",200,0.765824265824266,0.738578738578739,0.706065706065706,0.733874733874734,0.725410225410225,1,-0.0319495319495319
"additive",200,0.708171149785072,0.807685574492392,0.780926414435611,0.846232489928864,0.762399226120629,4,0
"additive",200,0.798510267656681,0.902362042145102,0.845545637147989,0.810275374462762,0.808762388543204,2,-0.0920866676823401
"additive",500,0.883741832353683,0.885103773622654,0.874734914112172,0.865638466863264,0.896259388041726,5,-0.0306209211784618
"additive",500,0.817984851030466,0.822405133928571,0.770390304979519,0.815452188940092,0.834315896217358,5,-0.0188637072772657
"additive",500,0.800367762151804,0.824957417803609,0.825484006797149,0.825004925832466,0.783516914358527,3,-0.000479080964683076
"additive",500,0.872848200704257,0.895788058832765,0.847350635401467,0.898307262888294,0.854059178793482,4,0
"additive",500,0.674486706632868,0.768101925826255,0.747759910456488,0.823387836338808,0.830358894882484,5,-0.00697105854367652
"additive",500,0.919865793695564,0.919977815651868,0.931391052646319,0.945591835999856,0.95166102556101,5,-0.00606918956115399
"additive",500,0.790711449795082,0.910678050557121,0.93841302590292,0.901471247438525,0.943956218782018,5,-0.0424849713434938
"additive",500,0.835072420262664,0.871831394621639,0.877512445278299,0.880135084427767,0.869269293308318,4,0
"additive",500,0.870339079025568,0.902851398739816,0.895907058692652,0.904595752016204,0.923753571639752,5,-0.0191578196235485
"additive",500,0.833019954873502,0.886431646157047,0.938347121985566,0.901940379414636,0.925417760157463,3,-0.0364067425709302
"additive",500,0.797874787478748,0.853836883688369,0.888480348034803,0.880407540754075,0.879783478347835,3,-0.00807280728072801
"additive",500,0.846939000044009,0.890420522422395,0.886660785513961,0.883880240527143,0.870626142723974,2,-0.00654028189525147
"additive",500,0.875432427323706,0.930355573024336,0.872820611293967,0.865403713849376,0.894889781663581,2,-0.0649518591749602
"additive",500,0.779770356472795,0.82398248905566,0.79895784865541,0.826353470919325,0.819141463414634,4,0
"additive",500,0.885741252592186,0.925504106982621,0.867244075111115,0.915796602573529,0.890514475725737,2,-0.00970750440909174
"additive",500,0.909388234705868,0.955011875296882,0.94150403760094,0.911449286232156,0.893538838470962,2,-0.0435625890647267
"additive",500,0.846224425268955,0.907796891009221,0.907796891009221,0.924349925557121,0.941440769883453,5,-0.0170908443263319
"additive",500,0.866884013593189,0.903789962014322,0.908401079129492,0.908096873486477,0.904663052223303,3,-0.000304205643014699
"additive",500,0.887020269297235,0.894938276049667,0.903880848374296,0.930245035682284,0.920652421754992,4,0
"additive",500,0.820329574154185,0.854909854717311,0.900439098797229,0.910194293716086,0.911007976794779,5,-0.000813683078692784
"additive",500,0.93078921028926,0.962108397557802,0.943147833049745,0.941425282754479,0.943314483034731,2,-0.020683114803323
"additive",500,0.897038330837432,0.94280185146838,0.940167900612121,0.962624007266623,0.941784484198796,4,0
"additive",500,0.938999374609131,0.927243527204503,0.964258161350844,0.939281550969356,0.933970231394622,3,-0.0249766103814885
"additive",500,0.8665581232493,0.910016006402561,0.882698079231693,0.946444077631052,0.855277110844338,4,0
"additive",500,0.863652007571665,0.919470523733487,0.941256568178999,0.920300925648014,0.932790470587764,3,-0.0209556425309849
"additive",500,0.800575921474359,0.832550580929487,0.821995192307692,0.811573517628205,0.83348157051282,5,-0.0219080528846153
"additive",500,0.720539030481557,0.742597736296107,0.773772693071209,0.770713430936219,0.735937900230533,3,-0.00305926213498975
"additive",500,0.848361573785181,0.867614881838109,0.89988289812637,0.883251132018112,0.917469679514872,5,-0.0342185474967599
"additive",500,0.849971732332708,0.879881926203877,0.861400875547217,0.856182113821138,0.846008255159475,2,-0.0236998123827392
"additive",500,0.874630105346798,0.882786551395968,0.878990784281741,0.891617989514356,0.88405997972522,4,0
"additive",200,0.73030829109848,0.737116036177302,0.762905464596725,0.760764387517951,0.847985527478989,5,-0.0872211399610386
"additive",200,0.907237275710361,0.857010698294494,0.871566959602112,0.884567532671453,0.888754039238748,1,-0.0226697430389077
"additive",200,0.841069113952409,0.817254684674593,0.801451409002896,0.831823782624698,0.797433830471588,1,-0.00924533132771121
"additive",200,0.730289675820855,0.786522188999764,0.727866537779539,0.715288034711465,0.788981351393542,5,-0.0736933166820771
"additive",200,0.667936197916667,0.746440805288462,0.773702423878205,0.805393629807692,0.81700921474359,5,-0.0116155849358974
"additive",500,0.832686074429772,0.877262404961985,0.910294117647059,0.902256902761104,0.885294117647059,3,-0.00803721488595432
"additive",500,0.827587948291535,0.886524478720308,0.887545487909391,0.925874332868996,0.938745448709038,5,-0.0128711158400426
"additive",500,0.853820741281577,0.915599889277132,0.930303765781017,0.885962466552467,0.902187278102948,3,-0.0443412992285505
"additive",500,0.904894111570248,0.89961270340829,0.921304916234224,0.889939798353514,0.872109039656608,3,-0.0313651178807098
"additive",500,0.916805281188267,0.906097872021205,0.942998674701808,0.909931234527769,0.922470055762547,3,-0.0330674401740392
"additive",500,0.952142308569234,0.925781203124812,0.890759563038252,0.877818511274045,0.882848031392126,1,-0.0743237972951892
"additive",500,0.901294111647005,0.907206164855484,0.920994788953101,0.882024938224444,0.929976869791828,5,-0.0479519315673841
"additive",500,0.850964697270166,0.901093153564525,0.934719801270262,0.946984902260211,0.940607589771899,4,0
"additive",500,0.878410173576084,0.899759911770828,0.910645446029687,0.93253911066276,0.933941209908568,5,-0.0014020992458087
"additive",500,0.956362965400197,0.933020574666548,0.937353925667979,0.944595012195988,0.957489056613586,5,-0.0128940444175979
"additive",1000,0.871268170426065,0.909862656641604,0.893877192982456,0.910541353383459,0.913944360902256,5,-0.00340300751879696
"additive",1000,0.847659641723918,0.909983334600411,0.888218282723602,0.901426062044102,0.895325585489699,2,-0.00855727255630834
"additive",1000,0.894208809380186,0.923407350053369,0.925417575744844,0.909056169277109,0.903612704186211,3,-0.0163614064677348
"additive",1000,0.902571564289107,0.890621265531638,0.880419010475262,0.889374234355859,0.885005625140629,1,-0.0131973299332483
"additive",1000,0.827417287022333,0.867192218919881,0.904533063190275,0.914099407578673,0.910844290394454,4,0
"additive",500,0.871777866096179,0.912033704704423,0.900969155410242,0.92920640577589,0.931489892492925,5,-0.00228348671703482
"additive",500,0.916341145833333,0.920488911290323,0.907822100614439,0.912495399705581,0.891259540610599,2,-0.00799351158474149
"additive",500,0.847570703408267,0.882518066564977,0.891735140406592,0.88478657697982,0.903289740191543,5,-0.0185031632117226
"additive",500,0.896166838669419,0.91687466999472,0.89238377814045,0.860954275268404,0.855798192771084,2,-0.0559203947263156
"additive",500,0.8998438998439,0.908259908259908,0.887552887552888,0.882312882312882,0.925029425029425,5,-0.0427165427165427
"additive",200,0.827585189629741,0.830744268606715,0.917092927323183,0.908105202630066,0.926907172679317,5,-0.0188019700492512
"additive",200,0.834764058059226,0.860856472698769,0.896543836237663,0.904222197973593,0.860970596980111,4,0
"additive",200,0.866904302138719,0.932419891779026,0.945372508352575,0.898740588665298,0.947472527252745,5,-0.0487319385874473
"additive",200,0.80508805988212,0.857917488055481,0.8443857011835,0.849713101514156,0.878007383247769,5,-0.0282942817336129
"additive",200,0.591428980020021,0.698793240868803,0.768001132055471,0.833164325051928,0.851618729317737,5,-0.018454404265809
"additive",200,0.71969921969922,0.877796377796378,0.811196811196811,0.902087902087902,0.85043235043235,4,0
"additive",200,0.666632666122658,0.801187819005104,0.818234091745468,0.808254432070913,0.820387126194019,5,-0.0121326941231059
"additive",200,0.765833646028768,0.827800875547217,0.805401375859912,0.852485803627267,0.819082426516573,4,0
"additive",200,0.857596576743144,0.832606481537064,0.854455556489341,0.832193281548269,0.85010595128042,1,-0.0254032951948744
"additive",200,0.825570952976696,0.901506673827018,0.829038622892522,0.860231151326415,0.858051044501181,2,-0.0412755225006025
"additive",500,0.898254988319252,0.928020393305171,0.915047063012033,0.911622843862007,0.871627284146185,2,-0.0163975494431643
"additive",500,0.904582298130434,0.859948049817764,0.896471708454857,0.906688710987353,0.901701733539774,4,0
"additive",500,0.923141814181418,0.940740074007401,0.929649464946495,0.938619861986199,0.940123512351235,2,-0.00212021202120216
"additive",500,0.879138527136676,0.903994485804252,0.888051006310668,0.887131806710608,0.887510506927309,2,-0.0168626790936441
"additive",500,0.856098095511628,0.881187385604105,0.894535616464402,0.905138846218894,0.890409608604673,4,0
"additive",200,0.56348808720218,0.533949348733718,0.620897522438061,0.572038800970024,0.553369334233356,3,-0.0488587214680367
"additive",200,0.528026617608957,0.603415833115755,0.589923462369916,0.737110096744925,0.716547173529644,4,0
"additive",200,0.801664223842762,0.70385265366764,0.811583690746503,0.83544377300159,0.818172307187108,4,0
"additive",200,0.617912791279128,0.587573257325733,0.694383938393839,0.706961196119612,0.780109510951095,5,-0.0731483148314832
"additive",200,0.659388803533705,0.619361056430446,0.71178771765572,0.716251360348249,0.676107583541387,4,0
"additive",500,0.779059661082723,0.787741128250674,0.807701501553763,0.797941852173017,0.771656409933279,3,-0.00975964938074536
"additive",500,0.7986281888833,0.797120066725405,0.783158935873806,0.789327935562781,0.776010856879407,1,-0.00930025332051898
"additive",500,0.797279202051274,0.785649783392202,0.813091271285766,0.827419287094335,0.819456000416015,4,0
"additive",500,0.790817750628027,0.863325726645451,0.857224536020385,0.849581665514492,0.867176424803338,5,-0.0175947592888464
"additive",500,0.792930247535842,0.789779045858935,0.796430471550179,0.801328285010241,0.775670642921147,4,0
"additive",500,0.824330757168459,0.808089717741935,0.854784706221198,0.812009968637993,0.771362867223502,3,-0.0427747375832054
"additive",500,0.759310440717367,0.663773830637054,0.687220606755352,0.736017208973393,0.717916477862102,1,-0.023293231743974
"additive",500,0.841172864691459,0.890763063052252,0.861159944639779,0.838598854395418,0.813520254081016,2,-0.0521642086568346
"additive",500,0.833931342901486,0.840621949951199,0.819525112401798,0.843851001616026,0.869957919326709,5,-0.0261069177106833
"additive",500,0.784196425624856,0.853833837858055,0.84029567448805,0.854234357483517,0.853788335628446,4,0
"additive",1000,0.801557605290637,0.836173890082456,0.834873135134486,0.830532284327728,0.838280803037395,5,-0.0077485187096672
"additive",1000,0.794668866721668,0.82819170479262,0.81438435960899,0.837716942923573,0.822059551488787,4,0
"additive",1000,0.787241883480543,0.786369327636969,0.851665506592422,0.828618031554019,0.855012720814132,5,-0.0263946892601127
"additive",1000,0.707969,0.760256,0.758878,0.8363745,0.8644215,5,-0.0280469999999999
"additive",1000,0.762931918422551,0.87667497966766,0.914548652063395,0.873813946834807,0.863584253915664,3,-0.0407347052285875
"additive",1000,0.887466049864199,0.888260053040212,0.89690458761835,0.892164068656275,0.890219560878243,3,-0.00474051896207583
"additive",1000,0.947637218374134,0.939955990097772,0.937604461003726,0.935931084494011,0.937369908229352,1,-0.011706133880123
"additive",1000,0.87210184891664,0.868000812007308,0.860108240974169,0.878361905257147,0.873254359289234,4,0
"additive",1000,0.916159330926927,0.902540029264946,0.914223503772137,0.920516567299874,0.912092643656778,4,0
"additive",1000,0.860749256535139,0.87948767193719,0.894696567307952,0.915641620428304,0.914600319492333,4,0
"additive",500,0.87299518243089,0.914933162736123,0.923765372770923,0.934916763778928,0.920449039089187,4,0
"additive",500,0.88957980469387,0.890747819788527,0.888073140254852,0.918043857341087,0.940597303410804,5,-0.0225534460697168
"additive",500,0.866061866061866,0.820697320697321,0.868105368105368,0.853518353518353,0.864399364399364,3,-0.0145870145870146
"additive",500,0.829149792300081,0.897344765841876,0.915157988134867,0.894163171619819,0.882837817808916,3,-0.0209948165150476
"additive",500,0.795591065113376,0.852983329599462,0.804212806644157,0.837162551407403,0.837874653950169,2,-0.0158207781920596
"additive",1000,0.931064724258897,0.969160376641507,0.962910351641407,0.957390829563318,0.943503274013096,2,-0.0117695470781883
"additive",1000,0.834081049423283,0.896438070602404,0.900398215084159,0.927688101861438,0.924466670867881,4,0
"additive",1000,0.877273809714396,0.903148713659068,0.917243332159324,0.860188968846055,0.902994624903945,3,-0.0570543633132684
"additive",1000,0.930600501618058,0.927703397322304,0.938348280538099,0.935218667872043,0.916072978627231,3,-0.00312961266605594
"additive",1000,0.939201206542247,0.940602229619571,0.919351543629,0.947068567010764,0.953043695095718,5,-0.0059751280849546
"additive",200,0.714177324408757,0.719748678480019,0.677953513326307,0.745111552201666,0.673400137532168,4,0
"additive",200,0.779577145748806,0.83089930284353,0.817161690096898,0.8053497333284,0.816127606336113,2,-0.0255495695151307
"additive",200,0.536485062144721,0.552016988325781,0.651608195475852,0.624693330290409,0.710503794146174,5,-0.0858104638557654
"additive",200,0.716886928338133,0.747437787713993,0.663126764820993,0.709303140317845,0.734592443338048,2,-0.0381346473961477
"additive",200,0.754528072449159,0.774903898462375,0.778290452647242,0.695691131058097,0.72179754876078,3,-0.0825993215891455
"additive",300,0.825340400466423,0.837082112847062,0.815104844946486,0.886440180478364,0.733452309874619,4,0
"additive",300,0.844884899360069,0.899346567981831,0.861022690111815,0.897411473162185,0.895053357614523,2,-0.00193509481964615
"additive",300,0.768324054655482,0.84319067783043,0.842327680744109,0.742272048700051,0.718324254770748,2,-0.100918629130379
"additive",300,0.88209238314483,0.798400560504454,0.766355720148133,0.90543939545591,0.876174056650986,4,0
"additive",300,0.847463950771397,0.872618890435952,0.859100929838039,0.840824751136291,0.839205336566161,2,-0.0317941392996608
"additive",300,0.807602652769872,0.797159547360386,0.787621841231983,0.771347664319965,0.770006072678051,1,-0.0362549884499064
"additive",300,0.787678202644723,0.72767113857582,0.733126280737705,0.774647196785348,0.753586565861937,1,-0.013031005859375
"additive",300,0.804380330019932,0.835033539058226,0.862641379606932,0.812727840068648,0.78445391892419,3,-0.0499135395382841
"additive",300,0.78022878022878,0.86034486034486,0.814383814383814,0.884249384249384,0.820961320961321,4,0
"additive",300,0.796406796406796,0.783630283630284,0.794988294988295,0.763375763375763,0.746376746376746,1,-0.0330310330310331
"additive",500,0.866066713078548,0.894788065744831,0.86138351417963,0.882117822162474,0.892282424300621,2,-0.0126702435823571
"additive",500,0.793539196627146,0.817933086929391,0.79789226627626,0.787026092417479,0.800071301140818,2,-0.0309069945119121
"additive",500,0.667990167990168,0.732495232495233,0.725221725221725,0.824635324635325,0.814493814493815,4,0
"additive",500,0.826980826980827,0.857577857577858,0.85012735012735,0.851353851353851,0.883736383736384,5,-0.0323825323825324
"additive",500,0.601833017313108,0.65716555859575,0.710125448028674,0.747505840373784,0.79839109703021,5,-0.0508852566564261
"additive",200,0.854237695078031,0.888773009203682,0.887022308923569,0.920541216486595,0.927045818327331,5,-0.00650460184073631
"additive",200,0.568874699519231,0.823759515224359,0.812923177083333,0.82383313301282,0.787362279647436,4,0
"additive",200,0.759225036900148,0.801056704226817,0.87063198252793,0.854500418001672,0.873900995603982,5,-0.0194005776023104
"additive",200,0.774197984509769,0.781301507417068,0.803948268550671,0.824713758781265,0.791672000768111,4,0
"additive",200,0.872200684858149,0.888446296891313,0.882025626627189,0.884034557209478,0.885661120336643,2,-0.00441173968183428
"additive",500,0.929189867037873,0.911100577609242,0.912175594809517,0.89886788188611,0.872518960303365,1,-0.0303219851517624
"additive",500,0.911324230689219,0.920917612136148,0.936962922660863,0.903694131955001,0.914818233825671,3,-0.0332687907058616
"additive",500,0.916709259583406,0.889040034007652,0.927286639493886,0.915314445750294,0.917948038308619,3,-0.0119721937435923
"additive",500,0.921026113652829,0.925258975067145,0.9259429374257,0.934591283707786,0.922668724057463,4,0
"additive",500,0.867591189779744,0.872019800495012,0.854529363234081,0.900450511262782,0.878365459136478,4,0
"additive",200,0.720925534808557,0.716148958383334,0.743995903934463,0.693752100033601,0.816670066721068,5,-0.122917966687467
"additive",200,0.787843104312111,0.776383042769096,0.756216554611176,0.786986562341555,0.734639497335369,1,-0.000856541970556512
"additive",200,0.812989852178026,0.833522015283238,0.779481137972176,0.753717051081138,0.770209386960344,2,-0.0798049642021004
"additive",200,0.618016631259727,0.692377205932363,0.843228272741457,0.860352629115307,0.843849394481318,4,0
"additive",200,0.783745906337811,0.74358242040157,0.812653073904382,0.804654649237787,0.733427432447058,3,-0.00799842466659451
"additive",300,0.878771221875888,0.929258079617796,0.926130566303482,0.897483284584205,0.859290910254923,2,-0.0317747950335909
"additive",300,0.927840264059413,0.904498012052712,0.904498012052712,0.904498012052712,0.90815783551299,1,-0.0233422520067015
"additive",300,0.857475016275797,0.879424091780497,0.801496773341894,0.925515350252162,0.938394981354086,5,-0.012879631101924
"additive",300,0.91255991975029,0.913185495444949,0.926487605000205,0.938719085009286,0.908493427704752,4,0
"additive",300,0.727493120889175,0.825216032607336,0.86258043980265,0.840296524960487,0.854327508735895,3,-0.0222839148421633
"additive",500,0.723759777279598,0.639737445217724,0.743396866268723,0.724215441774481,0.726597801806452,3,-0.0191814244942424
"additive",500,0.81952181952182,0.806402806402806,0.835797835797836,0.823241823241823,0.821317821317821,3,-0.0125560125560126
"additive",500,0.84971301605246,0.894178239731567,0.880967557334151,0.884172136248974,0.883422480258892,2,-0.0100061034825931
"additive",500,0.726452538790412,0.688843052953516,0.725099477990745,0.753503246545292,0.781568249507614,5,-0.0280650029623224
"additive",500,0.698160561934698,0.730124707325678,0.808325381679389,0.67552841747386,0.829323761947527,5,-0.153795344473667
"additive",500,0.651599159915992,0.783458845884588,0.858312331233123,0.780882088208821,0.831510151015102,3,-0.0774302430243025
"additive",500,0.728590214755369,0.881130028250706,0.866807170179254,0.89619190479762,0.901423035575889,5,-0.00523113077826953
"additive",500,0.799933187688504,0.881033016500738,0.88656681882244,0.886113056047215,0.87481506412279,3,-0.000453762775225131
"additive",500,0.731946378272838,0.795795223577236,0.782052205364573,0.842574198994943,0.823920423628449,4,0
"additive",500,0.738361520549261,0.805961326099481,0.862431282408296,0.822264499711926,0.857875616157736,3,-0.0401667826963702
"additive",500,0.845194732137584,0.84333694680588,0.868687808984434,0.829910544032816,0.842961085603265,3,-0.0387772649516186
"additive",500,0.939154296968824,0.959012866087012,0.949014026997166,0.96095038510192,0.965464924500809,5,-0.00451453939888879
"additive",500,0.939256023545154,0.910985638296277,0.901142155965642,0.92668040733996,0.938677995221766,1,-0.012575616205194
"additive",500,0.757685213264355,0.839054144535554,0.918000538452839,0.830275761915771,0.759531766215387,3,-0.0877247765370677
"additive",500,0.882308537332069,0.858559042576607,0.872019057223696,0.867695964846986,0.841832947146419,1,-0.0146125724850827
"additive",1000,0.82638143582306,0.895255932584832,0.828095321447326,0.823592308269361,0.844504513515541,2,-0.071663624315471
"additive",1000,0.866257,0.8560145,0.839931,0.833684,0.8509305,1,-0.0325730000000001
"additive",1000,0.821097109710971,0.808359335933593,0.840883588358836,0.886203620362036,0.887687268726873,5,-0.0014836483648365
"additive",1000,0.897982759086286,0.911555052803924,0.865198718583441,0.905584043703386,0.902032443482949,2,-0.00597100910053805
"additive",1000,0.842618337040534,0.854259013297915,0.842597334016098,0.831670260517514,0.832656402521963,2,-0.0225887527804004
"additive",1000,0.908823629704217,0.907111637535052,0.90932007734554,0.930475767337556,0.913792619277814,4,0
"additive",1000,0.902007556352459,0.849082071273053,0.891886726754611,0.90705346279457,0.92199206743084,5,-0.0149386046362705
"additive",1000,0.844902665983902,0.850731505336768,0.867112864252452,0.849112772239202,0.852771299067066,3,-0.0180000920132499
"additive",1000,0.868700066303249,0.895032856609974,0.871609208851234,0.882688751748836,0.882480241531835,2,-0.0123441048611382
"additive",1000,0.803509172314594,0.822681597014731,0.805196293638186,0.804839450712134,0.798254122211445,2,-0.0178421463025968
"additive",500,0.791710828807027,0.795426954068371,0.811067107437355,0.820676188674675,0.768027411052695,4,0
"additive",500,0.895011320181123,0.944306108897742,0.930594389510232,0.942483579737276,0.939735035760572,2,-0.00182252916046655
"additive",500,0.936153486083272,0.930957467663662,0.951607014974935,0.937626274749851,0.943256878348156,3,-0.0139807402250841
"additive",500,0.908355076761218,0.911903864213001,0.917794341341649,0.907190482429077,0.916920770582417,3,-0.010603858912572
"additive",500,0.897715855918601,0.869749450628625,0.88989857143429,0.948884445885419,0.904156709935917,4,0
"additive",500,0.928279262481044,0.965798918849707,0.962941993205799,0.963909306615343,0.952713679232071,2,-0.0018896122343639
"additive",500,0.92835270881772,0.935901897547439,0.927845196129903,0.930276256906423,0.932929323233081,2,-0.00562564064101601
"additive",500,0.962461945718062,0.941576735340285,0.953162844814563,0.957793887104213,0.961748130925738,1,-0.00466805861384867
"additive",500,0.934210105180615,0.931641101655925,0.96646942800789,0.958216310396838,0.937472244559934,3,-0.00825311761105185
"additive",500,0.935131878296957,0.930849271231781,0.952464811620291,0.966924673116828,0.954538363459086,4,0
"additive",1000,0.879087850714108,0.878286561448683,0.890102326940025,0.874998374413163,0.870146122750313,3,-0.0151039525268621
"additive",1000,0.923644837086236,0.932558335026234,0.92205467786016,0.906906134572103,0.900410899545769,2,-0.025652200454131
"additive",1000,0.872439498141636,0.91353005189017,0.916454125008502,0.929494680957468,0.91682969862093,4,0
"additive",1000,0.929795253662187,0.913150360716872,0.915723694477011,0.900878384596609,0.915497121067226,1,-0.0289168690655772
"additive",1000,0.877281149839744,0.912791466346154,0.916459835737179,0.892261117788462,0.91689453125,5,-0.0246334134615385
"additive",500,0.814425993054222,0.827250276070674,0.842470172364125,0.820017424460662,0.842132085813968,3,-0.0224527479034633
"additive",500,0.895189493433396,0.887958474046279,0.865541463414634,0.849246779237023,0.864907567229518,1,-0.0459427141963726
"additive",500,0.878615167828594,0.815282537885569,0.817156189651362,0.843212800236819,0.853657646269348,1,-0.035402367591775
"additive",500,0.857915491154783,0.871223569109098,0.839884530646982,0.848042191417505,0.849866839213976,2,-0.023181377691593
"additive",500,0.855535299270774,0.86741522694817,0.844982919385098,0.836897128296619,0.867813241276686,5,-0.0309161129800672
"additive",300,0.829196138195101,0.832586532145661,0.852868817988113,0.851436461654304,0.847843805572021,3,-0.00143235633380867
"additive",300,0.797938175270108,0.82421418567427,0.824832933173269,0.822921168467387,0.835078031212485,5,-0.0121568627450981
"additive",300,0.815155345592441,0.837848162533851,0.860166966010776,0.842526830965915,0.830407894684209,3,-0.0176401350448616
"additive",300,0.73462479057788,0.791097496936811,0.758304618539171,0.766449951239029,0.750674401740392,2,-0.0246475456977819
"additive",300,0.858835383538354,0.889279927992799,0.879907490749075,0.870956095609561,0.879275927592759,2,-0.0183238323832383
"additive",200,0.702879548425359,0.786288640925552,0.786288640925552,0.764546010067218,0.782487681009402,2,-0.0217426308583338
"additive",200,0.729179729179729,0.715488215488216,0.715488215488216,0.718340218340218,0.781899781899782,5,-0.0635595635595636
"additive",200,0.66672500840121,0.691518078603319,0.75135319486006,0.759429357827527,0.694115452625178,4,0
"additive",200,0.829891635041873,0.755887615890858,0.800137307649197,0.747076708139181,0.817481905814158,1,-0.0828149269026917
"additive",200,0.627324149950128,0.645609213663225,0.63294362814001,0.791136391148496,0.784923651330237,4,0
"additive",500,0.816921075672295,0.864722951844903,0.805205753595998,0.832933083176986,0.789654534083802,2,-0.0317898686679174
"additive",500,0.784681053236978,0.905284689055037,0.922380535620515,0.94211397564452,0.942800630141782,5,-0.000686654497261907
"additive",500,0.825672448749718,0.834704012415209,0.847236865159821,0.845534279492378,0.876625866686691,5,-0.031091587194313
"additive",500,0.755429195451036,0.886831925949334,0.89162009832354,0.866849206571437,0.879804672968227,3,-0.024770891752103
"additive",500,0.715347128864989,0.898228446482299,0.893728294443378,0.888045839734972,0.867022457749184,2,-0.0101826067473273
"additive",500,0.920558348968105,0.939124953095685,0.941615509693558,0.950231894934334,0.946172357723577,4,0
"additive",500,0.897958162896806,0.945509328867721,0.948505410453174,0.945815939554179,0.949875405021213,5,-0.00405946546703362
"additive",500,0.917824362753789,0.937814466117544,0.947882891140006,0.920548441930886,0.91545337712695,3,-0.0273344492091205
"additive",500,0.906367940334757,0.942485878418863,0.918777026560676,0.934954701908852,0.947474320078503,5,-0.0125196181696511
"additive",500,0.880763540663252,0.936525155770017,0.94358819698893,0.922267035173165,0.935565378394356,3,-0.0213211618157648
"additive",300,0.86455035505261,0.894425989110853,0.899000311089905,0.890865960262516,0.855513243327322,3,-0.00813435082738911
"additive",300,0.902958789362519,0.844705061123912,0.788256448412698,0.898189984158986,0.903606830837174,5,-0.00541684667818731
"additive",300,0.890862015168971,0.920111887160778,0.918540786610343,0.951444392441116,0.885375664042499,4,0
"additive",300,0.886654665466547,0.88986898689869,0.84984098409841,0.886032603260326,0.881875687568757,2,-0.00383638363836381
"additive",300,0.8765635,0.884245,0.851576,0.874652,0.911271,5,-0.0366190000000001
"additive",300,0.909341165353322,0.91953810702159,0.923288947882632,0.918532076846691,0.945121304215517,5,-0.0265892273688256
"additive",300,0.859757140328367,0.867689782872413,0.870905543349011,0.890914664087791,0.86758727456924,4,0
"additive",300,0.617023905769723,0.789015472912397,0.909143666752049,0.922926605724897,0.935720474993596,5,-0.0127938692686989
"additive",300,0.848063055089699,0.84040818000082,0.824155383613797,0.813178845763442,0.752124854117852,1,-0.0348842093262569
"additive",300,0.849968591959542,0.829813432238653,0.827169755457397,0.827549352634274,0.807526226714039,1,-0.0224192393252672
"additive",300,0.817288390053628,0.827785077235613,0.79097827100064,0.835952118229168,0.801010432044386,4,0
"additive",300,0.85166748506629,0.915652667866097,0.773881184375934,0.888737487736507,0.886150778213035,2,-0.0269151801295905
"additive",300,0.900099467239854,0.941592016202953,0.913072737170327,0.915559418166681,0.940010447062214,2,-0.0260325980362726
"additive",300,0.856219487795118,0.827943177270908,0.802565026010404,0.874321228491397,0.869791416566627,4,0
"additive",300,0.83248611644581,0.859059919339351,0.835188808334934,0.83697876656424,0.836255081300813,2,-0.0220811527751105
"additive",500,0.934385037275773,0.900294185019471,0.926125150168399,0.903143508473949,0.894336963382418,1,-0.0312415288018237
"additive",500,0.8910735,0.905919,0.922049,0.9222975,0.9262415,5,-0.00394400000000006
"additive",500,0.813165004686354,0.881847854029815,0.890730921236237,0.931910822227624,0.921737382103428,4,0
"additive",500,0.820312281179102,0.883639299132919,0.890009863195675,0.882310868721466,0.845790035971655,3,-0.00769899447420963
"additive",500,0.901372687852023,0.908874667978751,0.903761840757809,0.901780213933692,0.904912414394521,2,-0.00709445404505882
"additive",300,0.855973828170766,0.858943894191148,0.80519881718072,0.819606040669677,0.855102134822572,2,-0.0393378535214709
"additive",300,0.774786438908175,0.911366020857525,0.885711685274811,0.899470510516277,0.9337277999982,5,-0.0342572894819224
"additive",300,0.863891658757524,0.904543652462246,0.888993676690254,0.839212629800049,0.848395244903108,2,-0.0653310226621975
"additive",300,0.862139833162153,0.846066785240111,0.928655527443072,0.880620757032992,0.823828252210727,3,-0.0480347704100804
"additive",300,0.928427193515866,0.93575374853979,0.942526723848234,0.921196152245923,0.907146629114593,3,-0.0213305716023107
"additive",500,0.875272,0.9014705,0.958525,0.9326885,0.94468,3,-0.0258364999999999
"additive",500,0.919685934774608,0.946444788049479,0.937301971483894,0.927010489510489,0.938782684706598,2,-0.0194342985389897
"additive",500,0.949568897836638,0.908477425768518,0.931410700694784,0.944393271585862,0.939597191260143,1,-0.00517562625077639
"additive",500,0.89999559679006,0.931315929312469,0.91123579089156,0.90638975813368,0.944648648865023,5,-0.0382588907313431
"additive",500,0.895435326965231,0.902909446551145,0.895926834829357,0.891004756076097,0.883601137618202,2,-0.0119046904750476
"additive",1000,0.915610149762396,0.922832265316245,0.931112397798365,0.917444679114866,0.924967799484792,3,-0.0136677186834989
"additive",1000,0.91844447385731,0.946353941056617,0.961402632718872,0.935065416887263,0.961371047311931,3,-0.0263372158316086
"additive",1000,0.936846232211901,0.963501307535576,0.958418563796506,0.96271718727439,0.960464094912644,2,-0.000784120261186239
"additive",1000,0.906572636614918,0.920428135412875,0.930237488549588,0.905713105671804,0.944610005960215,5,-0.0388969002884104
"additive",1000,0.875046536484604,0.947470817120623,0.943152431506301,0.944315843621399,0.961970184624746,5,-0.0176543410033466
"additive",300,0.740742740742741,0.839042839042839,0.806451806451806,0.774007274007274,0.812199312199312,2,-0.0650355650355651
"additive",300,0.835712871405943,0.833038828621258,0.852065633050129,0.812535500568009,0.816517064273028,3,-0.0395301324821198
"additive",300,0.846676294214664,0.846445112968567,0.881092776736962,0.733574122111736,0.850800027221342,3,-0.147518654625226
"additive",300,0.887614887614888,0.871883871883872,0.872822372822373,0.860721360721361,0.903488903488904,5,-0.0427675427675428
"additive",300,0.878869581485435,0.875202964507348,0.893352468438581,0.869217324840255,0.881132079246948,3,-0.0241351435983268
"additive",1000,0.945829283317133,0.962022848091392,0.958422333689335,0.956715826863307,0.958550834203337,2,-0.00530702122808491
"additive",1000,0.923999303915774,0.952752783086753,0.954145451599644,0.960294195597667,0.946980584650743,4,0
"additive",1000,0.950023842057389,0.978403403603957,0.967563782512352,0.973923501055863,0.96791440100337,2,-0.00447990254809483
"additive",1000,0.949095864631484,0.937338493515665,0.934255324698254,0.927217754879301,0.934545233853364,1,-0.0218781097521829
"additive",1000,0.968629070611499,0.973513554103777,0.972433230707617,0.975537533478511,0.978211809466597,5,-0.00267427598808545
"additive",500,0.76821831766575,0.819218501754849,0.828828653068085,0.838146162742768,0.792840234673582,4,0
"additive",500,0.848506350635064,0.846305630563056,0.848386338633863,0.827191219121912,0.803918391839184,1,-0.0213151315131513
"additive",500,0.774545892734284,0.777164434630954,0.777964447431159,0.783544536712587,0.759603653658458,4,0
"additive",500,0.75311751247005,0.841213864855459,0.866805967223869,0.905082620330481,0.880436521746087,4,0
"additive",500,0.900503189837346,0.905518078413166,0.889351266329406,0.909273241387039,0.899940365650615,4,0
"additive",200,0.635557209763965,0.810511760721422,0.813747472412906,0.894571728444347,0.885867123708442,4,0
"additive",200,0.81372475489902,0.887827051308205,0.882571030284121,0.88871705486822,0.910695642782571,5,-0.0219785879143516
"additive",200,0.664252512160778,0.838633672555044,0.831369207629288,0.90635500672043,0.894470746127752,4,0
"additive",200,0.841080770773264,0.832543737792273,0.884063971740581,0.874224281138018,0.84683696727304,3,-0.00983969060256296
"additive",200,0.715268936783879,0.796351004431359,0.866757207333794,0.906356914910108,0.919139950335977,5,-0.0127830354258694
"additive",500,0.914367112167825,0.943788000688465,0.943471786927963,0.952110126445477,0.940901549447426,4,0
"additive",500,0.887246440871871,0.945554039945438,0.883960322571613,0.93849528583029,0.945901552455888,5,-0.00740626662559851
"additive",500,0.827485019801613,0.913219542934887,0.911884073652183,0.907499967439796,0.916105378845485,5,-0.00860541140568905
"additive",500,0.88505846552619,0.907195664760983,0.939121452093069,0.881896437067934,0.899072591653325,3,-0.0572250150251352
"additive",500,0.876849396818276,0.834020390425992,0.834714289719476,0.926062176580849,0.935285129527868,5,-0.00922295294701936
"additive",500,0.871718109166843,0.87954124284067,0.887585894457451,0.863390934665708,0.838472916306221,3,-0.0241949597917431
"additive",500,0.947241600697625,0.930746006856247,0.949586685120664,0.931816545395634,0.957834982059354,5,-0.0260184366637199
"additive",500,0.917344756102805,0.90358013222119,0.913286219575976,0.886564979084812,0.905665150986359,1,-0.0307797770179932
"additive",500,0.935655435655436,0.971637971637972,0.94957344957345,0.938809938809939,0.955183455183455,2,-0.0328280328280328
"additive",500,0.959617546231664,0.91239934637647,0.935595181426531,0.920056622038393,0.915953974343076,1,-0.039560924193271
"additive",200,0.759346451124375,0.839358574628068,0.784797306421556,0.834240095387567,0.834460659130489,2,-0.00511847924050046
"additive",200,0.892678426644458,0.915588535073978,0.892369243659243,0.912812402597338,0.922945286137077,5,-0.0101328835397393
"additive",200,0.666403397078609,0.7704979899417,0.709330354282786,0.737293989044782,0.757939630181306,2,-0.0332040008969184
"additive",200,0.707645571697118,0.715600079635119,0.721564710037126,0.7399463163255,0.740618612808248,5,-0.000672296482748913
"additive",200,0.868590244391026,0.849301382211539,0.828249699519231,0.818932792467949,0.822360276442308,1,-0.0496574519230769
"additive",300,0.726987867417136,0.726185866166354,0.80172707942464,0.803852908067542,0.796992120075047,4,0
"additive",300,0.80445708325701,0.754154742707742,0.747869702784376,0.745109049796855,0.742596134885625,1,-0.0593480334601553
"additive",300,0.714215876806687,0.755447609583305,0.784700712056067,0.75318161236421,0.801235379208925,5,-0.0480537668447141
"additive",300,0.797085563930678,0.756025738084785,0.741731580258001,0.759116988476067,0.766596094283637,1,-0.0379685754546119
"additive",300,0.843213202424568,0.850107228169335,0.864145962406594,0.852037635436233,0.832793106174401,3,-0.0121083269703613
"additive",200,0.726955846629769,0.723087974579697,0.768804101184974,0.749380700258925,0.849077953729605,5,-0.0996972534706798
"additive",200,0.814515006842451,0.788117760240902,0.794339535754437,0.705580377030586,0.710784043823724,1,-0.108934629811865
"additive",200,0.729652130325815,0.799439598997494,0.756024060150376,0.74762656641604,0.720392481203007,2,-0.0518130325814536
"additive",200,0.75404403527303,0.806820546059791,0.778555310159401,0.750939240445554,0.830515611996671,5,-0.0795763715511171
"additive",200,0.745061599833384,0.820912903122447,0.727742654480206,0.824748874541406,0.79269833704481,4,0
"additive",200,0.749333195988875,0.86581013062058,0.843559328305593,0.880197295980974,0.823608712305697,4,0
"additive",200,0.866708414927656,0.863903172066909,0.826646102894947,0.755038324302894,0.867795171217928,5,-0.112756846915034
"additive",200,0.765998255972096,0.919209207347318,0.854632674122786,0.891178758860142,0.85878874061985,2,-0.0280304484871758
"additive",200,0.922821994326162,0.844942261292659,0.874706905037232,0.890276449569661,0.901754168350546,1,-0.0325455447565011
"additive",200,0.759408727216698,0.814636942942817,0.82625608947133,0.769152881874512,0.844060508008737,5,-0.0749076261342251
"additive",500,0.837083208320832,0.865468546854685,0.903961896189619,0.895193519351935,0.874378937893789,3,-0.00876837683768383
"additive",500,0.970419000811137,0.953692173977402,0.956532654018529,0.957948893362978,0.926057003633614,1,-0.0124701074481587
"additive",500,0.851410785269632,0.838870971774294,0.825390134753369,0.813008825220631,0.892078301957549,5,-0.0790694767369183
"additive",500,0.924129580988118,0.9480110068793,0.93841200750469,0.923924953095685,0.962318449030644,5,-0.0383934959349593
"additive",500,0.896806896806897,0.928087928087928,0.933279433279433,0.92022342022342,0.915088415088415,3,-0.0130560130560131
"additive",1000,0.950198929963037,0.956620853706885,0.951643099422933,0.941199026074142,0.942455478533184,2,-0.0154218276327435
"additive",1000,0.922970797079708,0.912144714471447,0.938874387438744,0.948259825982598,0.963741874187419,5,-0.0154820482048205
"additive",1000,0.9464969579859,0.961454985892616,0.956160591139903,0.899568527081077,0.950376613647706,2,-0.0618864588115391
"additive",1000,0.957372796002524,0.969922416888454,0.96460801875517,0.95591504964339,0.949362942337255,2,-0.0140073672450645
"additive",1000,0.933912195121951,0.923248530331457,0.912731957473421,0.946669168230144,0.942656160100063,4,0
"additive",1000,0.944852327131583,0.899010780304417,0.936021758632795,0.911858834919025,0.910109123203908,1,-0.0329934922125578
"additive",1000,0.955358535853585,0.951822182218222,0.941411141114111,0.953733873387339,0.94963596359636,1,-0.0016246624662466
"additive",1000,0.939308156286911,0.947586157925109,0.947824686787101,0.946923577752908,0.943439156137893,3,-0.000901109034193048
"additive",1000,0.968556848569278,0.968066464107861,0.975302637267618,0.968444260300075,0.979187182751277,5,-0.0107429224512018
"additive",1000,0.937741167030267,0.956787281526618,0.936516462298453,0.942743298477896,0.936937235136287,2,-0.0140439830487225
"additive",200,0.759338879194416,0.811263787941854,0.861067975153688,0.836056568583504,0.790282202548668,3,-0.0250114065701844
"additive",200,0.77788001472212,0.842630338768783,0.85398147333216,0.843998035717143,0.882418568273831,5,-0.0384205325566882
"additive",200,0.81505786833304,0.724506828983374,0.787045834600182,0.819722540045767,0.802326535021043,4,0
"additive",200,0.822337961225766,0.791233020637899,0.775187492182614,0.796050031269543,0.783501188242652,1,-0.0262879299562226
"additive",200,0.824447111177779,0.830017750443761,0.79014425360634,0.81409535238381,0.822092552313808,2,-0.0159223980599515
"additive",300,0.811800112822113,0.830751827358162,0.869381898852175,0.820755868150157,0.83318330392757,3,-0.0486260307020175
"additive",300,0.719171479286982,0.840636015900397,0.859524988124703,0.851285782144554,0.897803445086127,5,-0.0465176629415736
"additive",300,0.816732535702818,0.868427475540431,0.826416334320619,0.861407946896653,0.877659143492469,5,-0.0162511965958162
"additive",300,0.831382876536885,0.87712872614626,0.837429359310963,0.837427858446465,0.853597171971055,2,-0.0397008676997951
"additive",300,0.873814196434287,0.892417458869471,0.825130733467768,0.922009034312784,0.882222348921324,4,0
"additive",1000,0.88617355620058,0.932829046141527,0.938433590231208,0.956755079571614,0.96890301271144,5,-0.0121479331398259
"additive",1000,0.914280914280914,0.923656423656424,0.961964461964462,0.953768453768454,0.941982941982942,3,-0.00819600819600819
"additive",1000,0.958228940690977,0.952161915363696,0.955449971045107,0.951858864148041,0.966594354445901,5,-0.0147354902978604
"additive",1000,0.864276278486506,0.891642024778223,0.933485901373112,0.93222188999701,0.940806967262705,5,-0.00858507726569546
"additive",1000,0.939777645769329,0.922098514304916,0.908134620615719,0.919037818420379,0.933182723694316,1,-0.0207398273489503
"additive",300,0.80537513437836,0.848424710617765,0.87086477161929,0.851411785294632,0.813193329833246,3,-0.0194529863246581
"additive",300,0.751711039165619,0.822373481118309,0.857176362805314,0.865378749008582,0.887303954368288,5,-0.0219252053597058
"additive",300,0.746840680231813,0.811972696273053,0.770650894915471,0.762290079085553,0.8084231517354,2,-0.0496826171875
"additive",300,0.826688168816882,0.812527752775278,0.830754575457546,0.864203420342034,0.848248324832483,4,0
"additive",300,0.87650732353792,0.870777817482601,0.912285706564008,0.913853212937633,0.893241404990196,4,0
"additive",500,0.736124570103935,0.78008322407798,0.72094132612498,0.759400710634821,0.76545600734436,2,-0.0206825134431587
"additive",500,0.76267,0.766282,0.750984,0.738567,0.7461105,2,-0.027715
"additive",500,0.78731,0.8033845,0.816726,0.771909,0.780531,3,-0.044817
"additive",500,0.861350303818359,0.882842639593909,0.876876797279388,0.892938911255032,0.878502663099197,4,0
"additive",500,0.792469718061956,0.818230866775474,0.817354310675883,0.83755610359063,0.816848278289811,4,0
"additive",300,0.83051878168121,0.79134710403239,0.813862016955323,0.836361426839661,0.802971882488968,4,0
"additive",300,0.928168156214495,0.952593173416972,0.938137091741211,0.900969239570498,0.923443475860524,2,-0.0516239338464739
"additive",300,0.813222155448718,0.818354867788462,0.782249098557692,0.827346754807692,0.817372295673077,4,0
"additive",300,0.855890923563694,0.834499337997352,0.811407245628982,0.856114424457698,0.862981451925808,5,-0.00686702746810985
"additive",300,0.668036435141288,0.810518861696893,0.859359434449152,0.857403050997996,0.863466239382919,5,-0.00606318838492337
"additive",500,0.742953686583179,0.752159769437925,0.792934636411728,0.778087502787525,0.756510308592777,3,-0.0148471336242025
"additive",500,0.678651515697077,0.727671623638233,0.773964697080628,0.778099007405451,0.82537927433777,5,-0.0472802669323188
"additive",500,0.879980976271349,0.90757288428532,0.889949930186317,0.910104880556589,0.879004784937848,4,0
"additive",500,0.712873184551538,0.756645594638491,0.767411442941905,0.783756358385263,0.808529417945682,5,-0.0247730595604196
"additive",500,0.757416257416257,0.812877812877813,0.78957478957479,0.747447747447747,0.75980525980526,2,-0.0654300654300655
"additive",500,0.87873051492206,0.861617446469786,0.814678758715035,0.884671038684155,0.772715590862363,4,0
"additive",500,0.838744468611715,0.869545238630966,0.894738868471712,0.87990449761244,0.873351333783345,3,-0.0148343708592715
"additive",500,0.835519833704481,0.801944319838511,0.818134802704305,0.831927678271039,0.87957843365001,5,-0.0476507553789711
"additive",500,0.805766144153604,0.837305432635816,0.84651216280407,0.848167204180104,0.839379484487112,4,0
"additive",500,0.826442174910239,0.871717781220105,0.83960056998531,0.819447946812045,0.84279272788405,2,-0.0522698344080599
"additive",500,0.905929648241206,0.844155603890097,0.852710817770444,0.875100377509438,0.8571204280107,1,-0.0308292707317683
"additive",500,0.911348234145717,0.831992806964203,0.848964750924133,0.904913307516282,0.884818413851595,1,-0.00643492662943468
"additive",500,0.910714625149691,0.889393222411083,0.897406256158966,0.907730309066298,0.883782748191953,1,-0.00298431608339278
"additive",500,0.906016354906272,0.891529608227111,0.832392245435724,0.900134054967543,0.89762915930816,1,-0.00588229993872913
"additive",500,0.876851910265153,0.852563659650061,0.920700438900855,0.910622642397442,0.879160570821455,3,-0.0100777965034132
"additive",500,0.891941854636591,0.892123308270677,0.865505764411028,0.860836090225564,0.879577443609023,2,-0.0312872180451127
"additive",500,0.909493438354368,0.942130980637915,0.907739528346369,0.928275892446875,0.917730908959857,2,-0.01385508819104
"additive",500,0.911909328735835,0.924448780156086,0.925275309911157,0.906954150349413,0.890094543403563,3,-0.0183211595617442
"additive",500,0.868105388295598,0.891994223213508,0.870096917411383,0.913273088367407,0.889992178102895,4,0
"additive",500,0.877859182987711,0.824857790898618,0.915244575652842,0.846078649033538,0.852054031458013,3,-0.0691659266193037
"additive",500,0.958998458998459,0.951916951916952,0.964057464057464,0.967013967013967,0.958008958008958,4,0
"additive",500,0.753281328132813,0.895707570757076,0.899787478747875,0.905790079007901,0.892865786578658,4,0
"additive",500,0.958761479312486,0.947861445210815,0.950863092291522,0.949353018297897,0.947239414731322,1,-0.0094084610145897
"additive",500,0.890496868793645,0.953945340028189,0.935087029117817,0.94571391104491,0.953813204721635,2,-0.00823142898327889
"additive",500,0.916911332060473,0.930762695582214,0.949224175542667,0.942725282290829,0.942777817804836,3,-0.00649889325183817
"additive",300,0.916084825838036,0.920676172930066,0.921627366350069,0.918348976403798,0.921057951246459,3,-0.00327838994627083
"additive",300,0.929484118044605,0.882807939726165,0.881320617756752,0.917984531050537,0.859426797827338,1,-0.0114995869940677
"additive",300,0.851208883117455,0.891868313926442,0.916875342025833,0.905775947192712,0.896430325773666,3,-0.0110993948331214
"additive",300,0.911734329627312,0.893538127095667,0.891064939596669,0.903926717845053,0.85937675474483,1,-0.00780761178225919
"additive",300,0.850974443693525,0.893639708643088,0.854673475006883,0.930609496633376,0.850752171409977,4,0
"additive",1000,0.92716491687488,0.945915617592415,0.946181890255622,0.94494011868153,0.913824756550708,3,-0.00124177157409178
"additive",1000,0.914216855421386,0.93091127278182,0.946984174604365,0.908598714967874,0.924921623040576,3,-0.038385459636491
"additive",1000,0.88121910526753,0.936120277153086,0.940994376270443,0.930271358212256,0.930715731930554,3,-0.010723018058187
"additive",1000,0.945422035193267,0.945060022160798,0.923767255621202,0.960283570208528,0.910074262673456,4,0
"additive",1000,0.882631368231408,0.917368631768592,0.866752577319588,0.866711039935942,0.899559103192874,2,-0.0506575918326494
"additive",1000,0.885706159067942,0.874023389575544,0.869905626457842,0.920804543710984,0.939691270422312,5,-0.018886726711328
"additive",1000,0.955359455359455,0.940961940961941,0.963096963096963,0.962554962554963,0.96948196948197,5,-0.00692700692700698
"additive",1000,0.902218055451386,0.918405460136503,0.908433210830271,0.923279081977049,0.936355908897722,5,-0.013076826920673
"additive",1000,0.921390224358974,0.917000701121795,0.916482872596154,0.952269631410256,0.949038962339744,4,0
"additive",1000,0.827243526902717,0.881533616891873,0.901176981341955,0.905864500098032,0.91793391058703,5,-0.0120694104889985
"additive",500,0.896349159918095,0.953944257670531,0.930356649129064,0.934885137382342,0.953363733626116,2,-0.0190591202881883
"additive",500,0.940675328989498,0.961788990458504,0.964562087762551,0.951182881339652,0.950865198354252,3,-0.0133792064228996
"additive",500,0.904173966783469,0.932824425190803,0.917392678282853,0.933103429654874,0.911765088241412,4,0
"additive",500,0.81043304330433,0.948447344734473,0.963171317131713,0.961287128712871,0.950404540454045,3,-0.00188418841884197
"additive",500,0.920238214392954,0.912982183965569,0.928159343409068,0.904268841957762,0.918523170853768,3,-0.0238905014513061
"additive",200,0.677095836534153,0.819711846232636,0.886086338102554,0.895475741789898,0.876895485244223,4,0
"additive",200,0.918555583012108,0.866209998609387,0.846741913183714,0.85910736634856,0.889601814400151,1,-0.0594482166635487
"additive",200,0.822002050051251,0.898336958423961,0.904198104952624,0.895572889322233,0.91299282482062,5,-0.0174199354983875
"additive",200,0.737366934173354,0.807916697917448,0.827386184654616,0.804025100627516,0.825650641266032,3,-0.0233610840271007
"additive",200,0.752798999374609,0.780808505315822,0.866040775484678,0.854553595997498,0.807948968105066,3,-0.0114871794871795
"additive",1000,0.93222138999251,0.942161479453315,0.960727146544319,0.949811048299435,0.953592582333241,3,-0.0109160982448842
"additive",1000,0.939099477486937,0.950817770444261,0.949903247581189,0.916909922748069,0.945749143728593,2,-0.0339078476961924
"additive",1000,0.941874,0.9516075,0.965118,0.9687975,0.9686415,4,0
"additive",1000,0.876700244835256,0.939642308492423,0.944027940023363,0.960563321118241,0.964422876894273,5,-0.0038595557760317
"additive",1000,0.764131718546692,0.884676709038134,0.862389150235212,0.91161845661095,0.86729756781103,4,0
"additive",300,0.774279751399677,0.857579068269042,0.864555945077418,0.8525651415285,0.8870543342978,5,-0.0344891927693003
"additive",300,0.890982178225745,0.92194921154454,0.935055457968382,0.946798762799147,0.934351229798455,4,0
"additive",300,0.932969557265717,0.941084484890687,0.941084484890687,0.946532621788946,0.946920309429764,5,-0.000387687640818202
"additive",300,0.862161353225703,0.819543712761868,0.805109932570953,0.820274461048113,0.823457720706003,1,-0.0418868921775898
"additive",300,0.874750318821735,0.890996974319222,0.911783151209022,0.90290015253432,0.88719111800155,3,-0.00888299867470177
"additive",500,0.871709986839947,0.949237796951188,0.947845791383165,0.954293817175269,0.91440315761263,4,0
"additive",500,0.893047890288394,0.927806938304728,0.957382114943495,0.944663523531995,0.938552317386577,3,-0.0127185914114996
"additive",500,0.909319735510478,0.937497249900996,0.946934589645227,0.93849528583029,0.929075446716082,3,-0.0084393038149374
"additive",500,0.80196032546083,0.862439196108551,0.859618015552995,0.894713761680748,0.895796330965182,5,-0.00108256928443418
"additive",500,0.878901910117191,0.889921509293584,0.929570366133295,0.932199389794508,0.954521590694316,5,-0.0223222008998082
"additive",300,0.867662823973839,0.884047569714496,0.831186770486438,0.930806505051354,0.898515973850871,4,0
"additive",300,0.75591072876903,0.825813390884662,0.879834766616096,0.843054287397279,0.854980753441029,3,-0.0367804792188168
"additive",300,0.740322856962524,0.893001660069468,0.905525316309857,0.921941169221891,0.914261970383239,4,0
"additive",300,0.865423122932095,0.908411548663538,0.898987201491492,0.886601773947694,0.922329776636221,5,-0.0357280026885269
"additive",300,0.829910344089442,0.874934356028892,0.861371936489645,0.878100270978313,0.851563601880944,4,0
"additive",500,0.876582532051282,0.940982071314103,0.909570813301282,0.947592648237179,0.94738531650641,4,0
"additive",500,0.904377839854935,0.941459606673528,0.954771356359225,0.93996535414485,0.935817153098874,3,-0.0148060022143742
"additive",500,0.944251073210349,0.92462072566223,0.931671107537077,0.935502358462259,0.931614096362887,1,-0.00874871474809058
"additive",500,0.863175580929487,0.892572616185897,0.931228966346154,0.909520733173077,0.933947315705128,5,-0.0244265825320513
"additive",500,0.854770354770355,0.926118926118926,0.954663954663955,0.945259945259945,0.958021458021458,5,-0.0127615127615127
"additive",500,0.763574236238181,0.741389952969259,0.769087167440841,0.779868922194688,0.775689078883788,4,0
"additive",500,0.756681926203877,0.841908692933083,0.853039149468418,0.844847029393371,0.860140587867417,5,-0.0152935584740462
"additive",500,0.691230537197356,0.818890420220512,0.808784464962955,0.821127242322894,0.836555964058824,5,-0.01542872173593
"additive",500,0.886645245295699,0.846985207053251,0.830387144777266,0.855310739887353,0.812992031490015,1,-0.031334505408346
"additive",500,0.845687793293379,0.83904489520717,0.858705992863424,0.858760012364464,0.885489661767898,5,-0.0267296494034347
"additive",200,0.811692220919953,0.826677760399374,0.871918389062006,0.788335380073683,0.76539355416795,3,-0.0835830089883236
"additive",200,0.688194804922032,0.740481141312882,0.64156192396515,0.697389858886152,0.642906151139543,2,-0.0430912824267301
"additive",200,0.846079434675918,0.828260001860672,0.846441565405111,0.821517067661426,0.847856076043452,5,-0.026339008382026
"additive",200,0.628198645444496,0.717141915923036,0.767661889809193,0.819267270382416,0.770764410676236,4,0
"additive",200,0.863071040067928,0.884421209888015,0.806982849773306,0.858824536599433,0.786284024095227,2,-0.025596673288582
"additive",1000,0.891124580484898,0.915713465684765,0.928891940109844,0.915619962318644,0.882516770603742,3,-0.0132719777912005
"additive",1000,0.905177914871315,0.917900908578081,0.918480022084329,0.919099643530132,0.910686494552932,4,0
"additive",1000,0.882747030988124,0.873297493189973,0.875172000688003,0.87252349009396,0.859079936319745,1,-0.0102235408941636
"additive",1000,0.840022487583727,0.860105483202456,0.867833335337574,0.886734329841946,0.888585747441586,5,-0.0018514175996408
"additive",1000,0.92021601650679,0.922101335125636,0.950969213797132,0.930583768656903,0.933738301773,3,-0.0203854451402287
"additive",1000,0.929002429002429,0.956610456610457,0.952055952055952,0.965170965170965,0.962179962179962,4,0
"additive",1000,0.908465633344305,0.948478278921004,0.927290435081871,0.954700022710015,0.956319737004019,5,-0.00161971429400365
"additive",1000,0.914143156572626,0.905434621738487,0.911935647742591,0.93002622010488,0.930677222708891,5,-0.000651002604010409
"additive",1000,0.939864980456381,0.949688312545833,0.955869538466464,0.965330710843482,0.968659678918403,5,-0.003328968074921
"additive",1000,0.957048457048457,0.955614955614956,0.961570961570962,0.956996456996457,0.973897473897474,5,-0.016901016901017
"additive",200,0.587566322584647,0.626103208597348,0.612575552467255,0.579525569026015,0.625972139261669,2,-0.0465776395713333
"additive",200,0.773487400882643,0.782938363979835,0.764452958194952,0.753174405545872,0.774233437438435,2,-0.0297639584339632
"additive",200,0.634934039736159,0.712928351713407,0.739560458241833,0.729588918355673,0.701503806015224,3,-0.00997153988615951
"additive",200,0.773527226101211,0.848943471446674,0.772352527577161,0.815677849556575,0.766884603497991,2,-0.0332656218900994
"additive",200,0.74484000256124,0.771321319518647,0.748007535647253,0.69731199900752,0.680216224652732,2,-0.0740093205111274
"additive",500,0.938092341188525,0.908585345158812,0.911531542168289,0.915578873431096,0.897064709272541,1,-0.0225134677574282
"additive",500,0.833584363708009,0.86337546843168,0.919630275263307,0.935552701876927,0.886739795515257,4,0
"additive",500,0.875289518529186,0.922488039234511,0.942211801555299,0.936390428987455,0.938875588037634,3,-0.00582137256784432
"additive",500,0.897242075178677,0.919709777387997,0.945937513437621,0.954982094838854,0.949933549401945,4,0
"additive",500,0.884553524543022,0.901731389562652,0.93621214773324,0.891934685304193,0.932626340926708,3,-0.0442774624290466
"additive",1000,0.91521202120212,0.903379837983798,0.908416341634163,0.914114411441144,0.913960396039604,1,-0.00109760976097606
"additive",1000,0.868258544668689,0.878776560051443,0.876233935462838,0.864481859611121,0.892880251132306,5,-0.0283983915211846
"additive",1000,0.955696196200702,0.960416560385952,0.965287468078275,0.964889853167565,0.960493582645385,3,-0.00039761491070911
"additive",1000,0.899016927083333,0.875132211538462,0.884385016025641,0.910132211538462,0.881186899038462,4,0
"additive",1000,0.964184070449432,0.965159422551541,0.946791791836853,0.955637985312698,0.955483929698621,2,-0.00952143723884324
"additive",300,0.874889268587112,0.845619139993534,0.852633881159795,0.867049234314176,0.910373869288386,5,-0.0433246349742102
"additive",300,0.87026596617304,0.910457988388238,0.902112284380139,0.868459881001444,0.872931329750839,2,-0.0419981073867933
"additive",300,0.813309012944207,0.84351399622394,0.848218571497144,0.826346221539545,0.80652440439047,3,-0.0218723499575993
"additive",300,0.788853992148233,0.832464304468505,0.772693356005101,0.770477357405416,0.770129279087795,2,-0.0619869470630892
"additive",300,0.872923991695967,0.865744462977852,0.874173496693987,0.86311045244181,0.864233956935828,3,-0.0110630442521771
"bump",200,0.967307907706093,NA,NA,NA,0.960660482270865,1,NA
"bump",200,0.965109627740694,0.96985624640616,0.952134303357584,0.912091302282557,0.967399684992125,2,-0.0577649441236031
"bump",200,0.922929935668177,0.906408058143876,0.915441239030709,0.919683816147318,NA,1,-0.00324611952085962
"bump",200,0.945855550751789,NA,NA,NA,NA,1,NA
"bump",200,0.977737094837935,0.95499949979992,NA,0.975240596238495,NA,1,-0.00249649859943979
"bump",300,0.986694880253922,0.988296894672052,0.988296894672052,0.988296894672052,0.988296894672052,2,0
"bump",300,0.995652996125768,0.997829749935963,0.997829749935963,0.997829749935963,0.997829749935963,2,0
"bump",300,0.95904972025842,NA,NA,NA,NA,1,NA
"bump",300,0.968634134283893,0.96057976264697,0.957555558001783,0.967042974328285,0.951616728595146,1,-0.00159115995560766
"bump",300,0.982247196411888,NA,NA,NA,NA,1,NA
"bump",300,0.934630524270912,0.931092548833569,0.931092548833569,0.931092548833569,0.931092548833569,1,-0.0035379754373428
"bump",300,0.977544565669826,0.979780353483607,0.982245273277408,0.988111652311732,0.985691758452869,4,0
"bump",300,0.982568430273721,0.951833307333229,0.951833307333229,0.945930783723135,0.946362285449142,1,-0.0366376465505862
"bump",300,0.96335156553943,0.985850787945341,0.989847771580361,0.980825679907269,0.990429341950376,5,-0.00960366204310725
"bump",300,0.955389955389955,0.96017796017796,0.96017796017796,0.96017796017796,0.96017796017796,2,0
"bump",500,0.990513535796619,0.996279857197746,0.996279857197746,0.996279857197746,0.996279857197746,2,0
"bump",500,0.99040049040049,0.984948484948485,0.984948484948485,0.984948484948485,0.984948484948485,1,-0.00545200545200542
"bump",500,0.981058605860586,NA,NA,NA,NA,1,NA
"bump",500,0.982535371273366,NA,NA,NA,NA,1,NA
"bump",500,0.990810932459803,0.980416093621065,0.980416093621065,0.980416093621065,0.990587882273512,1,-0.0103948388387387
"bump",200,0.951552120848339,0.959245198079232,0.959245198079232,0.959245198079232,0.959245198079232,2,0
"bump",200,0.965715862863451,0.965678862715451,0.965678862715451,0.965678862715451,0.960404841619366,1,-3.70001480005655e-05
"bump",200,0.898366459161479,0.899790994774869,0.899790994774869,0.899790994774869,0.899790994774869,2,0
"bump",200,0.936938419132355,NA,NA,NA,NA,1,NA
"bump",200,0.953186818681868,0.962556755675568,0.962556755675568,0.962556755675568,0.927782278227823,2,0
"bump",1000,0.994645629281096,0.993740397541771,0.993740397541771,0.993740397541771,0.993740397541771,1,-0.00090523173932533
"bump",1000,0.990689637231045,0.989863661469006,0.989863661469006,0.989863661469006,0.989863661469006,1,-0.000825975762038911
"bump",1000,0.951168779219481,0.94980874521863,0.94980874521863,0.94980874521863,0.949753743843596,1,-0.00136003400085005
"bump",1000,0.986717667941699,0.990492262306558,0.991925298132453,0.982853571339284,0.982845071126778,3,-0.00907172679316981
"bump",1000,0.996717705667752,0.997542158735498,0.996569033803076,0.997879048179696,0.999662609977134,5,-0.00178356179743777
"bump",500,0.990880335106532,0.994487773735045,0.994487773735045,0.994487773735045,0.994487773735045,2,0
"bump",500,0.986673001425321,0.989748693456028,0.989748693456028,0.989748693456028,0.989748693456028,2,0
"bump",500,0.986923940839208,0.989237128207385,0.989237128207385,0.989237128207385,0.989237128207385,2,0
"bump",500,0.995253696236559,0.996258260528674,0.991867479518689,0.996820296498976,0.993205065124168,4,0
"bump",500,0.986057143657278,NA,NA,NA,NA,1,NA
"bump",500,0.997283888874997,0.997377910029757,0.997377910029757,0.997377910029757,0.997377910029757,2,0
"bump",500,0.978150424805606,0.979966303690986,0.979966303690986,0.979966303690986,0.979966303690986,2,0
"bump",500,0.985694642366059,0.987094177354434,0.987094177354434,0.987094177354434,0.987094177354434,2,0
"bump",500,0.975068975068975,0.963611463611464,0.972932972932973,0.971022471022471,0.962976462976463,1,-0.00404650404650408
"bump",500,0.979721659032315,0.97291782433481,0.9407514204901,0.942771895572076,0.940462566644139,1,-0.0369497634602388
"bump",300,0.981071274263494,0.960526315789474,0.992236382039014,0.989284456961802,0.982917040053768,3,-0.0029519250772112
"bump",300,0.9833922003459,0.972784134614904,0.972784134614904,0.972784134614904,0.975020781005711,1,-0.0106080657309962
"bump",300,0.707092562784291,0.726057482862451,0.949574864661413,0.95107540121084,0.978709198218976,5,-0.0276337970081364
"bump",300,0.88988000892008,0.873842864585781,0.878717408456676,0.860153741383672,0.888717998461986,1,-0.0297262675364078
"bump",300,0.922016688066752,0.908281133124533,0.938927755711023,0.938155752623011,0.91684816739267,3,-0.000772003088012285
"bump",500,0.984493161484215,NA,NA,NA,NA,1,NA
"bump",500,0.859821459828461,0.958995774049161,0.960263059188317,0.9541451826661,0.884044409992248,3,-0.00611787652221751
"bump",500,0.774198340262245,0.859916612982606,0.960561221835875,0.941894673874335,0.927174904669113,3,-0.0186665479615395
"bump",500,0.918388625023628,NA,NA,NA,NA,1,NA
"bump",500,0.99006349006349,0.986670986670987,0.986670986670987,0.986670986670987,0.98953198953199,1,-0.00339250339250341
"bump",200,0.986921107213787,0.970624419405471,0.869894772246781,0.913670598693062,0.879131230379909,1,-0.0732505085207252
"bump",200,0.952728683705502,0.955646826694508,0.940864102341015,0.954106251206309,0.946943400226611,2,-0.00154057548819897
"bump",200,0.981723608891239,0.983792596509359,0.980304059061284,0.980468796942785,0.977831989392683,2,-0.00332379956657403
"bump",200,0.997177658496678,0.994864878650317,0.970114883900952,0.985024687987246,0.982673403481821,1,-0.0121529705094316
"bump",200,0.966848701638315,0.95616860551745,0.962295660660946,0.968613717523458,0.943173988565897,4,0
"bump",500,0.987007453460878,0.986363327212134,0.986363327212134,0.986363327212134,0.986363327212134,1,-0.00064412624874477
"bump",500,0.996094250032002,0.995561215917819,0.99256602422555,0.996490275377624,0.9930420546915,4,0
"bump",500,0.952542658284688,0.950041395374944,0.952502064757201,0.952160778433511,0.94488200814677,1,-0.000381879851177103
"bump",500,0.984782452168278,NA,NA,NA,NA,1,NA
"bump",500,0.977816300196812,0.983279008701633,0.983279008701633,0.983279008701633,0.981354001758574,2,0
"bump",1000,0.998255984303859,NA,NA,NA,NA,1,NA
"bump",1000,0.992636992636993,NA,NA,NA,NA,1,NA
"bump",1000,0.990952595259526,0.991543154315431,0.991543154315431,0.991543154315431,0.991543154315431,2,0
"bump",1000,0.997380622809685,NA,NA,NA,NA,1,NA
"bump",1000,0.991864364053954,0.986501126364942,0.986501126364942,0.987038300409333,0.987956597937732,1,-0.0048260636446209
"bump",1000,0.993517837945949,0.994569864246606,0.995222380559514,0.993798344958624,0.994477361934048,3,-0.00142403560088999
"bump",1000,0.990847577170188,0.997444274463483,0.992170523297577,0.995418528859862,0.993753450129289,2,-0.00202574560362101
"bump",1000,0.966393933665974,0.998597330276964,0.994265306102038,0.998634834815013,0.997526200670281,4,0
"bump",1000,0.998839235927926,0.99807240084452,0.997359624631223,0.984518140254737,0.982629083071465,1,-0.0143210956731882
"bump",1000,0.978484340902507,0.995006009428638,0.990444056178886,0.970117251520902,0.99109912900875,2,-0.0248887579077365
"bump",1000,0.99016899016899,0.990711990711991,0.990711990711991,0.990711990711991,0.990711990711991,2,0
"bump",1000,0.996200540265372,0.996116030039635,0.997389684151782,0.996897124552071,0.997465693348895,5,-0.000568568796824431
"bump",1000,0.980729222981767,0.993187124315709,0.958704762705688,0.998760567215701,0.998390139000685,4,0
"bump",1000,0.995695916823743,NA,NA,NA,NA,1,NA
"bump",1000,0.992006474855411,0.988842579577594,0.989783994741681,0.976613186415209,0.990614360933172,1,-0.0153932884402022
"bump",500,0.983268942047843,NA,NA,NA,NA,1,NA
"bump",500,0.987649221487894,0.987857251444208,0.987857251444208,0.987857251444208,0.987857251444208,2,0
"bump",500,0.928009802205496,0.91829411617614,0.981204771073492,0.98139931484584,0.989703183216224,5,-0.00830386837038333
"bump",500,0.989523958095832,0.990911463645855,0.990911463645855,0.990911463645855,0.981496425985704,2,0
"bump",500,0.970918591859186,0.997342234223422,0.99989298929893,0.997698269826983,0.996754175417542,3,-0.00219471947194716
"bump",200,0.925321133028326,0.96577614440361,0.951705792644816,0.942961074026851,0.971612290307258,5,-0.028651216280407
"bump",200,0.764746530875111,0.876480053281918,0.773385841890308,0.898638850998636,0.848357540871471,4,0
"bump",200,0.833771063033077,0.871086936518859,0.890258697252404,0.906053471699925,0.871889552095502,4,0
"bump",200,0.562120895314834,0.524788431698379,0.658125233227853,0.777893050835418,0.854866996345388,5,-0.0769739455099699
"bump",200,0.81218499599359,0.908040364583333,0.906138321314103,0.805147235576923,0.759166165865385,2,-0.10289312900641
"bump",500,0.957117969512653,0.944663212435233,0.944663212435233,0.944663212435233,0.945923756601837,1,-0.0124547570774198
"bump",500,0.981072790266892,0.970699757152402,0.959895139447332,0.938179383159099,0.968929410164392,1,-0.0428934071077931
"bump",500,0.931925129301372,NA,NA,NA,NA,1,NA
"bump",500,0.999736763086778,0.981551896707036,0.972169452507257,0.987556300670604,0.994552597337604,1,-0.0121804624161745
"bump",500,0.998715036128042,NA,NA,NA,NA,1,NA
"bump",1000,0.995892117681048,0.995910675879558,0.992850579417052,0.993506135240113,0.997109936761685,5,-0.00360380152157169
"bump",1000,0.996357543017207,0.996734693877551,0.989157663065226,0.996573629451781,0.988953581432573,2,-0.000161064425770241
"bump",1000,0.967488967488968,0.978411978411978,0.984911484911485,0.982075482075482,0.983381483381483,3,-0.00283600283600283
"bump",1000,0.902696772593446,0.966588861687148,0.95254146265361,0.920646421370968,0.952825480830773,2,-0.0459424403161802
"bump",1000,0.956838174323723,0.938962862373267,0.946068623091744,0.937245382332088,0.943417294573364,1,-0.0195927919916359
"bump",500,0.992439018047537,0.981847442098651,0.979362455041188,0.988692783785622,0.982045981012278,1,-0.00374623426191534
"bump",500,0.987948217147436,0.971478365384615,0.972019731570513,0.967771434294872,0.975409655448718,1,-0.0201767828525641
"bump",500,0.985530869777828,0.984096356867212,0.989698907290166,0.979816818351365,0.986802881225931,3,-0.00988208893880049
"bump",500,0.990087273622471,0.994232795708071,0.987863152237981,0.988692256655102,0.987770084391521,2,-0.0055405390529697
"bump",500,0.987748959449281,0.982156843327722,0.983402203236735,0.981825747641068,0.9773709602075,1,-0.00592321180821265
"bump",500,0.994167976671907,0.984220436881748,NA,0.995247980991924,0.987981951927808,4,0
"bump",500,0.97068175362371,NA,NA,0.969393501126221,NA,1,-0.00128825249748954
"bump",500,0.994873417974688,NA,0.986413282612522,0.994353909662555,0.99324039184627,1,-0.000519508312133099
"bump",500,0.998823424699181,0.99927745375704,0.998341393849206,0.996599282354071,0.998031374007937,2,-0.00267817140296978
"bump",500,0.988891791164273,0.988525503995132,0.990182302925494,0.988407911802853,0.988480969079759,3,-0.00177439112264011
"bump",1000,0.993249424482034,NA,NA,NA,NA,1,NA
"bump",1000,0.951415305661223,0.946191784767139,0.946191784767139,0.946373285493142,0.950577302309209,1,-0.00504202016808075
"bump",1000,0.988962836715996,0.987267504430868,0.985665190377314,0.986833419350193,0.989291401114618,5,-0.0024579817644258
"bump",1000,0.990320398807585,NA,NA,NA,NA,1,NA
"bump",1000,0.998973998973999,0.999548999549,0.999211999211999,0.998832998832999,0.997880497880498,2,-0.000716000716000753
"bump",200,0.785940836688255,0.874449251081493,0.874449251081493,0.874449251081493,0.874449251081493,2,0
"bump",200,0.937324455060495,0.916838210581909,0.916838210581909,0.916838210581909,0.924171087798476,1,-0.0204862444785865
"bump",200,0.93645330797718,0.939326894204784,0.939302872585327,0.898133319987989,0.903564708237414,2,-0.0411935742167951
"bump",200,0.813399176608721,0.841770941875142,0.856324928256054,0.832238781468992,0.803777430110336,3,-0.0240861467870624
"bump",200,0.97292976750512,0.972490739407322,0.974763884888633,0.966965885816692,0.967898445500512,3,-0.00779799907194056
"bump",300,0.931543287126653,0.946760780641812,0.941631929126415,0.925017931473262,0.96053675376811,5,-0.0355188222948485
"bump",300,0.935824560526118,0.963455777549949,0.99197569453127,0.955499487384662,0.99449976244655,5,-0.039000275061889
"bump",300,0.993408476203923,0.982469000061084,0.982469000061084,0.982469000061084,0.982469000061084,1,-0.0109394761428395
"bump",300,0.968578878226582,0.963540713037197,0.963540713037197,0.963540713037197,0.963362618825359,1,-0.00503816518938516
"bump",300,0.947368921533594,0.947817352475729,0.973154701668303,0.958540657571927,0.968946157257124,3,-0.0146140440963766
"bump",200,0.923716194864779,0.947461289845159,0.972661390645563,0.940259261037044,0.955825823303293,3,-0.0324021296085184
"bump",200,0.9067121592561,0.966008205485541,0.955045032057058,0.936181225496674,0.952479566378734,2,-0.0298269799888672
"bump",200,0.989632247849887,0.97862188709892,0.97862188709892,0.97862188709892,0.97862188709892,1,-0.011010360750967
"bump",200,0.90568315114836,0.981151330361973,0.977962301660715,0.981209830888478,0.945239507155564,4,0
"bump",200,0.786366229606646,0.879350915824242,0.879350915824242,0.879350915824242,0.875335802222,2,0
"bump",300,0.993946628314477,0.986503556512138,0.986503556512138,0.986503556512138,0.986674581139684,1,-0.00744307180233961
"bump",300,0.914885396857171,0.912040836753078,0.912040836753078,0.87531528375538,0.883258933039736,1,-0.0395701131017916
"bump",300,0.95895158902882,0.970819798050919,0.970819798050919,0.979912607415468,0.97880594805652,4,0
"bump",300,0.973834522385253,0.973291346396232,0.973291346396232,0.973291346396232,0.973291346396232,1,-0.000543175989020428
"bump",300,0.981364614373554,0.953317508760032,0.953317508760032,0.953287500087525,0.974403102496622,1,-0.0280771142860287
"bump",1000,0.967313585291113,0.992799824722703,0.996753068103033,0.997074709947087,0.996105782650149,4,0
"bump",1000,0.972241555864894,0.985630270084321,0.988306812909007,0.994268408294533,0.9937493999904,4,0
"bump",1000,0.988295977192777,0.990710783062012,0.991641557291933,0.990812422206,0.993563188004378,5,-0.00275076579837807
"bump",1000,0.972310991506181,0.968841480751749,0.966592881370865,0.965562189891515,0.961111044367289,1,-0.00674880161466662
"bump",1000,0.992454568369503,0.99554886050829,0.993103234428014,0.993294283336534,0.996721660745151,5,-0.00342737740861665
"bump",500,0.962110794863173,NA,NA,NA,NA,1,NA
"bump",500,0.990645105146918,NA,NA,NA,NA,1,NA
"bump",500,0.98030403489771,NA,NA,NA,NA,1,NA
"bump",500,0.962147123385574,0.960293341901567,0.960293341901567,0.960293341901567,0.960293341901567,1,-0.00185378148400606
"bump",500,0.967884218539158,0.989245391918264,0.986150497493776,0.948591642984823,0.982103327861752,2,-0.0406537489334418
"bump",200,0.952057151226245,0.961247472072419,0.870242079160247,0.894015131452234,0.923876777574474,2,-0.0672323406201849
"bump",200,0.990507066916823,0.980150594121326,0.993147217010632,0.977469418386492,0.958615134459037,3,-0.0156777986241401
"bump",200,0.931965939704233,0.92014817349063,0.932418603115725,0.90711496850363,0.933356441675445,5,-0.026241473171815
"bump",200,0.929516265130791,0.934155723650428,0.920226337510347,0.91478560897022,0.902442747480329,2,-0.0193701146802077
"bump",200,0.757023156474595,NA,NA,0.654420867949946,0.790841097362882,5,-0.136420229412936
"bump",1000,0.958896324282787,0.987735935899078,0.992583227939293,0.991075359407018,0.998559170081967,5,-0.00748381067494885
"bump",1000,0.978394054975666,0.998292016201332,0.999797383292777,0.969956695056353,0.969885654136783,3,-0.0298406882364242
"bump",1000,0.983712120075347,0.992752883791049,0.99460555260449,0.995872509976101,0.996023064326222,5,-0.000150554350120458
"bump",1000,0.991240616554899,0.996685516965269,0.992256030427385,0.992545791212091,0.980886798118306,2,-0.00413972575317789
"bump",1000,0.975778752635517,0.933897543918608,0.914267696468508,0.977239538949634,0.978220231165308,5,-0.000980692215674317
"bump",200,0.97154294621855,0.975990298868101,0.988629985262204,0.973071254693733,0.973161302328932,3,-0.0155587305684707
"bump",200,0.956502412560314,0.93627140678517,0.93627140678517,0.93627140678517,0.93627140678517,1,-0.0202310057751444
"bump",200,0.918314302884615,0.912176983173077,0.912176983173077,0.912176983173077,0.912176983173077,1,-0.00613731971153841
"bump",200,0.961492454913508,0.966293646285065,0.967642340497032,0.966370657374662,0.959354647069178,3,-0.00127168312236958
"bump",200,0.912522100353606,NA,NA,NA,NA,1,NA
"bump",200,0.953669491160824,0.969307763807054,0.954647008267373,0.951873040838604,0.945134976402517,2,-0.0174347229684504
"bump",200,0.878715967899197,0.866854671366784,0.83686342158554,0.858413460336508,0.872690817270432,1,-0.020302507562689
"bump",200,0.95471430974543,0.966284304458578,0.975315008250693,0.965809188708566,0.93820241032378,3,-0.00950581954212659
"bump",200,0.94653381265604,0.938514259650471,0.829206276806863,0.962556414442097,0.708627408616606,4,0
"bump",200,0.932225932225932,0.941652441652442,0.96953746953747,0.906986906986907,0.940965440965441,3,-0.0625505625505626
"bump",1000,0.997856850863271,0.995603488353452,0.993629166065503,0.994412682954199,0.992848654996072,1,-0.00344416790907187
"bump",1000,0.99155441233557,0.99581547468975,0.99581547468975,0.99581547468975,0.99581547468975,2,0
"bump",1000,0.989610244131258,0.999929988168,0.999911985125486,0.999875979040458,0.995943314420137,2,-5.40091275424981e-05
"bump",1000,0.994825019211066,0.996260846247438,0.98914574795082,0.996909719998719,0.996902715964396,4,0
"bump",1000,0.985244173146506,0.989336650530842,0.988900493078001,0.980050298157635,0.984567929022377,2,-0.00928635237320674
"bump",1000,0.984804109852122,0.980900610556302,0.980900610556302,0.980880105306959,0.980485504289098,1,-0.00392400454516362
"bump",1000,0.987259033129817,0.987708437593834,0.987708437593834,0.988672805524972,0.988796416775098,5,-0.000123611250125055
"bump",1000,0.991462965851863,0.991193964775859,0.991193964775859,0.991181464725859,0.991585466341865,5,-0.000404001616006511
"bump",1000,0.990659462637851,0.987699950799803,0.987699950799803,0.987699950799803,0.98686294745179,1,-0.00295951183804732
"bump",1000,0.997756479808318,0.997839480555325,0.997671479043311,0.997839480555325,0.997686479178313,2,0
"bump",200,0.77157535517268,0.913606320153311,0.837863558736491,0.851878426500039,0.877958184540374,2,-0.061727893653272
"bump",200,0.833689051223376,0.839109331743771,0.936439847338017,0.871112440191388,0.791096917956186,3,-0.0653274071466291
"bump",200,0.583982083982084,0.566950066950067,0.707230207230207,0.891877891877892,0.851228351228351,4,0
"bump",200,0.539908874277393,0.759468109005861,0.738465866466617,0.782234997251987,0.732346020997228,4,0
"bump",200,0.946086869545648,0.955181415818559,0.961366807531695,0.968190842939661,0.964800580130529,4,0
"bump",1000,0.993323038517547,0.991474772367221,0.990378114448481,0.99094569618025,0.98810378694532,1,-0.00237734233729658
"bump",1000,0.988493815901054,0.980084181346902,0.98800880814093,0.980501688027008,0.985721771548345,1,-0.00799212787404602
"bump",1000,0.997917247987006,0.998037762569271,0.996228543653782,0.998405307042152,0.990837891384858,4,0
"bump",1000,0.989601484543681,0.997442807413906,0.994718874054134,0.994376379491986,0.994453490840774,2,-0.00306642792191925
"bump",1000,0.994169947529528,NA,NA,NA,NA,1,NA
"bump",200,0.900980667947395,0.916848447959828,0.933538623561058,0.959265640282267,0.918354087601398,4,0
"bump",200,0.85090791238668,0.901015893593248,0.926631796589214,0.829718788729943,0.906296419665283,3,-0.0969130078592713
"bump",200,0.959194818834238,0.963575804556025,0.954709809707184,0.93326498462154,0.958111575104398,2,-0.0303108199344853
"bump",200,0.968966503464055,0.965793452695243,0.973745079921279,0.976383122129954,0.985589269428311,5,-0.00920614729835678
"bump",200,0.940473428173657,0.937890556240099,0.984440259397353,0.933508425213231,0.979553055640012,3,-0.0509318341841225
"bump",200,0.938168715625363,0.954076186012602,0.970298611194565,0.967826040802919,0.801154867628856,3,-0.0024725703916455
"bump",200,0.932371261461651,0.929869401193772,0.918490762669824,0.92476416603991,0.92105563201101,1,-0.00760709542174076
"bump",200,0.918048662268315,0.944590488665633,0.95104130364246,0.952631600030444,0.948655859060483,4,0
"bump",200,0.961829720529111,0.948968577656534,0.954915724576572,0.957592690961437,NA,1,-0.00423702956767391
"bump",200,0.849794426130056,0.941209477120584,0.877797921936989,0.925763156076968,0.80243885591409,2,-0.0154463210436165
"bump",1000,0.999817419481992,0.999868441982914,0.999938472866534,0.999951478602063,0.998540356297127,4,0
"bump",1000,0.996558444935119,NA,NA,NA,NA,1,NA
"bump",1000,0.997884958549389,0.997668403111196,0.997668403111196,0.9978744558607,0.997873955732668,1,-1.05026886882964e-05
"bump",1000,0.998302918739403,0.998315938542523,0.998315938542523,0.998315938542523,0.998346985765349,5,-3.10472228258751e-05
"bump",1000,0.999638470716128,NA,NA,NA,NA,1,NA
"bump",300,0.956784999584966,0.975307499907493,0.975940051144143,0.973398345265967,0.960134770916444,3,-0.00254170587817615
"bump",300,0.970204880819523,0.991146464585858,0.973678394713579,0.981700426801707,0.977377909511638,2,-0.0094460377841511
"bump",300,0.982114551278654,0.984388735487574,0.983504663877774,0.986244885835753,0.983424157356746,4,0
"bump",300,0.966208783516207,0.950967234820454,0.96699881195723,0.950296210663584,0.97550961834626,5,-0.0252134076826765
"bump",300,0.980326354186687,0.988178394676148,0.982921511627907,0.98844616887693,0.987188380902044,4,0
"bump",300,0.982778916248866,0.989721756332516,0.983559510700795,0.962772495471952,0.978302374587325,2,-0.0269492608605642
"bump",300,0.958896443702966,0.993870798676541,0.992187468743874,0.995238566759085,0.99790008841733,5,-0.00266152165824507
"bump",300,0.957611766212253,0.991145631184504,0.994608253073996,0.972188989232511,0.965534333123932,3,-0.0224192638414847
"bump",300,0.971014775369384,0.979884997124928,0.986009650241256,0.983221580539513,0.981811545288632,3,-0.00278806970174261
"bump",300,0.984892986987514,0.987109102535749,0.987452352765166,0.995726884899091,0.996096654461102,5,-0.000369769562010736
"bump",500,0.991585461469534,0.964042198700717,0.998336393529186,0.99684329797107,0.993038554467486,3,-0.00149309555811572
"bump",500,0.979962614616505,0.991316249539934,0.983401109759805,0.985364392472516,0.990801675441264,2,-0.00595185706741774
"bump",500,0.969687039734887,0.988358294377562,0.983595551037397,0.975499387647285,0.985889872566598,2,-0.0128589067302767
"bump",500,0.961483537088427,0.979128978224456,0.950075251881297,0.988121203030076,0.974428360709018,4,0
"bump",500,0.98686290706115,0.996995819879352,0.997671647768516,0.997011839503392,0.997521463793147,3,-0.000659808265124795
"bump",1000,0.990122330673884,0.994902638545914,0.997543084781328,0.998871309251263,0.994755113614201,4,0
"bump",1000,0.976912,0.9834055,0.991015,0.967969,0.993027,5,-0.025058
"bump",1000,0.993114438029942,0.995107955971604,0.991786926082335,0.994593951345562,0.991132920196282,2,-0.000514004626041675
"bump",1000,0.988805458770616,0.990345514730818,0.99517475808767,0.997694667775067,0.999045655481629,5,-0.00135098770656206
"bump",1000,0.976043109699682,0.987039083793854,0.994783326248406,0.988393388512415,0.994814333224976,5,-0.00642094471256027
"bump",500,0.977780483015117,0.985953806569519,0.987693173984835,0.985166281921801,0.986474815242309,3,-0.00252689206303414
"bump",500,0.990031415416795,0.989943259910482,0.996063055229425,0.992521808470141,0.991161909608549,3,-0.00354124675928336
"bump",500,0.97255198075291,0.976505079982706,0.975984171590527,0.994415121455221,0.975901106467471,4,0
"bump",500,0.891046321323804,0.976627870966966,0.924986795831993,0.962218039649586,0.954450881998334,2,-0.0144098313173801
"bump",500,0.863319769877929,0.940287462587163,0.969641726775541,0.978333304999745,0.945499009491085,4,0
"bump",500,0.982446812767337,0.982836939168291,0.991444728091902,0.989204002096679,0.973945558360909,3,-0.0022407259952224
"bump",500,0.993719586907054,0.994838838738716,0.992324272961416,0.992098722212498,0.994814333224976,2,-0.00274011652621842
"bump",500,0.928219915916973,0.908971722982027,0.929371457372465,0.906058118092251,0.965018240656664,5,-0.0589601225644123
"bump",500,0.982377136479687,0.988960459062494,0.994018706916639,0.992049610430911,0.996544330672203,5,-0.00449472024129183
"bump",500,0.979832883741035,0.99378441982582,0.989462930648053,0.995109182889344,0.978251472848361,4,0
"bump",500,0.971074198250875,NA,NA,NA,NA,1,NA
"bump",500,0.981835942775342,NA,NA,NA,NA,1,NA
"bump",500,0.950539241183775,0.948347900512232,0.948347900512232,0.948347900512232,0.948347900512232,1,-0.00219134067154347
"bump",500,0.99606732121183,NA,NA,NA,NA,1,NA
"bump",500,0.974498397993592,0.974200396801587,0.974200396801587,0.974200396801587,0.974200396801587,1,-0.000298001192004738
"bump",500,0.975223851294025,0.979056794471507,0.98363749462847,0.965262105599513,0.987053737332456,5,-0.0217916317329431
"bump",500,0.989694826851225,0.989558915720053,0.989558915720053,0.989558915720053,0.989558915720053,1,-0.00013591113117184
"bump",500,0.986790930065335,0.991105279527642,0.991105279527642,0.991105279527642,0.985097292880723,2,0
"bump",500,0.989239726054813,0.981595558597612,0.981595558597612,0.981595558597612,0.981595558597612,1,-0.00764416745720109
"bump",500,0.958481833927336,0.959452837811351,0.959452837811351,0.959452837811351,0.959452837811351,2,0
"bump",1000,0.997878734223055,0.997793703526973,0.997793703526973,0.997793703526973,0.997793703526973,1,-8.50306960812341e-05
"bump",1000,0.984766753570925,NA,NA,NA,NA,1,NA
"bump",1000,0.992813173545992,NA,NA,NA,NA,1,NA
"bump",1000,0.997197497197497,0.996949496949497,0.996949496949497,0.996949496949497,0.996949496949497,1,-0.000248000248000202
"bump",1000,0.999153470919325,0.999081926203877,0.999081926203877,0.999081926203877,0.999081926203877,1,-7.1544715447236e-05
"bump",500,0.98119629656298,0.973733818964414,0.973733818964414,0.936066408250128,0.96814696140553,1,-0.045129888312852
"bump",500,0.951151365642997,0.951508494566539,0.951508494566539,0.95283147216145,0.951777591710607,4,0
"bump",500,0.938053265891405,0.971093094519942,0.982987152152318,0.975894121786409,0.986994774453463,5,-0.0111006526670535
"bump",500,0.998332183748102,0.998396754065177,0.998638517345389,0.986293573701761,0.995130697329392,3,-0.0123449436436279
"bump",500,0.975829315636466,0.962280651751936,0.995169263293901,0.992337124519101,0.998786940560087,5,-0.00644981604098604
"bump",1000,0.998658978543657,NA,NA,NA,NA,1,NA
"bump",1000,0.997970707781921,NA,NA,NA,NA,1,NA
"bump",1000,0.990838807033555,NA,NA,NA,NA,1,NA
"bump",1000,0.993752947785518,NA,NA,NA,NA,1,NA
"bump",1000,0.999074499074499,NA,NA,NA,NA,1,NA
"bump",500,0.98875221880547,0.977177929448236,0.977177929448236,0.977177929448236,0.982190554763869,1,-0.0115742893572339
"bump",500,0.984028769924643,0.974291557113643,0.974291557113643,0.943395103229963,0.948123391721593,1,-0.0406336666946802
"bump",500,0.994801207332434,0.995137855794405,0.995137855794405,0.99551452190416,0.987471975141037,4,0
"bump",500,0.995664502753586,0.995142702196465,0.995142702196465,0.995142702196465,0.996014704469775,5,-0.000872002273309413
"bump",500,0.986414043622282,0.989953053239667,0.997847189995359,0.994588220703781,0.991005204749484,3,-0.00325896929157798
"bump",300,0.987246235036169,0.991797900262467,0.952755905511811,NA,NA,2,NA
"bump",300,0.936106268858532,0.977891824910814,0.948599780573449,0.968205652883999,0.98290893198077,5,-0.0147032790967707
"bump",300,0.868029241474238,0.924004377418284,0.949264561717997,0.893889120074904,0.938723646461454,3,-0.0553754416430924
"bump",300,0.951791667166909,0.946239980150393,0.966528299697053,0.975298044253419,0.978647665470088,5,-0.00334962121666882
"bump",300,0.880398812303797,0.874773856682391,0.894397946233645,0.890118599606568,0.884663657756278,3,-0.00427934662707674
"bump",500,0.979798207085253,0.989873851926523,0.987275685643881,0.970107086853559,0.969304535490271,2,-0.0197667650729647
"bump",500,0.943472991256921,0.97346176115585,0.974707772369951,0.977858300724706,0.971722745504709,4,0
"bump",500,0.959612338449354,0.978608914435658,0.99564248256993,0.984842439369757,0.985711442845771,3,-0.0108000432001728
"bump",500,0.973940214373404,0.973696085229086,0.98164328930004,0.975388480506188,0.980793839941329,3,-0.00625480879385198
"bump",500,0.928428308207202,0.967329524129793,0.989416098939208,0.98742142141541,0.986607236686053,3,-0.00199467752379756
"bump",1000,0.973028678405242,NA,NA,NA,NA,1,NA
"bump",1000,0.965306708446888,0.972580228830754,0.943294054322292,0.949038834796041,0.951147855562092,2,-0.0235413940347129
"bump",1000,0.997809007026581,0.996262659098297,0.996262659098297,0.995839563901878,0.996022605086144,1,-0.00196944312470304
"bump",1000,0.998624998624999,0.998398998398998,0.998398998398998,0.98966948966949,0.988796988796989,1,-0.00895550895550901
"bump",1000,0.998790227801255,NA,NA,NA,NA,1,NA
"bump",1000,0.9994485,NA,0.9994215,0.9994575,0.9995075,5,-4.99999999999945e-05
"bump",1000,0.998828470711768,0.998619465486637,0.997665441636041,0.999324483112078,0.99867246681167,4,0
"bump",1000,0.991848144113649,0.992486328548951,0.98978304730067,0.988592703291251,0.989025328319884,2,-0.00389362525769954
"bump",1000,0.998803995215981,0.998258493033972,0.999088496353985,NA,NA,3,NA
"bump",1000,0.99955990097772,0.999528393888625,0.999562401540347,0.999305843814858,NA,3,-0.000256557725488271
"bump",500,0.970603387823004,0.973082782884621,0.975927309758823,0.979041433957659,0.970837972508075,4,0
"bump",500,0.993725096413884,0.981697864492487,0.985103854955114,0.989884543374246,0.991431766174329,1,-0.00384055303963771
"bump",500,0.989163969034483,0.990376528449894,0.97914197795692,0.99005001245061,0.988796951050602,2,-0.000326515999284016
"bump",500,0.996115503953558,0.996435792212992,0.996005905314783,0.995775698128315,0.996257631868682,2,-0.000660094084676266
"bump",500,0.981304521808724,0.984854441776711,0.983024209683873,0.97781662665066,0.985793817527011,5,-0.00797719087635052
"bump",500,0.978991428522843,0.982918563464841,0.982918563464841,0.982918563464841,0.983988372639693,5,-0.00106980917485155
"bump",500,0.990624240563486,0.991164284307029,0.991164284307029,0.991164284307029,0.991164284307029,2,0
"bump",500,0.980541688667019,NA,NA,NA,NA,1,NA
"bump",500,0.985935922868155,0.981012145384484,0.981012145384484,0.981012145384484,0.981012145384484,1,-0.00492377748367168
"bump",500,0.983817716017705,0.977819897042787,0.935876258900507,0.965441878087113,0.985707570241837,5,-0.0202656921547245
"bump",300,0.964818299406086,NA,NA,NA,NA,1,NA
"bump",300,0.985061659977833,0.985700867080934,0.985106674562558,0.969785210408172,0.983180050336309,2,-0.015915656672762
"bump",300,0.976510896135643,0.988451236442343,0.988451236442343,0.988451236442343,0.988451236442343,2,0
"bump",300,0.969796412670856,0.972929525462917,0.972929525462917,0.972929525462917,0.951254245152826,2,0
"bump",300,0.989854451497681,0.985828066764707,0.985828066764707,0.964512854498549,0.976649571383236,1,-0.025341596999132
"bump",200,0.9154205,0.9377165,0.9077785,0.9348535,0.9569775,5,-0.022124
"bump",200,0.964621964621965,0.939239439239439,0.939239439239439,0.939239439239439,0.939239439239439,1,-0.0253825253825254
"bump",200,0.976503127513717,0.979786716770917,0.983556041123904,0.980030334681986,0.967553796037282,3,-0.00352570644191785
"bump",200,0.967928402200578,0.971804716182011,0.957084523846432,0.954035776897929,0.971142162515164,2,-0.017768939284082
"bump",200,0.956137454981993,0.943845538215286,0.942531512605042,0.9631237494998,0.95233943577431,4,0
"bump",500,0.987800376896485,0.984829116253761,0.990741129729211,0.988044939504513,0.990366533832661,3,-0.00269619022469758
"bump",500,0.968969128312329,0.990828898206326,0.990345339212129,0.97514376619372,0.995692019975091,5,-0.0205482537813713
"bump",500,0.982009409354947,0.982168432254245,NA,NA,NA,2,NA
"bump",500,0.967902939337086,NA,0.982289931207004,0.981874671669794,0.977821638524078,3,-0.000415259537210777
"bump",500,0.999688349160994,0.999930466345711,0.999909956418907,0.99718713857507,0.999543779189128,2,-0.00274332777064101
"bump",200,0.980057800866113,0.974675357804167,0.974675357804167,0.974675357804167,0.995734460140111,5,-0.0210591023359433
"bump",200,0.942943402568327,0.949209664688953,0.949209664688953,0.940712097067041,0.956245204518831,5,-0.0155331074517902
"bump",200,0.928699724677699,0.935825801889953,0.935825801889953,0.935825801889953,0.935825801889953,2,0
"bump",200,0.94658637674977,NA,NA,NA,NA,1,NA
"bump",200,0.989087607153858,0.987214039705429,0.987214039705429,0.992129216651799,0.990498657951686,4,0
"bump",1000,0.970935953694333,0.96988441583897,0.985959494541804,0.989793132552772,0.982647875323512,4,0
"bump",1000,0.996416765714606,0.986879649750479,0.981585587424313,0.987018216816939,0.985431448821229,1,-0.00939854889766656
"bump",1000,0.963457915326645,0.993638898222372,0.970757532120514,0.974131586105378,0.975299104785677,2,-0.0195073121169939
"bump",1000,0.996604945679131,0.989286828589257,0.987647802364838,0.990791852669643,0.98335923374774,1,-0.00581309300948807
"bump",1000,0.991468862531792,0.993256276598424,0.979833799199214,0.985359220367153,0.988766336783259,2,-0.0078970562312709
"bump",300,0.939813771870541,0.930774699006283,0.932604440439538,0.937714700508122,0.890909864584116,1,-0.00209907136241894
"bump",300,0.958948130533175,0.957584618261564,0.956825611430503,0.952143569292124,0.943067487607388,1,-0.00680456124105122
"bump",300,0.973404883182151,0.988777864027945,0.935777691972199,0.990983578679492,0.983402122287621,4,0
"bump",300,0.96204403072488,0.959443279107662,0.952362732829788,0.985767386774778,0.947306271512467,4,0
"bump",300,0.995659960939648,0.96801971217741,0.955818602367421,0.973546261916357,0.965226687040183,1,-0.0221136990232912
"bump",500,0.97190822456619,0.953126203222461,0.948411321317027,0.947702763923878,0.94390495630146,1,-0.024205460642312
"bump",500,0.953552237731256,0.95893617383008,0.952222129992529,0.950208966926321,0.948508329174663,2,-0.00872720690375917
"bump",500,0.992476018465182,0.982332369271633,0.964449224750384,0.93754150265617,0.982177859383001,1,-0.0549345158090118
"bump",500,0.975875587558756,0.978921392139214,0.974327432743274,0.98540604060406,0.931633663366337,4,0
"bump",500,0.945988,0.952955,0.9554925,0.95369,0.9506645,3,-0.00180249999999993
"bump",500,0.989679467946795,NA,NA,0.989676467646765,0.989679467946795,1,-3.00030003008711e-06
"bump",500,0.992960796079608,0.992562756275628,0.993520352035204,0.958228322832283,0.995153515351535,5,-0.036925192519252
"bump",500,0.975931593159316,0.988126312631263,0.973211821182118,0.972562256225623,NA,2,-0.0155640564056406
"bump",500,0.968749968749969,0.967735467735468,0.971413971413971,0.966414966414966,0.96948396948397,3,-0.00499900499900507
"bump",500,0.984829026489192,NA,NA,NA,0.981171809674696,1,NA
"bump",500,0.983322483322483,0.996668996668997,0.984734484734485,0.995710995710996,0.981776981776982,2,-0.000958000958000915
"bump",500,0.767129857452061,0.691664066156967,0.923727550599918,0.93310988953835,0.919426207536677,4,0
"bump",500,0.986403140314031,0.99524102410241,0.979373937393739,0.988798879887989,0.969871487148715,2,-0.00644214421442146
"bump",500,0.8913825,0.9322865,0.9189885,0.9551525,0.95989,5,-0.00473750000000006
"bump",500,0.860006960250569,0.922643215155746,0.937966766803605,0.938004268153654,0.933663111872027,4,0
"bump",300,0.944067,0.9652565,0.9675895,0.941517,0.9395695,3,-0.0260724999999999
"bump",300,0.750313320840541,0.937096086392466,0.928576362194888,0.941307398776347,0.961956543500545,5,-0.0206491447241977
"bump",300,0.971128608923885,0.991676369150503,0.992084973753281,0.992157992446066,0.987892900582549,4,0
"bump",300,0.931943987462984,0.965234183968901,0.956296960053764,0.962414955611405,0.967316852665066,5,-0.00490189705366129
"bump",300,0.980625523255581,0.99395176635061,0.999029098017537,0.988646104975585,0.99185573968811,3,-0.0103829930419527
"bump",300,0.924885270629281,0.914061499743934,0.873037997727418,0.954713906760131,0.866511827027719,4,0
"bump",300,0.970128306735353,0.967731186281927,0.967731186281927,0.967731186281927,0.967731186281927,1,-0.00239712045342655
"bump",300,0.929541427769646,0.97000077033972,0.946873571244919,0.972965577819819,0.945121298492635,4,0
"bump",300,0.967511408058995,0.970902574226137,0.970902574226137,0.970902574226137,0.970902574226137,2,0
"bump",300,0.917083740234375,0.949321309074027,0.949321309074027,0.896837578445184,0.904720118788422,2,-0.0524837306288423
"bump",500,0.976269848890382,0.97405691515537,0.97405691515537,0.97405691515537,0.973876879868454,1,-0.00221293373501208
"bump",500,0.990265592056043,0.98971548423491,0.978915367412013,0.991559845729763,0.992341498933791,5,-0.000781653204027899
"bump",500,0.970347988810109,0.956234103563502,0.95578552775419,0.954773856781796,0.957282280705439,1,-0.0155741320283127
"bump",500,0.981616323444701,NA,NA,NA,NA,1,NA
"bump",500,0.977839807963354,NA,NA,NA,NA,1,NA
"bump",1000,0.985174233896185,0.991680300187617,0.997797623514697,0.995962476547842,0.994847279549719,3,-0.00183514696685427
"bump",1000,0.999122992106929,0.997423476811291,0.998464986184876,0.999303993735944,0.996445968013712,4,0
"bump",1000,0.99530061906752,0.994563490751069,0.99491727225441,0.995081134225504,0.994416666416113,1,-0.000219484842015949
"bump",1000,0.999643908840663,0.999639907816401,0.996499103770565,0.994508094072082,0.999688920363613,5,-0.00518082629153072
"bump",1000,0.99793933308598,NA,0.998114347262128,0.997530299954296,0.99831736370646,5,-0.000787063752163863
"bump",300,0.925343,0.932891,0.932891,0.932891,0.914579,2,0
"bump",300,0.969085887091935,0.961701121240365,0.961701121240365,0.961701121240365,0.961701121240365,1,-0.00738476585157066
"bump",300,0.967763194079852,0.963541088527213,0.987774194354859,0.982232055801395,0.99497537438436,5,-0.0127433185829645
"bump",300,0.964424781594292,0.969074031831406,0.965143129274569,0.962275741458866,0.966696881290545,2,-0.00679829037254032
"bump",300,0.942582731913395,0.90006460930374,0.90006460930374,0.90006460930374,0.90006460930374,1,-0.0425181226096557
"bump",1000,0.995435472981421,0.992768372883899,0.998640694156185,0.998575679527894,0.997780500612638,3,-6.50146282914488e-05
"bump",1000,0.971371192692217,0.978075746812276,0.979362074016993,0.985841872057602,0.987070505179424,5,-0.00122863312182186
"bump",1000,0.943114803322991,0.98911470323291,0.998866980282254,0.99794965468922,0.994643178860975,3,-0.000917325593033813
"bump",1000,0.994204994204994,0.992386492386492,0.994636994636995,0.995946495946496,0.995881495881496,4,0
"bump",1000,0.993070940961716,0.994808831987197,0.995702032957415,0.995690030256808,0.986778025055637,3,-1.20027006076384e-05
"bump",500,0.974360977251151,0.983006461330161,0.982809176450795,0.982965902763591,0.981693565508594,2,-4.0558566570148e-05
"bump",500,0.986372511362909,0.962784472825043,0.972125364093208,0.97215637203124,0.965989293259074,1,-0.014216139331669
"bump",500,0.989661493413177,0.97695537081317,0.978105927190432,0.976177832713803,0.976681857411013,1,-0.0134836606993742
"bump",500,0.999795983474661,0.999769981368491,0.999769981368491,0.999769981368491,0.999734978533261,1,-2.60021061706528e-05
"bump",500,0.98648121532539,0.988943131389205,0.988943131389205,0.988943131389205,0.988943131389205,2,0
"bump",500,0.935657625012631,0.965731887762503,0.923182123316382,0.984009948387239,0.971204801317381,4,0
"bump",500,0.964123210889801,0.967283054749274,0.973358022219998,0.972011810629567,0.980857771994795,5,-0.00884596136522864
"bump",500,0.936642334890087,0.940432669411995,0.940432669411995,0.940432669411995,0.940432669411995,2,0
"bump",500,0.990470544133684,0.991462830361152,0.991462830361152,0.991462830361152,0.991462830361152,2,0
"bump",500,0.976080555600006,0.990666155926453,0.988203801347394,0.994628726536621,0.998368765102175,5,-0.00374003856555349
"bump",300,0.969376437643764,0.966722172217222,0.97515901590159,NA,0.973210321032103,3,NA
"bump",300,0.961188859831118,0.966263127290051,0.952039665358567,0.95330322801476,0.958598681491134,2,-0.0129598992752905
"bump",300,0.955027296337521,0.951330115175644,0.96173662509463,0.938586490738046,0.962301652780986,5,-0.0237151620429401
"bump",300,0.964928533483266,NA,NA,NA,NA,1,NA
"bump",300,0.972173332372222,0.973154967142016,0.968210251050214,0.973969909215053,0.975884622623753,5,-0.00191471340870053
"bump",500,0.994362139176907,NA,NA,NA,NA,1,NA
"bump",500,0.970493697478992,0.967145358143257,0.967145358143257,0.967145358143257,0.965691776710684,1,-0.00334833933573431
"bump",500,0.95037045037045,0.95026145026145,0.95026145026145,0.957269457269457,0.950875450875451,4,0
"bump",500,0.952797288471905,0.951725658804715,0.951725658804715,0.951725658804715,0.947629663189246,1,-0.00107162966718977
"bump",500,0.990376255928865,NA,NA,NA,NA,1,NA
"bump",500,0.974776671311423,0.984208829841758,0.98926350582997,0.97719414680633,0.981047092222436,3,-0.0120693590236403
"bump",500,0.988129329099047,0.988572928909005,0.981655872571329,0.982270010752419,0.993092445800305,5,-0.0108224350478858
"bump",500,0.971578280566533,0.961936251527363,0.961936251527363,0.961936251527363,0.961936251527363,1,-0.00964202903916955
"bump",500,0.988356754832309,0.991206937243984,0.98788822484639,0.99904293874808,0.999779985919099,5,-0.000737047171018856
"bump",500,0.981452036300907,0.991896797419936,0.995351883797095,0.995017375434386,0.9969604240106,5,-0.00194304857621441
"bump",500,0.985198208983287,0.987533991612985,0.976097607810545,0.969636325995445,0.98056214801991,2,-0.0178976656175397
"bump",500,0.989805706283914,0.993397514440749,0.99447625715786,0.97614163186717,0.989281088244855,3,-0.0183346252906904
"bump",500,0.992892946061412,0.989890578377151,0.981846753711823,0.978330737583162,0.985334761746145,1,-0.0145622084782502
"bump",500,0.971385230331566,0.991519549149704,0.976250636433929,0.982125834366132,0.957540729270759,2,-0.00939371478357254
"bump",500,0.992141968567874,0.989221456885828,0.987549950199801,0.993556474225897,0.990355961423846,4,0
"bump",200,0.844335989854011,0.922015214982136,0.967353101207837,0.974472996707355,0.885809618685262,4,0
"bump",200,0.931537716063644,0.853334253444667,0.890857793793049,0.928765380611054,0.950553516975554,5,-0.0217881363645001
"bump",200,0.723576194972076,0.554481345313725,0.813895700980941,0.758234685794754,0.744198164535693,3,-0.0556610151861868
"bump",200,0.819308084384539,0.944407603890362,0.956490472132538,0.977516593252277,0.984693499925986,5,-0.00717690667370807
"bump",200,0.9701200120012,0.884180418041804,0.886943194319432,0.885850585058506,0.899118411841184,1,-0.0842694269426942
"bump",1000,0.996641496641497,0.997447997447998,0.997447997447998,0.997447997447998,0.997244997244997,2,0
"bump",1000,0.998296175348869,0.998171114819573,0.998171114819573,0.998171114819573,0.998171114819573,1,-0.000125060529296173
"bump",1000,0.987276987276987,0.97979397979398,0.97979397979398,0.982697982697983,0.982473982473982,1,-0.00457900457900462
"bump",1000,0.999664290181363,0.999621263289556,0.999621263289556,0.999621263289556,0.99961976235147,1,-4.30268918073518e-05
"bump",1000,0.99826137235542,0.99824786748016,0.99824786748016,0.99830088662007,0.998143829922602,4,0
"bump",500,0.998010968175491,0.99878848061569,0.997155954495272,0.999445991135858,0.998911982591721,4,0
"bump",500,0.996381985527942,0.995853983415934,0.997220988883955,0.993347473389894,0.990360961443846,3,-0.0038735154940619
"bump",500,0.990525158905721,NA,NA,NA,NA,1,NA
"bump",500,0.953619064289465,0.978713210472356,0.976132629841714,0.975227426170888,0.979926483458778,5,-0.00469905728788977
"bump",500,0.978828031212485,0.990652761104442,0.974178171268507,0.975381152460984,0.964749399759904,2,-0.0152716086434573
"bump",1000,0.968460495367926,0.988238811820989,0.949065185042961,0.959205847293557,0.969015004240068,2,-0.0290329645274324
"bump",1000,0.969935095665607,0.97520538364795,0.977255468142647,0.980334096737174,0.981368644012683,5,-0.00103454727550878
"bump",1000,0.994324795692645,0.997327903804537,0.995328331819946,0.956817945446036,0.956910948794157,2,-0.0405099583585009
"bump",1000,0.995271998887411,0.99728656459267,0.9963400638938,0.996755283544995,0.999941969301761,5,-0.00318668575676528
"bump",1000,0.999027617467417,0.981782230398051,0.998535665047532,0.988004777248754,0.988157573061447,1,-0.0110228402186634
"bump",1000,0.995691379558656,0.998158234785809,0.99749613944408,0.99794220367733,0.998697812484998,5,-0.00075560880766834
"bump",1000,0.993478123852619,0.998682418946755,0.995731617643381,0.99642592383241,0.998325761660892,2,-0.00225649511434534
"bump",1000,0.991634987833528,0.998141775154794,0.980615154433687,0.99766821785436,0.998392805529469,5,-0.000724587675108745
"bump",1000,0.996363369081287,0.99609535943294,0.994646807285062,0.997889424019265,0.996572876623558,4,0
"bump",1000,0.945023630316821,0.988002800630142,0.982346527968793,0.9856967817759,0.988192843389763,5,-0.00249606161386307
"bump",200,0.906429525851723,0.974350306444128,0.967468815509433,0.99457221839945,0.975810516714407,4,0
"bump",200,0.887209439539823,0.900655423595249,0.934377637594953,0.932698577148777,0.929890476057138,3,-0.00167906044617605
"bump",200,0.959219480487012,0.965666641666042,0.942022050551264,0.954707867696692,0.948061201530038,2,-0.0109587739693492
"bump",200,0.984897606824611,0.970808041805545,0.931958454539271,0.871088732749411,0.928760418375554,1,-0.1138088740752
"bump",200,0.854492253009937,0.878705414132312,0.898965232409702,0.914803133838953,0.82688343220445,4,0
"bump",1000,0.999409631019387,0.998476547842401,0.997000125078174,0.998468542839275,0.998858286429018,1,-0.000941088180112515
"bump",1000,0.992735483974243,0.995980054346304,0.993450329959701,0.996765434470284,0.997295190872382,5,-0.000529756402098625
"bump",1000,0.985917443669775,0.992644970579882,0.997136988547954,0.993314473257893,0.995447481789927,3,-0.00382251529006117
"bump",1000,0.996611582989936,0.997307387339765,0.995299065719972,0.998564840956145,0.998389638422016,4,0
"bump",1000,0.995813258715365,0.998845866006246,0.998497221362299,0.984774848695237,0.998876422505212,5,-0.0141015738099747
"bump",500,0.989508489222448,0.968012393784705,0.968012393784705,0.968012393784705,0.981699364708518,1,-0.021496095437743
"bump",500,0.989553924336533,0.990535559106327,0.990535559106327,0.989015802267421,0.990317306806669,2,-0.00151975683890582
"bump",500,0.987113275736688,0.987343342225903,0.987343342225903,0.987343342225903,0.987343342225903,2,0
"bump",500,0.980576664975244,NA,NA,NA,NA,1,NA
"bump",500,0.993189896369946,NA,NA,NA,NA,1,NA
"bump",200,0.815444153441378,0.880148451610061,0.86280139841657,0.9186839987025,0.80563681615948,4,0
"bump",200,0.822463,0.872428,0.7975695,0.7832545,0.775032,2,-0.0891735
"bump",200,0.822459483793517,0.895508203281313,0.881700680272109,0.873495898359344,0.875759803921569,2,-0.0220123049219688
"bump",200,0.846389206824142,0.958128678160402,0.965449700640176,0.957231449854851,0.975574561574796,5,-0.0183431117199446
"bump",200,0.906267156678917,0.851704792619815,0.893284832120803,0.854402360059001,0.877200930023251,1,-0.0518647966199155
"bump",1000,0.997514699278613,NA,NA,NA,NA,1,NA
"bump",1000,0.981235994397759,0.997118347338936,0.996358543417367,0.998462885154062,0.997302921168467,4,0
"bump",1000,0.998871548619448,0.998869547819128,0.998869547819128,0.998869547819128,0.998070228091236,1,-2.000800320201e-06
"bump",1000,0.999123667097656,0.990282720017146,0.998585849076445,0.883192836304018,0.997833705065404,1,-0.115930830793637
"bump",1000,0.99961396139614,0.996647664766477,0.997991799179918,0.999543454345435,0.998439843984398,1,-7.05070507049932e-05
"bump",1000,0.980567354596623,0.973016635397123,0.977338336460288,0.984559349593496,0.965746091307067,4,0
"bump",1000,0.998120347748168,0.987152459349207,0.987464484623255,0.999155431589959,0.989840677094845,4,0
"bump",1000,0.988950707545045,0.996080703871956,0.991879670803145,0.993622636637412,0.997974796804112,5,-0.00435216016670026
"bump",1000,0.988665444606786,0.998663934532792,0.998742438379481,0.998289416181393,0.997413873279791,3,-0.000453022198087738
"bump",1000,0.973533353335334,0.987042204220422,0.997896289628963,0.996107110711071,0.997237223722372,3,-0.00178917891789188
"bump",200,0.976219961846134,0.966517177255166,0.966517177255166,0.966517177255166,0.967269634011446,1,-0.00970278459096818
"bump",200,0.94724490326607,NA,NA,NA,NA,1,NA
"bump",200,0.876027425343842,0.778085626195684,0.78865464407756,0.800149207311158,0.829011121544956,1,-0.0758782180326836
"bump",200,0.912811882673602,0.928937510939961,0.928937510939961,0.928937510939961,0.93511940186542,5,-0.00618189092545829
"bump",200,0.743888119889264,NA,NA,NA,NA,1,NA
"bump",1000,0.999303546555234,0.999264493091042,0.999316564376632,0.999348107559249,0.999436228196401,5,-8.81206371522447e-05
"bump",1000,0.997086147423838,0.995665475522538,0.995634471771084,0.995180416830436,0.998175279208784,5,-0.00299486237834778
"bump",1000,0.994071864016065,0.994645167293498,0.993262435828553,0.994959333487415,0.995185453104692,5,-0.000226119617277587
"bump",1000,0.989495970892655,0.98785157016978,0.991527053722767,0.97019642649634,0.98722296130374,3,-0.0213306272264274
"bump",1000,0.983290586149913,0.983390618560414,0.982474821842277,0.997059547293323,NA,4,0
"bump",200,0.971267127433003,0.969254901019268,0.969254901019268,0.969254901019268,0.969254901019268,1,-0.00201222641373544
"bump",200,0.907646022336357,0.952996247939967,0.952996247939967,0.952996247939967,0.927816345061521,2,0
"bump",200,0.932514751475148,0.908535353535354,0.908535353535354,0.908535353535354,0.908535353535354,1,-0.023979397939794
"bump",200,0.976645196274997,0.981774178702492,0.981774178702492,0.981774178702492,0.978870273212235,2,0
"bump",200,0.942206818752319,0.913079959476718,0.913079959476718,0.913079959476718,0.913079959476718,1,-0.0291268592756013
"bump",300,0.973330466449946,NA,0.979206574986543,0.980130292833092,NA,4,0
"bump",300,0.986296052875088,NA,0.98602995681441,0.98633006515352,NA,4,0
"bump",300,0.938159068989391,NA,0.939733831174288,0.937186598313584,NA,3,-0.00254723286070457
"bump",300,0.982409986433434,0.981352474597705,0.984780133584655,0.956002205067253,0.968269642506973,3,-0.0287779285174025
"bump",300,0.92637177461822,0.923715238596755,NA,NA,0.927314125228817,5,NA
"bump",1000,0.988788669093592,0.995356300917314,0.993511049457951,0.984354953813587,0.995587333215729,5,-0.0112323794021425
"bump",1000,0.945508406517189,0.960330700014702,0.951427622742352,0.973216759227867,0.964138160717447,4,0
"bump",1000,0.974932271681312,0.978463944733292,0.986299828691606,0.970637561240501,0.982142124964123,3,-0.0156622674511051
"bump",1000,0.97036825920648,0.988930723268082,0.988935723393085,0.997115927898197,0.995189379734493,4,0
"bump",1000,0.995894934318949,0.997971967551481,0.997799964799437,0.996392942287077,0.999151486423783,5,-0.00275854413670618
"bump",500,0.998555998555999,0.995974495974496,0.997593497593498,0.998557498557499,0.998023498023498,4,0
"bump",500,0.97760143952859,0.97584155978287,0.99077376663304,0.997579102015981,0.990748246625354,4,0
"bump",500,0.96816814834595,0.987845029248539,0.966422937175398,0.994377319655678,0.983167463263055,4,0
"bump",500,0.936236380243687,0.935504557509862,0.940603806278569,0.927934218990575,0.943006365807321,5,-0.0150721468167462
"bump",500,0.931114529380425,NA,0.9016109261774,0.904050448848137,0.946599389518465,5,-0.042548940670328
"bump",1000,0.987783348562818,NA,NA,NA,NA,1,NA
"bump",1000,0.980705070507051,0.978564356435644,0.978564356435644,0.978564356435644,0.978470847084708,1,-0.00214071407140715
"bump",1000,0.978853765222368,0.984140824158893,0.97533506217009,0.98782310638349,0.982434498297176,4,0
"bump",1000,0.970136330121584,0.974148099311796,0.974148099311796,0.974148099311796,0.963866565155234,2,0
"bump",1000,0.999561998247993,0.999511498045992,0.99877599510398,0.999236996947988,0.99874699498798,1,-0.000325001300005123
"bump",500,0.973327193032459,NA,NA,NA,NA,1,NA
"bump",500,0.967401442731101,0.976766284767258,0.987983078733727,0.976596651774992,0.96104095610959,3,-0.0113864269587357
"bump",500,0.977942589190293,0.963191617533453,0.953619646881292,0.994922067317507,0.993141863899996,4,0
"bump",500,0.981155697206692,0.976851643443283,0.976851643443283,0.976851643443283,0.976851643443283,1,-0.00430405376340859
"bump",500,0.966353665872904,0.982419104759674,0.979888673014767,0.981509730851348,0.965296149599765,2,-0.000909373908325906
"bump",500,0.861324874219218,0.980002682255777,0.959382840969255,0.946120687498186,0.960757997475877,2,-0.0338819947575911
"bump",500,0.968222154880741,0.977378762830302,0.985697269369594,0.990989409718576,0.957103809560957,4,0
"bump",500,0.97983510280782,0.986867924981895,0.982714442978647,0.983222797522636,0.988819705925661,5,-0.00559690840302551
"bump",500,0.963872573678468,0.903129653501934,0.969848057692673,0.920147531950088,0.988395560040363,5,-0.0682480280902753
"bump",500,0.952556402336836,0.986597410029906,0.96599801294885,0.99174263185225,0.988289305042367,4,0
"bump",500,0.939024939903846,0.911849959935897,0.977468449519231,0.968037860576923,0.969136618589744,3,-0.00943058894230764
"bump",500,0.88666247996232,0.985943873494861,0.959847638628748,0.985463369170323,0.988898400085601,5,-0.0034350309152783
"bump",500,0.994407194636028,0.997984209726201,0.997984209726201,0.997984209726201,0.997984209726201,2,0
"bump",500,0.950555210455822,0.963433432261924,0.987313833697939,0.968442879992318,0.976126100443028,3,-0.0188709537056209
"bump",500,0.960613515337883,0.959921998049951,0.959921998049951,0.959921998049951,0.959921998049951,1,-0.000691517287932153
"bump",200,0.852786852786853,0.794517794517794,0.864894364894365,0.844316844316844,0.764665764665765,3,-0.0205775205775206
"bump",200,0.948683863068946,0.943625068017412,0.943625068017412,0.943625068017412,0.943625068017412,1,-0.00505879505153328
"bump",200,0.977365198874439,0.978664577254224,0.980665930168794,0.97807267712974,0.975495434914002,3,-0.00259325303905444
"bump",200,0.943542168602401,0.844356667156726,0.919705284339405,0.908375413425024,0.90390887297363,1,-0.0351667551773764
"bump",200,0.88886599814585,0.911924865914139,0.943722441517763,0.897235676089763,0.841124631095119,3,-0.0464867654279997
"bump",500,0.995949483797935,0.986361945447782,0.986361945447782,0.986361945447782,0.985808943235773,1,-0.00958753835015347
"bump",500,0.992776146031155,NA,NA,NA,NA,1,NA
"bump",500,0.984861121528038,0.984518612965324,0.984518612965324,0.984518612965324,0.984518612965324,1,-0.000342508562714006
"bump",500,0.994611775632096,0.99637916126243,0.99637916126243,0.99637916126243,0.99637916126243,2,0
"bump",500,0.991444807029369,0.999411452327639,0.999411452327639,0.999411452327639,0.999356447872278,2,0
"bump",500,0.986609094610723,0.981813479744567,0.984908844800557,0.984056468902786,0.967512673088832,1,-0.00255262570793724
"bump",500,0.998521927574451,0.998738938207972,0.997941899153059,0.996043806146501,0.997578381340686,2,-0.00269513206147098
"bump",500,0.949615153638274,0.948939545591032,0.948978080272245,NA,0.947660394354919,1,NA
"bump",500,0.993943348583715,0.993717342933573,0.993805345133628,0.99118427960699,0.993926348158704,1,-0.0027590689767244
"bump",500,0.950095861453864,0.960532269343096,0.953355451863103,NA,0.948234313283859,2,NA
"bump",500,0.978654548475268,0.956472893703605,0.97128735266359,0.95518380958386,0.963465774716537,1,-0.0234707388914076
"bump",500,0.964534613365334,0.978833970849271,0.975544388609715,0.963515587889697,0.979032475811895,5,-0.0155168879221981
"bump",500,0.958721372137214,0.965531553155316,0.944906490649065,0.966529652965297,0.953725872587259,4,0
"bump",500,0.957407346288901,0.9564032247902,0.957916407885354,0.936465812363296,0.936902365186188,3,-0.0214505955220582
"bump",500,0.957361071079726,0.958299306656419,0.956874689756769,0.977130570367168,0.989144989671903,5,-0.0120144193047349
"bump",500,0.999322261943256,0.998604480279024,0.978731838972641,0.984821971126557,0.979415583570508,1,-0.0145002908166995
"bump",500,0.985664761172759,0.946181806536324,0.95445179020352,0.947671474435958,0.951510484219628,1,-0.0379932867368017
"bump",500,0.995219058775389,0.997326203208556,0.999351107830434,0.997666194623522,0.990983708493968,3,-0.00168491320691133
"bump",500,0.99518345665111,0.993659442934986,0.997106973962766,0.979338814049326,0.99309193782744,3,-0.0177681599134393
"bump",500,0.943799711695922,0.952664411852679,0.986468615170076,0.986129492746882,0.986370079598735,3,-0.000339122423194782
"bump",500,0.941613562534382,0.942304719341147,0.942304719341147,0.942304719341147,0.942304719341147,2,0
"bump",500,0.998848274261755,0.998175642425915,0.99728446775568,0.998442694768175,0.998174642229877,1,-0.000405579493580666
"bump",500,0.991870293776653,NA,NA,NA,NA,1,NA
"bump",500,0.9604242167663,0.960222547162163,0.960222547162163,0.960222547162163,0.961580689359752,5,-0.00135814219758823
"bump",500,0.985737986567516,0.985978995243829,0.985978995243829,0.985978995243829,0.986131000716026,5,-0.000152005472196959
"bump",500,0.985650104037122,0.983634604362834,0.993321649859126,0.987375022458568,0.986872653142343,3,-0.00594662740055751
"bump",500,0.9906238499816,0.994474411590585,0.994474411590585,0.994474411590585,0.994474411590585,2,0
"bump",500,0.976579127394345,0.969728640924293,0.969728640924293,0.969728640924293,0.972378522507241,1,-0.00685048647005171
"bump",500,0.984471151777934,0.988862088180888,0.988862088180888,0.988862088180888,0.985477095399071,2,0
"bump",500,0.989566829108252,0.990370034728891,0.990370034728891,0.990370034728891,0.990370034728891,2,0
"bump",200,0.908342637836713,0.889859191848855,0.889859191848855,0.884986333385358,0.902026080623022,1,-0.0233563044513545
"bump",200,0.76804764971539,0.750571520574741,0.750571520574741,0.776444452000272,0.75538569388498,4,0
"bump",200,0.953434495192308,0.959104567307692,0.959104567307692,0.939974459134615,0.955192307692308,2,-0.0191301081730769
"bump",200,0.96343741499864,0.964347429558873,0.964347429558873,0.964347429558873,0.964347429558873,2,0
"bump",200,0.907580471443101,0.916724919521057,0.916724919521057,0.916724919521057,0.926233385435886,5,-0.0095084659148299
"bump",500,0.979139456282734,0.983923980067237,0.983923980067237,0.983923980067237,0.983923980067237,2,0
"bump",500,0.963884758829566,0.969911641761157,0.969911641761157,0.969911641761157,0.964958073640209,2,0
"bump",500,0.982968639971833,0.982611048428398,0.982611048428398,0.986927653479291,0.979776322738621,4,0
"bump",500,0.977103878090026,NA,NA,NA,NA,1,NA
"bump",500,0.993901310477921,0.975692780516208,0.984020953240379,0.97553220970448,0.974400210492827,1,-0.0183691007734411
"bump",1000,0.995163980655923,0.977135408541634,0.995419981679927,0.993945475781903,0.999788499153997,5,-0.00584302337209341
"bump",1000,0.984324921274493,0.986651174980694,0.987813051428663,0.995137924687599,0.983711722598122,4,0
"bump",1000,0.999463048423724,0.996595136509805,0.998539271527355,0.996982962671607,0.995802469877167,1,-0.00248008575211756
"bump",1000,0.982855139607363,0.944237070465811,0.963984941048445,0.950737344519526,0.963599365475633,1,-0.0321177950878372
"bump",1000,0.993266439397955,0.983765853892685,0.990920418283765,0.988897400076601,0.989771407942671,1,-0.00436903932135391
"bump",1000,0.999359292410741,0.990652971562786,0.990791016289278,0.999694400985919,0.999922975043914,5,-0.000228574057994813
"bump",1000,0.999694948446287,0.99953642165526,0.999656942023202,0.999700449375944,0.999763460024744,5,-6.30106487996551e-05
"bump",1000,0.997223475011275,0.993542441881977,0.997020473184259,0.997010973098758,0.99827148444336,5,-0.00126051134460214
"bump",1000,0.980526122468996,0.993290357190397,0.988733024473582,0.985435751466984,0.990819279013651,2,-0.00785460572341345
"bump",1000,0.998670275276522,0.998847305194578,0.99293230555964,0.998914316519492,0.998945821843892,5,-3.15053243997721e-05
"bump",1000,0.998037673467264,0.991193046499434,0.995366367664541,0.995141715799881,0.998474468740869,5,-0.00333275294098812
"bump",1000,0.990268523157635,0.987844404375814,0.995900799139158,0.991785597494277,0.993160664872579,3,-0.00411520164488066
"bump",1000,0.991331006659836,0.994956594998719,0.997966328605277,0.9954348704854,0.994539854956455,3,-0.00253145811987709
"bump",1000,0.997836037161121,0.995814670717405,0.996606706133346,0.998568532327854,0.997465786871925,4,0
"bump",1000,0.997709984746568,0.994769823210222,0.9913955640019,0.994743817358906,0.992869895726538,1,-0.00296616738766231
"bump",200,0.657396583657128,NA,NA,NA,NA,1,NA
"bump",200,0.74471477560011,0.741922855497985,0.732871767915697,0.754726039398263,0.721331130635028,4,0
"bump",200,0.926595128451647,0.901470048291297,0.901470048291297,0.926187948885459,0.928090788037525,5,-0.00190283915206602
"bump",200,0.924824341907717,0.915936843158843,0.915936843158843,0.915936843158843,0.915936843158843,1,-0.00888749874887396
"bump",200,0.914280055694258,0.926315636803022,0.918132541930734,0.936870338806735,0.879716207349081,4,0
"bump",500,0.974210355258881,0.989932248306208,0.984307107677692,0.981230530763269,0.982715567889197,2,-0.00870171754293858
"bump",500,0.974074266694404,0.987418688291114,0.94258923284953,0.988241806820182,0.998648305355971,5,-0.0104064985357891
"bump",500,0.984326653103868,0.982898752803463,0.987304158290086,0.988884815374645,0.962414318469347,4,0
"bump",500,0.975257104113666,0.97906116497864,0.97906116497864,0.97906116497864,0.984366749867998,5,-0.00530558488935817
"bump",500,0.98051296518043,0.990632618375233,0.999060660898584,0.999243226804877,0.996856865328384,4,0
"bump",300,0.978634269375819,0.990643742143114,0.990643742143114,0.990643742143114,0.987335974213911,2,0
"bump",300,0.979752277049344,0.98414923431088,0.98414923431088,0.98414923431088,0.978995095586027,2,0
"bump",300,0.974772956609485,0.976546100234119,0.976546100234119,0.976546100234119,0.976546100234119,2,0
"bump",300,0.965526448423175,0.95652330437287,0.95652330437287,0.95652330437287,0.95652330437287,1,-0.00900314405030489
"bump",300,0.941104576235912,0.953141509509478,0.953141509509478,0.953141509509478,0.947437223840932,2,0
"bump",500,0.98832237253382,0.98884899102298,0.987196119126803,0.987856267660223,0.946128378885249,2,-0.000992723362756687
"bump",500,0.990625601887519,0.985241718027735,0.980417589560863,0.983071411947869,0.980076519966615,1,-0.00755418993965074
"bump",500,0.995456427302837,0.982996227939647,0.996198439175027,0.980279684474952,NA,3,-0.0159187547000752
"bump",500,0.997876287628763,0.994095409540954,0.989433443344334,0.992913291329133,0.991410641064106,1,-0.00496299629963004
"bump",500,0.972075429799212,0.978968421873922,0.977222417278593,0.987848988357635,0.988701734801358,5,-0.000852746443722241
"bump",1000,0.998577408954173,NA,NA,NA,NA,1,NA
"bump",1000,0.992785778577858,NA,NA,NA,NA,1,NA
"bump",1000,0.998800177142949,0.998936440949679,0.998936440949679,0.999155865756104,0.998857788678882,4,0
"bump",1000,0.972377269283467,0.971057659491632,0.971057659491632,0.971168252500353,0.9713013644475,1,-0.00120901678311458
"bump",1000,0.992180051402669,0.991520260434852,0.991162102487197,0.984270563318423,0.985521114811632,1,-0.00790948808424519
"bump",200,0.873661494645979,0.956792327169309,0.910335141340565,0.939838759355037,0.945115280461122,2,-0.0169535678142713
"bump",200,0.931396931396931,0.922627922627923,0.960723460723461,0.963838963838964,0.925252925252925,4,0
"bump",200,0.964424857699431,0.951424805699223,0.957091828367313,0.979407417629671,0.984565438261753,5,-0.00515802063208248
"bump",200,0.962058136137891,0.980740678488388,0.920000780377703,0.905562792391517,0.906327162346576,2,-0.0751778860968709
"bump",200,0.886770052533795,0.968915169133192,0.941419013069383,0.924537226119546,0.899763357678263,2,-0.0443779430136461
"bump",500,0.99183090871263,0.991991449811152,0.991991449811152,0.996144512995327,0.996131509666475,4,0
"bump",500,0.992019605253151,0.991971072444973,0.991971072444973,0.991971072444973,0.991971072444973,1,-4.85328081782921e-05
"bump",500,0.997752991011964,NA,NA,NA,NA,1,NA
"bump",500,0.982564430257721,0.984035936143745,0.984035936143745,0.984035936143745,0.985934943739775,5,-0.00189900759603034
"bump",500,0.998595121951219,0.999170981863665,0.999137460913071,0.9990904315197,0.992970106316448,2,-8.05503439650357e-05
"bump",200,0.979514200179303,0.967012999487705,0.984563608638576,0.976043200883709,0.95922601418417,3,-0.00852040775486684
"bump",200,0.96515742182928,0.939890300398444,0.976029846774686,0.976818131345416,0.978950401094795,5,-0.00213226974937952
"bump",200,0.795615553998599,0.858385546992293,0.904695726153538,0.916698028225403,0.953426583925533,5,-0.0367285557001301
"bump",200,0.805776996066096,0.83245090623862,0.762234921702104,0.838163170974752,0.816517694564169,4,0
"bump",200,0.966628662866287,0.942912291229123,0.956416641664166,0.937867286728673,0.962287728772877,1,-0.0287613761376138
"bump",500,0.992010968043872,0.994570978283913,0.990592962371849,0.993534474137897,NA,2,-0.00103650414601664
"bump",500,0.982318511828499,0.980748746538165,0.98575259218808,0.981680403988274,0.985654075538766,3,-0.0040721881998057
"bump",500,0.9794285,0.9788645,NA,NA,0.9737845,1,NA
"bump",500,0.979232252361085,NA,NA,NA,0.987326543755575,5,NA
"bump",500,0.948461077796338,0.948030455978433,0.972120742351956,0.974613341665365,0.960142445691579,4,0
"bump",300,0.969613511062042,NA,0.967936928909517,0.969501505573773,NA,1,-0.000112005488268951
"bump",300,0.968675874703499,NA,0.966985367941472,NA,0.961746346985388,1,NA
"bump",300,0.981827485921291,NA,NA,NA,NA,1,NA
"bump",300,0.972036672690626,0.957977372084357,0.964856005994574,0.979386638029484,0.972247544668796,4,0
"bump",300,0.982316133490541,0.987231374337343,0.984717251145306,0.951788637643245,0.983347184012017,2,-0.035442736694098
"bump",200,0.977951425046861,0.959937579102517,0.925994088338487,0.913748217690126,0.929467089347795,1,-0.0642032073567343
"bump",200,0.90773998147731,0.947496683437211,0.975915997096443,0.968095917498936,0.966803834697504,3,-0.00782007959750697
"bump",200,0.889507306939491,0.966036540701514,0.988624810371811,0.982275017912109,0.988638819842213,5,-0.00636380193010477
"bump",200,0.944297429742974,0.921398139813981,0.911116111611161,0.904438443844384,0.951160116011601,5,-0.0467216721672167
"bump",200,0.946255966169369,0.958971458405848,0.942161663686082,0.969149453292845,0.93757626494793,4,0
"bump",200,0.961037148217636,0.939159974984365,0.927871919949969,0.931529205753596,0.906271919949969,1,-0.02950794246404
"bump",200,0.927175927175927,0.88981338981339,0.955773455773456,0.952983452983453,0.925777425777426,3,-0.00279000279000274
"bump",200,0.926074608389516,0.939785603705101,0.93689549681718,0.904610461026088,0.835600152511181,2,-0.035175142679013
"bump",200,0.805537016326547,0.750873849064621,0.801612211439406,0.795101434635689,0.779692328968096,1,-0.0104355816908578
"bump",200,0.974208143438474,0.955415054477651,0.958772142174064,0.965832929869278,0.905317322812591,1,-0.00837521356919646
"bump",500,0.993700783459738,0.994868714174864,0.996439137943981,0.991843508297665,0.992058271382444,3,-0.00459562964631677
"bump",500,0.983699201260862,0.987221373847319,0.994220716815124,0.989698495226266,0.995028256384563,5,-0.00532976115829675
"bump",500,0.951708954036685,0.966746408850282,0.955321365002086,0.94667028858266,0.962886366888084,2,-0.0200761202676216
"bump",500,0.988712110300237,0.987547812239933,0.986438528263235,0.982307970840535,0.976319437776071,1,-0.00640413945970164
"bump",500,0.997895991583966,0.998007492029968,0.998007492029968,0.998007492029968,0.991328465313861,2,0
"bump",200,0.918888202211235,0.948088669418711,0.893557296916751,0.959357849725596,0.777423938783021,4,0
"bump",200,0.97523201229395,0.933804461359298,0.975706241821041,0.938897926596473,0.952152841975516,3,-0.0368083152245687
"bump",200,0.964475934179912,0.955449499621563,0.969614874795263,0.950892231419521,0.952286343012522,3,-0.0187226433757424
"bump",200,0.981815175730855,0.977081089205641,0.974115584057717,0.974750870512788,0.963490067386458,1,-0.00706430521806656
"bump",200,0.918412173648695,0.922714690858763,0.922714690858763,0.922714690858763,0.922714690858763,2,0
"bump",1000,0.951613306453226,0.948425293701175,0.9500283001132,0.935336741346965,0.950704302817211,1,-0.0162765651062604
"bump",1000,0.995461981847927,0.996065484261937,0.995362981451926,0.994844479377918,0.991047464189857,2,-0.00122100488401955
"bump",1000,0.835492019428175,0.93296839671557,0.949677547097924,0.969959229633067,0.976001784016056,5,-0.00604255438298951
"bump",1000,0.995167977455565,0.996092151178209,0.996092151178209,0.996092151178209,0.994767185278068,2,0
"bump",1000,0.896563659481073,0.907435084065348,0.951545007747797,0.954051412559934,0.963343266919358,5,-0.00929185435942381
"bump",500,0.9941675,0.9910855,0.9929255,0.9951465,0.995097,4,0
"bump",500,0.982680222883566,0.979567173074769,0.987090293444695,NA,NA,3,NA
"bump",500,0.993024658208252,0.990010510515015,NA,0.991515584263629,NA,1,-0.0015090739446233
"bump",500,0.954515090635816,NA,NA,NA,NA,1,NA
"bump",300,0.99699606743371,0.994111652077899,0.994111652077899,0.994111652077899,0.994111652077899,1,-0.0028844153558113
"bump",300,0.960785520191773,0.952225377082508,0.952225377082508,0.981514052801556,0.986991203742611,5,-0.0054771509410555
"bump",300,0.966309263377116,0.978931911322372,0.978931911322372,0.978931911322372,0.977728563554867,2,0
"bump",300,0.986676986676987,0.986948986948987,0.986948986948987,0.986948986948987,0.986948986948987,2,0
"bump",300,0.976968907875632,0.959965339861359,0.959007336029344,0.959860839443358,0.974682898731595,1,-0.0171080684322737
"bump",200,0.982225222522252,0.96979097909791,0.955951595159516,0.960834083408341,0.944050405040504,1,-0.0213911391139113
"bump",200,0.900589458111489,0.972683061774328,0.949498644877798,0.984005147860671,0.909928976361537,4,0
"bump",200,0.897994548773474,0.962162986672001,0.921524843089695,0.890251306543972,0.936012602835638,2,-0.0719116801280287
"bump",200,0.811046566869801,0.862108696369686,0.919129332857253,0.809359781803125,0.960520828019935,5,-0.151161046216811
"bump",200,0.980572557255726,0.948011801180118,0.926039103910391,0.941842684268427,0.90514101410141,1,-0.0387298729872987
"bump",1000,0.99301505296339,0.991080429147465,0.997218321972606,0.990843413978495,0.992088493663594,3,-0.00637490799411167
"bump",1000,0.975445384731698,NA,NA,NA,NA,1,NA
"bump",1000,0.990781672183658,0.990237975909303,0.990237975909303,0.990237975909303,0.990237975909303,1,-0.000543696274355021
"bump",1000,0.996085984343937,0.995477481909928,0.995477481909928,0.995477481909928,0.995477481909928,1,-0.000608502434009672
"bump",1000,0.995860201496211,0.99429414284056,0.99429414284056,0.995262297312984,0.991451721363642,1,-0.000597904183227915
"bump",200,0.819138731093286,0.804473492839431,0.835773538552642,0.845384316067343,0.762236286286737,4,0
"bump",200,0.878249405878674,0.891054409005628,0.891054409005628,0.837509943714822,0.777072670419012,2,-0.0535444652908067
"bump",200,0.907378292773426,0.911089241798258,0.912235880541545,0.915489274202179,0.919231226978464,5,-0.00374195277628586
"bump",200,0.94680212581436,0.952273707101352,0.952273707101352,0.952273707101352,0.952273707101352,2,0
"bump",200,0.934289278429513,0.93308384326742,0.93308384326742,0.93308384326742,0.93308384326742,1,-0.00120543516209348
"bump",500,0.955914149794001,0.96712184789753,0.987691671075202,0.969402262780743,0.975925892527934,3,-0.0182894082944581
"bump",500,0.875309395093152,0.944576332815463,0.918016686049249,0.974052382054233,0.976508510806666,5,-0.00245612875243284
"bump",500,0.942628453989498,0.970253365938781,0.960226590516137,0.981895571849385,0.979185010566086,4,0
"bump",500,0.972915722122305,0.965864291869462,0.951415640553706,0.950974769781386,0.9665298516052,1,-0.0219409523409186
"bump",500,0.948768391552397,0.965437393654289,0.958785907316585,0.964560104093684,0.968373536182564,5,-0.00381343208887996
"bump",200,0.834162529851075,0.823408642711138,0.9258488305579,0.891667100015601,0.856311327207779,3,-0.0341817305422996
"bump",200,0.671657968727471,0.634706079078486,0.933564399461702,0.772469620628334,0.624723641839824,3,-0.161094778833368
"bump",200,0.729271563444071,0.745194706752361,0.818580867227805,0.740010660095941,0.682333140998269,3,-0.0785702071318642
"bump",200,0.898612100569928,0.915238177190062,0.922096627657531,0.936873138928022,0.954858998783299,5,-0.0179858598552767
"bump",200,0.732748974076669,0.733111300170153,0.840880792713442,0.774503052747473,0.810830747672906,3,-0.0663777399659693
"bump",500,0.986678089590935,0.980491005697459,0.987976922092056,0.988628588918763,0.986249979994879,4,0
"bump",500,0.988855469922931,0.989331398258433,0.986678510659594,0.995755179661696,0.975999899909919,4,0
"bump",500,0.97621433801025,0.964252993586743,0.975014102764142,NA,0.962509651891771,1,NA
"bump",500,0.99638545539661,0.991553058834003,0.987374851332035,0.974500130537725,0.9883131224924,1,-0.0218853248588842
"bump",500,0.976674677635994,0.973534797710523,0.975319513661153,0.979265491124426,0.984240093051259,5,-0.00497460192683319
"bump",200,0.795212542424437,0.919237480788934,0.9367190501729,0.935366771260246,0.914224593365779,3,-0.00135227891265366
"bump",200,0.606587321588582,0.710973002272145,0.944118423579109,0.919792866743472,0.964955757168459,5,-0.0451628904249872
"bump",200,0.574878610785105,0.550862406212887,0.657517826930446,0.680973735105871,0.736579650635186,5,-0.055605915529315
"bump",200,0.915931327690651,0.942503542928694,0.953733401741611,0.951139087829627,0.939739208444222,3,-0.00259431391198328
"bump",200,0.818956103297653,0.928140850253604,0.920369725915615,0.763674218787501,0.839416930670891,2,-0.164466631466103
"bump",1000,0.989912231563026,0.986156014548714,0.987027296844178,0.980063040425098,0.980080045934883,1,-0.0098491911379287
"bump",1000,0.996809498646939,0.996826511985397,0.996826511985397,0.996826511985397,0.99706870186226,5,-0.00024218987686353
"bump",1000,0.998882864826644,0.99345470801967,0.986535870840372,0.993612727139984,0.993638730286365,1,-0.00527013768666007
"bump",1000,0.993480330964727,0.991519328948211,0.991519328948211,0.991519328948211,0.991502324595096,1,-0.00196100201651628
"bump",1000,0.965034171071427,0.964738075136344,0.964738075136344,0.964738075136344,0.961316466535157,1,-0.000296095935083063
"bump",300,0.981335701371222,0.983576237219795,0.977104133666139,0.976870129922079,0.98257772124354,2,-0.0067061072977167
"bump",300,0.996920918540934,0.983890109714167,0.997087030832843,0.997616388678747,0.994092506534417,4,0
"bump",300,0.97488029292554,0.977155753901684,0.979989564127037,0.965044332429626,0.975527276988299,3,-0.0149452316974117
"bump",300,0.990064128533146,0.976195120389793,0.983222151201697,0.993140517609589,0.979482570462864,4,0
"bump",300,0.928314677313533,0.96920956617753,0.95882957145829,0.981399821574307,0.961743491062713,4,0
"bump",1000,0.993307994298717,0.993065939836463,0.993065939836463,0.993065939836463,0.992767872771374,1,-0.000242054462254004
"bump",1000,0.959633,NA,NA,NA,NA,1,NA
"bump",1000,0.987305250144037,0.990989693361501,0.990989693361501,0.990989693361501,0.989922420139556,2,0
"bump",1000,0.992588641826923,NA,NA,NA,NA,1,NA
"bump",1000,0.996795218087235,0.993161764705882,0.993161764705882,0.993161764705882,0.992416466586635,1,-0.00363345338135257
"bump",1000,0.983550355035504,0.981268626862686,0.984226922692269,0.987184218421842,0.985400540054005,4,0
"bump",1000,0.983208080202005,0.996758418960474,0.989586239655991,0.997418935473387,0.996825420635516,4,0
"bump",1000,0.992875153022054,0.992539330296415,0.993033805487073,0.993844084164882,0.989511420475077,4,0
"bump",1000,0.993099309930993,NA,0.989541454145415,NA,0.99512601260126,5,NA
"bump",1000,0.990854332808617,0.985637029394429,0.987561432284135,0.984824437014584,0.986409092228234,1,-0.00602989579403379
"bump",300,0.936463137846838,0.926922380567984,0.954845950479689,0.957761293013681,0.971308208072133,5,-0.0135469150584518
"bump",300,0.950567167645566,0.961216765057147,0.944339886136002,0.928564706965886,0.957216909214134,2,-0.0326520580912614
"bump",300,0.960771822517624,0.962984001704138,0.960604308949025,0.989221626951783,0.964501124591092,4,0
"bump",300,0.908353365384615,0.942966746794872,0.960682592147436,0.888105969551282,0.951339643429487,3,-0.0725766225961538
"bump",300,0.982005118250794,0.982145625135632,0.986103319062634,0.984022717113138,0.986823854368864,5,-0.00280113725572562
"bump",500,0.960647647755841,0.987678840210725,0.995949324270228,0.995386382924213,0.997268858785288,5,-0.00188247586107515
"bump",500,0.987212987212987,0.990961990961991,0.986405486405486,0.990940490940491,0.973887973887974,2,-2.15000215000316e-05
"bump",500,0.970116196732329,0.98344761645677,0.984060704741483,0.987377682386264,0.984589780928454,4,0
"bump",500,0.989789498741753,0.980865249588919,0.980865249588919,0.980865249588919,0.980201119419406,1,-0.00892424915283396
"bump",500,0.966592842568357,0.969211244101334,0.967725246138759,0.96865280536582,0.96865380704965,2,-0.000558438735514311
"bump",200,0.978174454361359,0.966405160129003,0.947060176504413,NA,0.967961199029976,1,NA
"bump",200,0.993007937071434,0.99333794004146,0.994889954009586,0.993539441854977,0.992822935406419,3,-0.00135051215460946
"bump",200,0.935137664955938,0.897178798436744,0.971703481325328,0.944028985043462,0.951877767599634,3,-0.0276744962818661
"bump",200,0.971725292830712,0.980741047518154,0.984540919271857,NA,0.970253261427375,3,NA
"bump",200,0.930012234416624,0.939163037856666,0.930012234416624,0.956938454782176,0.929610089242216,4,0
"bump",500,0.99691192279807,0.993128328208205,0.997764444111103,0.994918372959324,0.994508862721568,3,-0.00284607115177882
"bump",500,0.94602685604261,0.968591433072441,0.965573754094671,0.916794778825236,0.974032157235378,5,-0.0572373784101423
"bump",500,0.940002540040641,0.976856129698075,0.994617913886622,0.96711047376758,0.982612721803549,3,-0.0275074401190419
"bump",500,0.894516946201962,0.93192955390409,0.92079916679673,0.930953581533462,0.937118565385647,5,-0.00616498385218445
"bump",500,0.912817701684564,0.959586493454482,0.959678606292709,0.984029936672424,0.98570148431829,5,-0.00167154764586619
"bump",200,0.971871486811415,0.970281675208341,0.952540197878784,0.976609915543447,0.977380066493033,5,-0.000770150949586101
"bump",200,0.901306105224421,0.968303873215493,0.98248992995972,0.970820883283533,0.964842359369438,3,-0.0116690466761867
"bump",200,0.989268954729481,0.976539621705526,0.970097193995935,0.978354383031157,0.982800523275352,1,-0.0109145716983245
"bump",200,0.876164965986395,0.902748099239696,0.921892757102841,0.919600840336134,0.935676270508203,5,-0.0160754301720688
"bump",200,0.947832167412436,0.966749996748826,0.947485042100198,0.96639236764472,0.966318340921072,2,-0.000357629104106638
"bump",500,0.99525422506214,0.989437469881811,0.989780103411207,0.991416128421451,0.99538296309877,5,-0.0039668346773184
"bump",500,0.966147032329096,0.97358772895606,0.864633169852868,0.976799119207287,0.961247622860575,4,0
"bump",500,0.99687580082004,0.997369806682042,0.992697021750272,0.992331147094625,0.98728447930681,2,-0.00503865958741756
"bump",500,0.97525,0.9434595,0.975054,0.9751665,0.9814715,5,-0.00630500000000001
"bump",500,0.947226753425439,0.977361007218883,0.99157797024126,0.961871301812181,0.974054981269358,3,-0.0297066684290794
"bump",500,0.996946194619462,0.996663166316632,0.996663166316632,0.996663166316632,0.996663166316632,1,-0.000283028302830335
"bump",500,0.995941034713532,0.994418985253677,0.994418985253677,0.994418985253677,0.994418985253677,1,-0.00152204945985501
"bump",500,0.974963274669472,0.970979738817649,0.970979738817649,0.970769736927632,0.966236696130265,1,-0.00419353774183973
"bump",500,0.975075119230523,0.973427697490558,0.973427697490558,0.973427697490558,0.973427697490558,1,-0.00164742173996546
"bump",500,0.992364975023935,0.992097588918398,0.992097588918398,0.95097370603151,0.958994287751513,1,-0.0413912689924251
"bump",300,0.974453397813591,0.968042372169489,0.962010348041392,0.947695790783163,0.984776439105756,5,-0.0370806483225933
"bump",300,0.977327556201015,0.974127929074099,0.97792117254982,NA,NA,3,NA
"bump",300,0.98245703564728,0.981371357098186,0.989568480300188,0.983150469043152,NA,3,-0.00641801125703567
"bump",300,0.961290629062906,0.974130413041304,0.96518401840184,NA,NA,2,NA
"bump",300,0.988767945228227,0.808056708471758,0.952676416186243,0.952943012427486,0.972815686462813,1,-0.0358249328007411
"bump",500,0.971789617691267,0.97291967306398,0.97291967306398,0.97291967306398,0.972252640379379,2,0
"bump",500,0.976670211563299,0.975154543153531,0.97818187820829,0.979877125812483,0.980829045609114,5,-0.000951919796630341
"bump",500,0.954469361734043,0.96995224880622,0.988373209330233,0.965169629240731,0.962843071076777,3,-0.0232035800895022
"bump",500,0.948433323099171,0.945826611955568,0.945826611955568,0.945826611955568,0.952539655712113,5,-0.00671304375654425
"bump",500,0.963978355913424,0.9624893499574,0.968981375925504,0.962259849039396,0.963420853683415,3,-0.0067215268861075
"bump",1000,0.983355335533553,0.983913891389139,0.982301230123012,0.976545654565457,0.976053105310531,2,-0.00736823682368237
"bump",1000,0.997575030012005,0.997235394157663,0.997235394157663,0.997235394157663,0.997235394157663,1,-0.000339635854341713
"bump",1000,0.927706321756257,0.968488294823141,0.97676978751341,0.976219355975084,0.984356735680774,5,-0.00813737970568928
"bump",1000,0.99270494951273,0.987736234017699,0.997637159751004,0.995035785153062,0.992994991278744,3,-0.00260137459794219
"bump",1000,0.991085423687446,0.996593015381445,0.993096004745371,0.990728820629162,0.991966178225507,2,-0.0058641947522835
"bump",500,0.953078,0.952177,0.952177,0.952177,0.945378,1,-0.00090099999999993
"bump",500,0.9744196072665,0.972986693154322,0.978529294966245,0.978599815346635,0.977100382010401,4,0
"bump",500,0.995405774882969,0.995913799776189,0.995913799776189,0.995913799776189,0.995913799776189,2,0
"bump",500,0.966358929430461,0.969736838157417,0.969736838157417,0.969736838157417,0.969736838157417,2,0
"bump",500,0.981525879072298,0.984471956503475,0.984471956503475,0.984471956503475,0.984471956503475,2,0
"bump",200,0.891977771644346,0.862051792828685,0.869536412582601,0.879724575593209,0.81687557000912,1,-0.0122531960511368
"bump",200,0.971687046992752,0.971918050688811,0.971918050688811,0.971918050688811,0.971918050688811,2,0
"bump",200,0.983569779676817,NA,NA,NA,NA,1,NA
"bump",200,0.950499217971847,0.964501222043994,0.964501222043994,0.964501222043994,0.964501222043994,2,0
"bump",200,0.976936674139364,0.960312172694343,0.960312172694343,0.942979915749586,0.956780897904143,1,-0.0339567583897787
"bump",200,0.986729486729487,NA,NA,NA,NA,1,NA
"bump",200,0.911883562604434,0.922465228663362,0.941234838254681,0.960338036296026,0.929786142755821,4,0
"bump",200,0.983654679931152,0.987600968209646,0.987600968209646,0.987600968209646,0.987600968209646,2,0
"bump",200,0.8586490861577,0.899509862773582,0.921437475738257,0.882404083576451,0.925877624770389,5,-0.0434735411939379
"bump",200,0.945370292577345,0.914279698820969,0.914279698820969,0.914279698820969,0.887178887061864,1,-0.0310905937563762
"bump",200,0.972632390529562,0.974886399545598,0.974886399545598,0.958645834583338,0.945929783719135,2,-0.0162405649622599
"bump",200,0.967687768776878,0.97040204020402,0.97040204020402,0.96968096809681,0.97005900590059,2,-0.00072107210721073
"bump",200,0.983564194645538,NA,NA,NA,NA,1,NA
"bump",200,0.937429935748394,0.921571039275982,0.921571039275982,0.921571039275982,0.921571039275982,1,-0.0158588964724118
"bump",200,0.952138702967213,0.9450479178831,0.9450479178831,0.885055168911915,0.901410545439614,1,-0.0670835340552981
"bump",300,0.952527017368702,0.954894200976545,0.954894200976545,0.954894200976545,0.972134093959597,5,-0.0172398929830524
"bump",300,0.978361805256247,0.981131330181972,0.981131330181972,0.984226358037222,0.982189839708557,4,0
"bump",300,0.992289921368404,0.99262559894184,0.99262559894184,0.99262559894184,0.99262559894184,2,0
"bump",300,0.992435629345838,0.991045061207999,0.991045061207999,0.991045061207999,0.993088661344406,5,-0.0020436001364067
"bump",300,0.991578271359921,0.993396860582829,0.993396860582829,0.993396860582829,0.993359348428891,2,0
"bump",500,0.927089177790513,0.940231768043933,0.952988811646209,0.935392182454077,0.959749129644687,5,-0.0243569471906101
"bump",500,0.96093287314926,0.958272308923569,0.956532112845138,0.956907763105242,0.959431772709084,1,-0.00402511004401762
"bump",500,0.980101637176683,NA,NA,0.980791253721879,0.994777117332829,5,-0.0139858636109502
"bump",500,0.962151484083919,0.971139006276412,0.946303918381636,0.965672776374684,0.98492660848691,5,-0.0192538321122253
"bump",500,0.986833381500434,0.989083401750616,0.988655897903081,0.988686398177584,0.979786318076863,2,-0.000397003573032073
"bump",1000,0.998872403501452,NA,NA,NA,NA,1,NA
"bump",1000,0.99338180574227,0.993865429549965,0.993865429549965,0.994168007009794,0.993861428525703,4,0
"bump",1000,0.9923365727253,NA,NA,NA,NA,1,NA
"bump",1000,0.991618670072617,0.992684033802455,0.991320950613714,0.99088265535634,0.985345977122293,2,-0.00180137844611528
"bump",1000,0.998204983844855,NA,NA,NA,NA,1,NA
"bump",500,0.9935026816314,0.978992470631061,0.978992470631061,0.978992470631061,0.978992470631061,1,-0.0145102110003391
"bump",500,0.990268322467018,NA,NA,NA,NA,1,NA
"bump",500,0.983787094677367,0.986340658516463,0.986340658516463,0.978249456236406,0.986379159478987,5,-0.00812970324258111
"bump",500,0.986431400943476,0.988544072069838,0.988544072069838,0.988544072069838,0.987331973889885,2,0
"bump",500,0.9724365,0.970522,0.970522,0.971077,0.9572425,1,-0.00135950000000007
"bump",1000,0.97954247954248,0.983064983064983,0.99010749010749,0.982082982082982,0.992704992704993,5,-0.0106220106220106
"bump",1000,0.98449950796851,0.984214989759345,0.984214989759345,0.984214989759345,0.983982974910394,1,-0.000284518209165308
"bump",1000,0.983285364065711,0.984615284470776,0.969521989753204,0.980266504832979,0.975887681812537,2,-0.00434877963779701
"bump",1000,0.996334472163992,0.99672452833208,0.99672452833208,0.99672452833208,0.996380978860956,2,0
"bump",1000,0.99040553639864,NA,NA,NA,NA,1,NA
"bump",200,0.933354933354933,0.934758934758935,0.933822933822934,0.933676433676434,0.953585453585454,5,-0.0199090199090198
"bump",200,0.961997687250669,0.951779376517992,0.94664171191466,0.973868033242771,0.834396344415591,4,0
"bump",200,0.986280425101154,0.976766012775508,0.990548291398755,0.957654419208007,0.929388081878022,3,-0.0328938721907477
"bump",200,0.983469619625226,0.980921252660383,0.980014122033573,0.983289593701493,0.98316307548287,1,-0.000180025923733007
"bump",200,0.975349052371874,0.977294073118762,0.976416936349509,0.953159294445602,0.969910504013201,2,-0.0241347786731604
"bump",300,0.981994948863494,0.981325298192093,0.981325298192093,0.971412067715236,0.981524843089695,1,-0.0105828811482583
"bump",300,0.953699314797259,NA,NA,NA,NA,1,NA
"bump",300,0.987976688128644,0.989965224389775,0.989965224389775,0.989965224389775,0.958252250304312,2,0
"bump",300,0.9458455,0.947144,0.947144,0.947144,0.947144,2,0
"bump",300,0.960840066495923,0.971484518480042,0.971484518480042,0.971484518480042,0.971484518480042,2,0
"bump",200,0.737507939286339,0.933678577679978,0.911731639618914,0.948373884123928,0.91614913355505,4,0
"bump",200,0.877180555388808,0.839271707506433,0.839271707506433,0.839271707506433,0.839271707506433,1,-0.0379088478823751
"bump",200,0.889932606697728,0.948202461920634,0.947229914265799,0.915585863707322,0.955895838896106,5,-0.0403099751887842
"bump",200,0.898078770893804,NA,NA,NA,NA,1,NA
"bump",200,0.624076485223764,NA,NA,NA,NA,1,NA
"bump",500,0.99858596011056,0.994774309222744,0.997558841578479,0.996381559518315,0.989803896443227,1,-0.00220440059224503
"bump",500,0.989201680672269,0.991903761504602,0.981379551820728,0.981112444977991,0.973411864745898,2,-0.0107913165266106
"bump",500,0.991725672567257,0.996042104210421,0.994091909190919,0.992179217921792,0.992614761476148,2,-0.00386288628862885
"bump",500,0.977007941080688,0.969973195721336,0.982117788521757,0.99544327262707,0.997561061148826,5,-0.00211778852175659
"bump",500,0.965251168101546,0.975379551693184,0.944871311185854,0.941386770956027,0.985787138824203,5,-0.0444003678681759
"bump",500,0.974383125829805,0.993009343921441,0.985121370775821,0.978989954658183,0.979337157744433,2,-0.0140193892632581
"bump",500,0.891994640663068,0.915598454283915,0.953466295358346,0.929000802098072,0.923017110424171,3,-0.0244654932602734
"bump",500,0.91996699669967,0.931985198519852,0.966289128912891,0.976913691369137,0.951649664966497,4,0
"bump",500,0.721237437619472,0.772062125954401,0.871775943247599,0.917257087298229,0.928115225300112,5,-0.0108581380018825
"bump",500,0.920386509662742,0.954551863796595,0.910476261906548,0.966403660091502,0.939642991074777,4,0
"bump",200,0.976162462631914,0.985806130167001,0.970854893768584,0.994618395303327,0.975373080570996,4,0
"bump",200,0.948396157665449,0.954221622941892,0.933327727593055,0.975753671759882,0.941470065346915,4,0
"bump",200,0.830747684228124,0.93046227341575,0.946355581227957,0.924809617673647,0.96745505855877,5,-0.0426454408851239
"bump",200,0.956442749421871,0.960266064684385,0.955068659430995,0.969815088749989,0.946139578298592,4,0
"bump",200,0.927273109458189,0.966401211564313,0.974305807881374,0.891229471522133,0.964758633046358,3,-0.0830763363592413
"bump",500,0.948921144644829,0.97095581763774,0.988547350818518,0.998505284761006,0.994388191899634,4,0
"bump",500,0.896560442333264,0.978297874044762,0.989115894198882,0.991481960620965,0.993674301895256,5,-0.00219234127429158
"bump",500,0.898567745488223,0.967700933643714,0.983938825060699,0.972028735200621,0.973591149157718,3,-0.0119100898600787
"bump",500,0.997624394090405,0.99619993115346,0.997496807842101,0.99897530730774,0.984524038249857,4,0
"bump",500,0.981793107862285,0.976825864467359,0.973989225472048,0.981115574663158,0.993873699811291,5,-0.0127581251481322
"bump",500,0.984898,0.99796,0.996309,0.9942035,0.9917715,2,-0.00375649999999994
"bump",500,0.977645897233312,0.988964392252994,0.990072909813535,0.990612648716092,0.990737319390245,5,-0.000124670674152894
"bump",500,0.970625545865727,0.979124293813572,0.970337418801692,0.978527030420415,0.986798177996496,5,-0.00827114757608105
"bump",500,0.995853671469118,0.998111167024658,0.999009062996782,0.997179256051919,0.99690463494401,3,-0.00182980694486268
"bump",500,0.998169614093221,0.976616682474318,0.993232724638725,0.989141244362271,0.992453347420151,1,-0.00902836973094978
"bump",500,0.992598387049955,0.993703449014503,0.993703449014503,0.993703449014503,0.987484472578148,2,0
"bump",500,0.988429178124412,0.983946647934003,0.983946647934003,0.983946647934003,0.983946647934003,1,-0.00448253019040867
"bump",500,0.994497869238533,0.994555443855236,0.994594494464826,0.993666291513802,0.995993807975136,5,-0.00232751646133389
"bump",500,0.989764475348673,0.990185305279339,0.990185305279339,0.990185305279339,0.990185305279339,2,0
"bump",500,0.964921862418239,0.967568627333299,0.967568627333299,0.967568627333299,0.967568627333299,2,0
"cross",1000,0.995021837293656,0.992458152898068,0.995125356243985,0.995371719779406,0.995630806314309,5,-0.000259086534902697
"cross",1000,0.993684413417442,0.996877277460399,0.995676888317619,0.996823673384664,0.99602018250477,2,-5.36040757346257e-05
"cross",1000,0.992692307692308,0.987403418803419,0.990897435897436,0.988935612535613,0.989052991452991,1,-0.00375669515669508
"cross",1000,0.968769032174559,0.957846369686737,0.946908105871762,0.943237171375378,0.941867143720581,1,-0.0255318607991809
"cross",1000,0.991633353878665,0.988975961961786,0.987348184673183,0.989517184702533,0.99066596225529,1,-0.00211616917613222
"cross",200,0.495428896238115,0.499430033071517,0.502727883422902,0.59205301777594,0.548199152542373,4,0
"cross",200,0.856297476939772,0.920522883473914,0.929446390108354,0.944166810536181,0.948257329124122,5,-0.00409051858794129
"cross",200,0.914247679413957,0.875155377039786,0.874991714924047,0.915787938764876,0.921170433954434,5,-0.00538249518955747
"cross",200,0.614116053690379,0.774367059550243,0.630449277116479,0.522200391492345,0.519032037262726,2,-0.252166668057897
"cross",200,0.577742251296768,0.528600348527029,0.615433499634016,0.579986136505399,0.579122985939476,3,-0.0354473631286171
"cross",500,0.831840004004906,0.947093689769968,0.938507171284824,0.95404670721634,0.917072413706791,4,0
"cross",500,0.994353568508633,0.956699670562208,0.941502248352811,0.901685663444428,0.944078736433736,1,-0.0926679050642043
"cross",500,0.914182569159836,0.925111864433914,0.943734591124488,0.975450859695184,0.977412989882172,5,-0.00196213018698776
"cross",500,0.975470804644289,0.984907965981474,0.97107201297014,0.973149261952082,0.94759824670354,2,-0.0117587040293915
"cross",500,0.931950333646424,0.974981769731452,0.974759705554905,0.962697719640976,0.978796372151552,5,-0.0160986525105755
"cross",500,0.968620900456341,0.959714689070518,0.957032270070867,0.949966032030944,0.964303116348548,1,-0.0186548684253971
"cross",500,0.972080187362627,0.963225282349516,0.958088517036013,0.988873593254625,0.986996265353021,4,0
"cross",500,0.884398169615986,0.955254442006292,0.928804711966902,0.958342138392495,0.964598153791917,5,-0.00625601539942255
"cross",500,0.972405,0.956253,0.9735815,0.9703395,0.9651685,3,-0.00324199999999997
"cross",500,0.973780544066498,0.955167267752767,0.963008633174336,0.967819662134785,0.97964263793221,5,-0.0118229757974253
"cross",200,0.639554846829674,0.879315998061187,0.729900595085353,0.861887043757714,0.866196932113021,2,-0.0174289543034731
"cross",200,0.689006888633754,0.717945598096474,0.840854777117756,0.823712748964209,0.747745906753856,3,-0.0171420281535466
"cross",200,0.678458001516875,0.737884577335905,0.785510028688727,0.744782134672141,0.755679523008689,3,-0.0407278940165867
"cross",200,0.551828720345075,0.609454141069211,0.644068912979544,0.651048134108882,0.668102779230116,5,-0.0170546451212339
"cross",200,0.780508453729973,0.90967228472097,0.80860675396448,0.666280604798373,0.846208838288591,2,-0.243391679922596
"cross",500,0.59154689710573,0.905811315876678,0.923866262994771,0.970974198717784,0.98204354280567,5,-0.0110693440878858
"cross",500,0.775245830980207,0.975978051889136,0.977380155146892,0.98596199405212,0.988641214840692,5,-0.00267922078857241
"cross",500,0.875344422952934,0.963707027724049,0.954656866537718,0.986160154738878,0.982565054803353,4,0
"cross",500,0.94769125294859,0.941938796098618,0.926466688991263,0.975326391581162,0.941187189625612,4,0
"cross",500,0.924918648954794,0.919487694367212,0.937646998249408,0.922377715992174,0.921026155905674,3,-0.0152692822572341
"cross",1000,0.992520161657352,0.995195677304254,0.992292603447962,0.992261314194171,0.995642829185706,5,-0.00338151499153483
"cross",1000,0.98488260988261,0.984465925255399,0.989021916653496,0.986994769889507,0.989072804862279,5,-0.00207803497277181
"cross",1000,0.995744523958758,0.995975256868764,0.993407461236276,0.993067903268201,0.993109530339594,2,-0.00290735360056327
"cross",1000,0.982289759767766,0.981719245238307,0.965479427708167,0.979098906958144,0.976188275719068,1,-0.00319085280962117
"cross",1000,0.952374978364935,0.963847080456886,0.961895568557891,0.956907016266084,0.984045228611488,5,-0.0271382123454037
"cross",300,0.978731456409064,0.985451172004784,0.983994991361552,0.984995369293641,0.98044045700711,2,-0.000455802711143649
"cross",300,0.901512660655648,0.970623569432325,0.96052739734689,0.960503159367874,0.961283516909679,2,-0.0101204100644519
"cross",300,0.914291333177106,0.978269195629889,0.976996833806318,0.988631847139018,0.984789469283172,4,0
"cross",300,0.922056671149084,0.982605179652011,0.975940487708883,0.97525838813362,0.961629720887519,2,-0.00734679151839157
"cross",300,0.85538642855716,0.873245692886258,0.860261007886168,0.848339236657593,0.874450013089294,5,-0.0261107764317008
"cross",500,0.98633101517076,0.989969126098822,0.986716676937007,0.985936445456108,0.976367736878068,2,-0.00403268064271367
"cross",500,0.902807107213472,0.911909435071096,0.968536829896401,0.935555311838148,0.955331082626064,3,-0.0329815180582528
"cross",500,0.978570122001348,0.960202095562242,0.969688748581858,0.973787488284911,0.971992716092011,1,-0.00478263371643728
"cross",500,0.763521540386629,0.876417681758983,0.97934165836717,0.96245920478051,0.984431165249368,5,-0.0219719604688576
"cross",500,0.684920178562596,0.705124915500157,0.980091012514221,0.742707766566091,0.884394939902063,3,-0.237383245948129
"cross",300,0.943736582611064,0.893701236802897,0.58283134942886,0.94614320158926,0.932220657972733,4,0
"cross",300,0.932325814536341,0.934184962406015,0.930462656641604,0.930493233082707,0.934471177944862,5,-0.0039779448621553
"cross",300,0.94198699802039,0.939412100112834,0.939632949056172,0.929653588393786,0.931143314902485,1,-0.0123334096266047
"cross",300,0.522725081935608,0.54745638133796,0.520015483420089,0.922766150151019,0.515059684467579,4,0
"cross",300,0.970872572756065,0.959234502490622,0.970579558398362,0.973545703739483,0.965291799298166,4,0
"cross",200,0.766124666888741,0.784324917647494,NA,0.763913756569694,0.7479602718558,2,-0.0204111610777999
"cross",200,0.923999160679173,0.966127651221584,0.963232896863941,0.985928402774722,0.946579598412059,4,0
"cross",200,0.809848914431229,0.936260304583126,0.963420686744152,0.894639007652265,0.923883208733254,3,-0.0687816790918864
"cross",200,0.932672977468337,0.940873124082921,0.948965257537607,0.914597004671126,0.919840069695049,3,-0.0343682528664804
"cross",200,0.989420602039833,0.955343092049422,0.952504255387481,0.981700686826422,0.93568285778518,1,-0.00771991521341164
"cross",200,0.577200243481465,0.84508441758673,0.860968279330907,0.86424807076981,0.840704854812163,4,0
"cross",200,0.595462,0.5879625,0.767481,0.736975,0.762305,3,-0.0305059999999999
"cross",200,0.82385881494884,0.866248693834901,0.775992810706997,0.787189513410296,0.83179699263939,2,-0.0790591804246051
"cross",200,0.625946742245921,0.920594245888777,0.901826031608781,0.924068970072537,0.948040263566636,5,-0.0239712934940994
"cross",200,0.560223755532748,NA,0.532219233113093,0.564028020559369,0.665348462858426,5,-0.101320442299057
"cross",300,0.963717190579936,0.966938997821351,0.963657018362901,0.962592073866584,0.965785351177508,2,-0.0043469239547671
"cross",300,0.547569427317121,0.543367923675167,0.543367923675167,0.543367923675167,0.54366028708134,1,-0.00420150364195404
"cross",300,0.692805538832029,0.734653028630678,0.732287172218878,0.732215574620376,0.732535934677905,2,-0.00243745401030171
"cross",300,0.864035630080295,0.95163414453183,0.943670034294571,0.966820415162157,0.952248314125076,4,0
"cross",300,0.853819046032585,0.866930640209992,0.854572270776018,0.777435021432762,0.815603236797098,2,-0.0894956187772307
"cross",300,0.949743739145976,0.958044194020614,0.929035217400737,0.925963289767438,0.960993699113289,5,-0.0350304093458504
"cross",300,0.765389075317501,0.771573515585671,0.840530229630154,0.888513468484679,0.874901958371909,4,0
"cross",300,0.630373088052914,0.899244005787516,0.896849937990905,0.973332988838363,0.93895721372468,4,0
"cross",300,0.720159310676552,0.858293526396975,0.942571237829859,0.925616489194075,0.922814454064454,3,-0.0169547486357832
"cross",300,0.741864526891431,0.764968078968493,0.771811659642785,0.808883537360359,0.798348760786675,4,0
"cross",1000,0.838485199570059,0.940175032627614,0.973906281561395,0.982045654587908,0.977379931950362,4,0
"cross",1000,0.98606455955062,0.988584815303772,0.986833889881183,0.977140638347441,0.976336620848541,2,-0.0114441769563305
"cross",1000,0.976560804270294,0.952453989307805,0.980173560426741,0.938393352199492,0.963028399020276,3,-0.0417802082272498
"cross",1000,0.969081404896552,0.993162552212616,0.99651635530968,0.996533176892612,0.995134882811391,4,0
"cross",1000,0.966945079797487,0.95933129449256,0.966913212202205,0.953362802292411,0.964498984862892,1,-0.0135822775050757
"cross",1000,0.989786127624865,0.98798836281154,0.98839568495353,0.988473245664048,0.988785543094477,1,-0.00131288196081703
"cross",1000,0.97507527927174,0.975097842541198,0.975097842541198,0.975233222157951,0.974281975229633,4,0
"cross",1000,0.988709326032983,0.987221818017396,0.98727936582318,0.991162815074237,0.990627414952564,4,0
"cross",1000,0.994227008478329,0.987627912888043,0.999224118139031,0.998702934616835,0.997649293199298,3,-0.0005211835221961
"cross",1000,0.988181382115154,0.983150961806524,0.961165421702553,0.973544170944096,0.973410415880877,1,-0.0146372111710589
"cross",500,0.957001639960509,0.924193651659169,0.924193651659169,0.898628133791035,0.892395664225315,1,-0.0583735061694737
"cross",500,0.9181974465069,0.970288001110845,0.969133634049062,0.936187542161858,0.922074524030834,2,-0.0341004589489871
"cross",500,0.932013552589063,0.938228769107365,0.943170591459845,0.945526912646296,0.938324776936648,4,0
"cross",500,0.942388466341242,0.981323359913438,0.977317424133181,0.969738156819551,0.957690179679055,2,-0.0115852030938873
"cross",500,0.727181668678473,0.910979863878552,0.969812171207626,0.91304192291221,0.98535401490815,5,-0.0723120919959402
"cross",300,0.975287039927353,0.963976276284798,0.992580379692954,0.990358977269503,0.987284542694174,3,-0.00222140242345137
"cross",300,0.612294084501707,0.681295604452841,0.818013078208825,0.652072649876178,0.718180462235607,3,-0.165940428332647
"cross",300,0.953791593615312,0.979424629264373,0.941753529293593,0.966789027686464,0.945704009606253,2,-0.0126356015779093
"cross",300,0.732081473319395,0.915148636303705,0.835670122996365,0.952791551298714,0.799350996402403,4,0
"cross",300,0.692282890197859,0.755009470583409,0.818410952825054,0.818828721696592,0.878770754098815,5,-0.059942032402223
"cross",1000,0.997315828481676,0.994069017850094,0.995848253579975,0.994860247514078,0.983393014319902,1,-0.0024555809675979
"cross",1000,0.984026785714286,0.980107142857143,0.983751190476191,0.976854761904762,0.981701785714286,1,-0.00717202380952375
"cross",1000,0.99698352568476,0.996861864798973,0.996866635814102,0.997119499615933,0.996626892303875,4,0
"cross",1000,0.999560931805469,0.996761872065337,0.999189008348134,0.999379932948682,0.988224564697749,1,-0.000180998856787906
"cross",1000,0.994945160560832,0.995057666214383,0.996248303934871,0.987540140208051,0.99510289461782,3,-0.00870816372682037
"cross",1000,0.760304478387665,0.714508458076731,0.789599927402024,0.79621366491909,0.961317859514666,5,-0.165104194595576
"cross",1000,0.987929239208399,0.967169772104851,0.986688286547992,0.978916540329943,0.986645495076943,1,-0.00901269887845602
"cross",1000,0.94350131140027,0.851932978533778,0.940350385780856,0.946709785847063,0.943249216979451,4,0
"cross",1000,0.960516340212177,0.945155954412613,0.952036341528899,0.978358438491078,0.981064919541081,5,-0.0027064810500036
"cross",1000,0.781042708333333,0.890486458333333,0.930790104166667,0.946050520833333,0.949360416666667,5,-0.00330989583333341
"cross",500,0.977848315267205,0.982751607120749,0.965460038639563,0.97150618347446,0.965277972848268,2,-0.0112454236462888
"cross",500,0.991844589687727,0.986005291005291,0.988513849984438,0.986035377113809,0.99065930075734,1,-0.00580921257391842
"cross",500,0.989051558733334,0.976778891093655,0.977550160711064,0.976440147427803,0.977920677610325,1,-0.0126114113055313
"cross",500,0.989430300533401,0.98386272863562,0.992535822744907,0.984682024696444,0.984595673492573,3,-0.00785379804846287
"cross",500,0.986356009217991,0.984992333849235,0.984992333849235,0.992178251704077,0.982440224184509,4,0
"cross",300,0.775077879095526,0.80484905173302,0.903178138518868,0.822310638903777,0.77900164266721,3,-0.0808674996150903
"cross",300,0.914898125393601,0.88090875084639,0.88090875084639,0.88090875084639,0.871395442987627,1,-0.0339893745472108
"cross",300,0.92804594880743,0.968455066773905,0.87680509926342,0.882072717441189,0.829695870878035,2,-0.0863823493327154
"cross",300,0.913935567780935,0.920454506696863,0.920454506696863,0.921723846651455,0.901576982938661,4,0
"cross",300,0.891811735723753,0.879402418520132,0.885236793915296,0.890945302291599,0.921401608287787,5,-0.0304563059961878
"cross",500,0.95514666447874,0.976289842949539,0.970426465644211,0.98051977939293,0.965105900998975,4,0
"cross",500,0.715415678719621,0.803165903010301,0.846983190214518,0.95763609638091,0.920057895031961,4,0
"cross",500,0.59798759481756,0.930032442933853,0.930893941811446,0.949926193078105,0.940275599361377,4,0
"cross",500,0.95481395099539,0.948442169571538,0.963792051503229,0.940283083421246,0.947944248916246,3,-0.0235089680819836
"cross",500,0.96033257420093,0.944717712053157,0.90935437644343,0.929439796388054,0.935069109127539,1,-0.0308927778128764
"cross",200,0.934994006464779,0.93304723789964,0.640063843961099,0.834126275196209,0.73591468983832,1,-0.10086773126857
"cross",200,0.68774175815357,0.7715932163264,0.7715932163264,0.814721968091936,0.886438872303544,5,-0.0717169042116076
"cross",200,0.513994042354103,0.624895711077266,0.656613097383515,0.692461881206509,0.71389745901483,5,-0.0214355778083212
"cross",200,0.730675263216846,0.544549351158474,0.523193484383001,0.494812167978751,0.556129592293907,1,-0.235863095238095
"cross",200,0.82373273625304,0.828142531825364,0.887766684647382,0.809072928375478,0.779538849897188,3,-0.0786937562719046
"cross",500,0.932066434754372,0.924521768586808,0.885004474885021,0.912107846232327,0.911246944500401,1,-0.0199585885220452
"cross",500,0.9743246240162,0.96081058163467,0.947880070525499,0.951127876136832,0.958918997028657,1,-0.023196747879368
"cross",500,0.980167028184381,0.972138134768604,0.972009128447294,0.968817472056131,0.964983784205426,1,-0.0113495561282503
"cross",500,0.842290164262821,0.867076822916667,0.831739783653846,0.845750200320513,0.825327023237179,2,-0.0213266225961538
"cross",500,0.961130288834891,0.957222375310003,0.949704150905584,0.973336506425512,0.946253162654375,4,0
"cross",500,0.987749003056053,0.988988195065593,0.985493650305605,0.958232008422779,0.970665856067382,2,-0.0307561866428145
"cross",500,0.967307636363636,0.968411927272727,0.959964509090909,0.964877963636364,0.958359854545455,2,-0.0035339636363636
"cross",500,0.613624682210333,0.989479451613756,0.996073838738201,0.990465447596182,0.982828146936973,3,-0.00560839114201905
"cross",500,0.91715731310452,0.98762748764,0.910934712743938,0.956558575498779,0.909990955661291,2,-0.0310689121412203
"cross",500,0.895080145454546,0.974491927272727,0.984375854545455,0.992277527272727,0.993309672727273,5,-0.00103214545454555
"cross",300,0.964603601526678,0.96454827224058,0.968040677271446,0.963238812469582,0.961928328082174,3,-0.00480186480186484
"cross",300,0.934720540020487,0.946417247610063,0.946417247610063,0.937790536564406,0.941623361864167,2,-0.0086267110456566
"cross",300,0.965570599613153,0.948262540296583,0.950847711154094,0.643349065119278,0.755488330109607,1,-0.322221534493875
"cross",300,0.90709999012118,0.906811343354847,0.734724874868282,0.884461028055848,0.956822354122761,5,-0.0723613260669126
"cross",300,0.971869913185024,NA,NA,NA,NA,1,NA
"cross",500,0.981133697085692,0.994441183093155,0.980646169743953,0.992272942936181,0.980631091578744,2,-0.0021682401569737
"cross",500,0.986338040431475,0.98819889699591,0.964822355497157,0.983212261738808,0.977349988141355,2,-0.00498663525710241
"cross",500,0.974429310317155,0.967606915286338,0.975107938495121,0.961479700340267,0.976092526162044,5,-0.014612825821777
"cross",500,0.9817013398871,0.989227179421387,0.986978999615113,0.975787714895118,0.97307195779075,2,-0.0134394645262684
"cross",500,0.994960657191561,0.988082547327982,0.979996776902603,0.988820756747234,0.977857721270141,1,-0.006139900444327
"cross",500,0.837546194027911,0.947491358923049,0.987717976038878,0.957400660100314,0.986588528807921,3,-0.0303173159385639
"cross",500,0.950364767053589,0.970973670664829,0.97263965681504,0.966383510421112,0.985470717837411,5,-0.019087207416299
"cross",200,0.878331781522656,0.865612856912225,0.79188340401941,0.692628780825103,0.755047107692276,1,-0.185703000697553
"cross",200,0.890241038197946,0.884118509331358,0.883171827405154,0.928294252229441,0.91976741910196,4,0
"cross",200,0.822470466274258,0.810227778602167,0.935967667474568,0.946707906712173,0.918343267217358,4,0
"cross",200,0.889036288058913,0.927931093553926,NA,0.858303819100456,0.962125809061489,5,-0.103821989961033
"cross",200,0.937811465249006,0.933848212948635,0.925720477878168,NA,0.969365650842776,5,NA
"cross",500,0.935529755922867,0.971780687697358,0.972820351866215,0.957582506682118,0.975446924817241,5,-0.0178644181351231
"cross",500,0.812994423745343,0.925753794603786,0.957594458753219,0.937939036283164,0.947184116426196,3,-0.0196554224700558
"cross",500,0.983017009154131,0.982260789587818,0.979162452868351,0.994587721972832,0.993986469556502,4,0
"cross",500,0.89650012424053,0.954563535003767,0.932348025777906,0.929820632744994,0.926198119559467,2,-0.0247429022587731
"cross",500,0.713389068815746,0.50555145489694,0.496969194848234,0.501884461851322,0.521255303657955,1,-0.211504606964425
"cross",300,0.456113554987212,0.462602557544757,0.462602557544757,0.462602557544757,0.462602557544757,2,0
"cross",300,0.910105278766311,0.908706267570159,0.908706267570159,0.899382403841466,0.919162543265246,5,-0.01978013942378
"cross",300,0.758245551499359,0.754732229556154,0.802296770202113,0.881888876597384,0.982713022030475,5,-0.100824145433091
"cross",300,0.864724596581128,0.852142972119781,0.863876696696881,0.880267206369809,0.866959689383617,4,0
"cross",300,0.607957707002687,0.571413823682138,0.559706546391912,0.611942031917958,0.614251897703142,5,-0.002309865785184
"cross",500,0.6470950418684,0.907022017452175,0.843824461077005,0.813347229397183,0.788245211464453,2,-0.0936747880549915
"cross",500,0.90438786074542,0.952889085386487,0.906340135999613,0.947192389500314,0.959017829807119,5,-0.0118254403068048
"cross",500,0.970791412924602,0.972010686425254,0.972010686425254,0.972010686425254,0.983293380308405,5,-0.0112826938831515
"cross",500,0.934159005660061,0.9216078026336,0.967163816561425,0.968797395107194,0.898177618920001,4,0
"cross",500,0.959413399766097,0.976085506816835,0.976947624120861,0.976816454124545,0.976299283871898,3,-0.000131169996315239
"cross",200,0.690516094816263,0.872242087250519,0.769832629655564,0.741022411342816,0.812064172097899,2,-0.131219675907703
"cross",200,0.90495400466213,0.848987750786075,0.848987750786075,0.885591576298666,0.865950827253906,1,-0.019362428363464
"cross",200,0.776995705757512,0.8089636106388,0.810641178393093,0.807339824341487,0.809828250985649,3,-0.00330135405160537
"cross",200,0.530268604383499,0.618291570068564,0.618291570068564,0.618291570068564,0.618291570068564,2,0
"cross",200,0.955921079638752,0.941506568144499,0.941506568144499,0.941506568144499,0.941506568144499,1,-0.0144145114942529
"cross",500,0.969306062580151,0.966647512404177,0.96511414711293,0.964476013127328,0.965127462910383,1,-0.00483004945282317
"cross",500,0.955266416111709,0.937754780586491,0.934519753966335,0.935003281076821,0.936882966553948,1,-0.0202631350348882
"cross",500,0.985416018187216,0.987222515001063,0.988111124465935,0.989408083366977,0.985598362903996,4,0
"cross",500,0.884397046912771,0.88592150197194,0.90416103638055,0.902931620412764,0.92993366027882,5,-0.0270020398660554
"cross",500,0.97790294627383,0.983460755272031,0.9733781358703,0.985168250222271,0.984919347239123,4,0
"cross",200,0.945268145896369,0.92096194913609,0.921208763631026,0.785256000492445,0.75824490626968,1,-0.160012145403923
"cross",200,0.878379642124901,0.85975491379841,0.85975491379841,0.826890113688557,0.778919911359859,1,-0.0514895284363444
"cross",200,0.925386363977807,0.924001312822789,0.942848871677351,0.879959921924025,0.879442766820253,3,-0.0628889497533256
"cross",200,0.516993433070924,0.588593986817525,0.588593986817525,0.588593986817525,0.588593986817525,2,0
"cross",200,0.813761077261034,0.815050921801762,0.815050921801762,0.815050921801762,0.824418796882489,5,-0.00936787508072678
"cross",500,0.986632577939953,0.977532248255553,0.984111432526727,0.977590763235388,0.983842863773126,1,-0.00904181470456433
"cross",500,0.997431854021176,0.970718129708893,0.970677580035543,0.959731671297339,0.972146879927912,1,-0.0377001827238367
"cross",500,0.987411241124112,0.989310931093109,0.98495899589959,0.983273827382738,0.982357735773577,2,-0.00603710371037103
"cross",500,0.997052423323378,0.997325811561764,0.995918739986215,0.997208931819481,0.989527474765513,2,-0.000116879742282694
"cross",500,0.909276752715771,0.953738963343222,0.933771042657874,0.973530057075533,0.876024268873146,4,0
"cross",500,0.84826383423284,0.976571061330521,0.961554001959096,0.9772267668205,0.962346563411433,4,0
"cross",500,0.963189151945876,0.963429699772208,0.963687321974521,0.962294755956948,0.944206463354372,3,-0.00139256601757254
"cross",500,0.979672145273249,0.989928501579057,0.992557090527261,0.990880344346655,0.965601905288639,3,-0.00167674618060565
"cross",500,0.982501086281345,0.970525398913618,0.965707628253952,0.961730283115525,0.964773376122282,1,-0.0207708031658203
"cross",500,0.993783464787829,0.990848783244361,0.983437434873916,0.977997402972154,0.989380941502749,1,-0.0157860618156751
"cross",1000,0.996333232660695,0.995053548502936,0.994260621741761,0.997398079332115,0.987547209759226,4,0
"cross",1000,0.982437157668232,0.981135074334898,0.985526294340115,0.981380106448878,0.983768278071205,3,-0.00414618789123633
"cross",1000,0.987628273396737,0.987399692886863,0.987415172379632,0.986068456508817,0.987178852123374,1,-0.00155981688792017
"cross",1000,0.993952710626393,0.993352745807576,0.991134551272386,0.986432209210769,0.98603066207636,1,-0.00752050141562377
"cross",1000,0.998165379497061,0.99606554404496,0.998090348155844,0.998190389944133,0.997341076845641,4,0
"cross",300,0.812455105382156,0.734520647625978,0.959546765768341,0.946157644429429,0.926770446217417,3,-0.0133891213389121
"cross",300,0.63047012086128,0.807165171616458,0.548199995080274,0.643595028616409,0.681246822676659,2,-0.163570143000049
"cross",300,0.591451501211851,0.685775997098152,0.564751096436992,0.563217733425665,0.533830336680352,2,-0.122558263672487
"cross",300,0.601392534590915,0.562664056591182,0.664691348572339,0.51309814373556,0.566279638824597,3,-0.151593204836779
"cross",300,0.483743415779228,0.722646345552993,0.702774063077653,0.807159522173693,0.61545901424809,4,0
"cross",500,0.965413668816373,0.961401958211923,0.936528431819333,0.945544998826178,0.956601369919766,1,-0.0198686699901952
"cross",500,0.985622335035087,0.992724526281573,0.986314269871317,0.987668263255512,0.98904854777338,2,-0.00505626302606166
"cross",500,0.887526317181397,0.92026138379793,0.968421107098136,0.967644383732389,0.95032937440136,3,-0.000776723365747634
"cross",500,0.969422587768336,0.970426519640727,0.960636436903697,0.960413987962135,0.912592124142815,2,-0.0100125316785927
"cross",500,0.736292116407397,0.818481789362117,0.893640178898189,0.911373747023512,0.945519584218556,5,-0.0341458371950437
"cross",200,0.686491336832306,0.792717963533642,0.822856979487673,0.80737542934643,0.847504273401387,5,-0.0401288440549564
"cross",200,0.611543512912998,0.694296132308894,0.819302315486412,0.713296910632138,0.817705289064811,3,-0.106005404854274
"cross",200,0.879811528822055,0.921878696741855,0.964636591478697,0.929473182957393,0.948562406015038,3,-0.0351634085213033
"cross",200,0.95155059695282,0.957369586614173,0.930904811631778,0.966279867646117,0.878326851674029,4,0
"cross",200,0.88047375801282,0.953902744391026,0.906169871794872,0.935571414262821,0.84998297275641,2,-0.0183313301282051
"cross",500,0.960982851546398,0.964008289607308,0.964008289607308,0.962870844736192,0.963956634526876,2,-0.00113744487111545
"cross",500,0.984524080198429,0.990427862753204,0.968325754443985,0.960441814799504,0.980785448532451,2,-0.0299860479536999
"cross",500,0.961783541715203,0.99524009215397,0.996306593150579,0.918745049312728,0.997433667262043,5,-0.0786886179493153
"cross",500,0.99413187282168,0.984227443145914,0.98082872284606,0.983617693962607,0.969101746160848,1,-0.0105141788590731
"cross",500,0.912718088154931,0.93117862184998,0.924999820577413,0.933786913634169,0.901466754019835,4,0
"cross",1000,0.93597949768087,0.92940119152289,0.962744134463368,0.931820863243663,0.96086256654482,3,-0.0309232712197053
"cross",1000,0.982330159338852,0.972832400927355,0.97446114768919,0.973077743794011,0.982657454969791,5,-0.00957971117577994
"cross",1000,0.987269198473165,0.975736939829866,0.976427460473204,0.975533935988173,0.977759801343311,1,-0.0117352624849926
"cross",1000,0.975263098877002,0.98413256279487,0.986699178516845,0.983478968702239,0.973906073493255,3,-0.00322020981460558
"cross",1000,0.991479776103658,0.995081065203811,0.994818880601029,0.992767428294838,0.992147390151374,2,-0.00231363690897279
"cross",500,0.980269285557747,0.960226961428885,0.99676804825042,0.99635142724085,0.994901243699321,3,-0.00041662100956974
"cross",500,0.993612417195809,0.994519771202371,0.993602947095283,0.996057478775137,0.99442507019712,4,0
"cross",500,0.846978743041735,0.938730351013816,0.971727380231317,0.963279974618557,0.97995788987915,5,-0.0166779152605924
"cross",500,0.96720799791294,0.902897543045617,0.959484593954979,0.945378302959153,0.931973133758199,1,-0.0218296949537865
"cross",500,0.849778966799911,0.9144158523947,0.876537747982826,0.88520905044785,0.960699811236953,5,-0.0754907607891036
"cross",500,0.990104993761343,0.989214685420448,0.987300552026618,0.981753700657895,0.986086495198125,1,-0.00835129310344829
"cross",500,0.988671300666495,0.984620841557253,0.982409107812008,0.962802139649304,0.96631654223519,1,-0.0258691610171915
"cross",500,0.933348074693665,0.953176743906776,0.964068222861656,0.965387439899128,0.95681628185173,4,0
"cross",500,0.958460563328152,0.954522216670368,0.953606739025835,0.948637251091865,0.968832699496632,5,-0.0201954484047672
"cross",500,0.91554870711162,0.914163951747821,0.895002201285551,0.947652842593408,0.887305332981128,4,0
"cross",500,0.980166412839796,0.978803367559021,0.972802759978705,0.953636909601875,0.953847958540163,1,-0.0265295032379218
"cross",500,0.983981988742964,0.975756347717323,0.980243652282677,0.983198999374609,0.935361601000625,1,-0.000782989368355302
"cross",500,0.994824147107718,0.978569977350952,0.979265061917072,0.974469528873783,0.919561851517126,1,-0.0203546182339348
"cross",500,0.953099974373759,0.953571957684669,0.953571957684669,0.953571957684669,0.953571957684669,2,0
"cross",500,0.502575486141169,0.512940051940557,0.520501691274307,0.53635738790298,0.572475312204428,5,-0.0361179243014477
"cross",300,0.955341295741931,0.960305021184015,0.87753502723659,0.819115403804944,0.811756207979585,2,-0.141189617379071
"cross",300,0.903786705507824,0.94650019871267,0.94650019871267,0.947131674799546,0.951469551892687,5,-0.00433787709314093
"cross",300,0.971762684204548,0.971540716486783,0.971540716486783,0.971540716486783,0.971540716486783,1,-0.000221967717765392
"cross",300,0.944126041666667,0.971446354166667,0.971446354166667,0.970744791666667,0.966234375,2,-0.000701562499999975
"cross",300,0.879582681401609,0.93322727548603,0.799499234140957,0.787224401328655,0.919311169197756,2,-0.146002874157375
"cross",200,0.931884249548745,0.916185971861368,0.902407353899389,0.924216723850924,0.941308831253604,5,-0.0170921074026804
"cross",200,0.859149663875457,0.845523056964265,0.887069819554193,0.906987852341078,0.828167826394622,4,0
"cross",200,0.882830770210245,0.866689745574932,0.863957794020175,0.894616929914017,0.867274676525794,4,0
"cross",200,0.616280996822781,0.781330643824784,0.781330643824784,0.610018300969265,0.564771936304104,2,-0.171312342855519
"cross",200,0.924811492813589,0.909066832716318,0.909066832716318,0.909066832716318,0.912715047909408,1,-0.0157446600972706
"cross",1000,0.973267420632098,0.992380970052708,0.974910083901075,0.990989834764672,0.983122884819771,2,-0.00139113528803569
"cross",1000,0.966844513787068,0.97023071042771,0.973739614271213,0.978244274011972,0.988720858344716,5,-0.0104765843327443
"cross",1000,0.933142902328715,0.969086711660827,0.963855421686747,0.975482564420656,0.969693126409491,4,0
"cross",1000,0.987104344300614,0.984067760498761,0.987984498529284,0.982809584683041,0.983368601558007,3,-0.00517491384624302
"cross",1000,0.989627325170955,0.995397174496953,0.991177613193478,0.979299033798263,0.991601083582925,2,-0.0160981406986895
"cross",500,0.98597102145373,0.976493779548323,0.983883214669153,0.977024707577556,0.978962418300654,1,-0.00894631387617484
"cross",500,0.983965658037035,0.986272043081948,0.977455391109702,0.956591638003836,0.949857179530963,2,-0.0296804050781128
"cross",500,0.947976841488208,0.92974091473319,0.962528565706672,0.959446914203039,0.97300080924005,5,-0.0135538950370114
"cross",500,0.987057294298449,0.988703882463226,0.978553697359999,0.977435643667867,0.971143760214945,2,-0.0112682387953595
"cross",500,0.95143507576174,0.955709842613459,0.937273837006907,0.928185520071823,0.983976781362795,5,-0.0557912612909727
"cross",1000,0.990325649034394,0.98446353197269,0.984068532178478,0.991359736773509,0.985547351957964,4,0
"cross",1000,0.979259613435195,0.984372051924796,0.98448572677488,0.984171070102225,0.984547837775442,5,-0.000376767673216372
"cross",1000,0.985008373209821,0.982841456995354,0.984313732177796,0.983445715110773,0.983677641085459,1,-0.00156265809904832
"cross",1000,0.988173856025479,0.992748954467204,0.979950673470483,0.97883117372694,0.974360600006169,2,-0.0139177807402635
"cross",1000,0.986579548819306,0.984603435672515,0.986660513361463,0.986954298985861,0.972041208638685,4,0
"cross",1000,0.976842672413793,0.980588567323481,0.980387931034483,0.97940578817734,0.975668616584565,2,-0.00118277914614118
"cross",1000,0.972406182165675,0.981893478421716,0.959486723099962,0.991405264073848,0.982804796586908,4,0
"cross",1000,0.982779632937278,0.984477751028966,0.983829566928115,0.989899303668039,0.990227537469908,5,-0.000328233801868971
"cross",1000,0.974927307442719,0.982069169204146,0.98534449408476,0.987018294813558,0.98775146009085,5,-0.000733165277292502
"cross",1000,0.979240786352855,0.962852560912906,0.989409696306248,0.988833325040222,0.960950328407225,3,-0.000576371266026388
"cross",300,0.976137925054017,0.979583883485724,0.981936075303173,0.980851083598043,0.978721361535547,3,-0.00108499170512999
"cross",300,0.633995706054837,NA,NA,NA,NA,1,NA
"cross",300,0.917371828553507,0.912425512502495,0.912425512502495,0.912425512502495,0.912425512502495,1,-0.00494631605101192
"cross",300,0.988634194418508,0.987608673098869,0.987608673098869,0.987608673098869,0.988134661271916,1,-0.00102552131963907
"cross",300,0.973832735531754,0.974452256545824,0.974452256545824,0.97444915376946,0.975706295326391,5,-0.0012571415569318
"cross",500,0.98746097376709,0.985437412390089,0.966375998980539,0.984293932387905,0.987320456572791,1,-0.00316704137918478
"cross",500,0.9453696,0.972966981818182,0.975210472727273,0.985672145454545,0.961253236363636,4,0
"cross",500,0.984673721463417,0.979550622933438,0.967795341136859,0.961069566713637,0.948784710111565,1,-0.0236041547497803
"cross",500,0.715113615305295,0.682037446949776,0.882010502608599,0.942999075706777,0.914950243920186,4,0
"cross",500,0.901425571190385,0.94866500851976,0.98406953681819,0.970075486908884,0.971861315707507,3,-0.0139940499093058
"cross",500,0.957890824129142,0.9566674563754,0.955742782334488,0.973856896608065,0.972591150088229,4,0
"cross",500,0.980416680820926,0.984780310446667,0.987574103983884,0.987645647333492,0.989565479664704,5,-0.00191983233121173
"cross",500,0.986871661758099,0.986505599094827,0.980513922860613,0.977499105642357,0.982121166741543,1,-0.00937255611574239
"cross",500,0.982176609146837,0.98203423838275,0.984966872007152,0.977639115117224,0.977736070117856,3,-0.00732775688992859
"cross",500,0.989969417388399,0.989776155842821,0.988959934208836,0.988497854077253,0.986009097684459,1,-0.00147156331114595
"cross",1000,0.963526745315869,0.881985537887981,0.964308650161177,0.967180326023044,0.973150430151919,5,-0.00597010412887466
"cross",1000,0.94335696005981,0.963644896668159,0.981364428049737,0.988157197490953,0.986783650113581,4,0
"cross",1000,0.975134894271219,0.980192072486738,0.977412511282113,0.977856558720234,0.985391407914693,5,-0.00753484919445968
"cross",1000,0.971169535564836,0.948236422820649,0.963398828481611,0.951096542864106,0.956284931778469,1,-0.0200729927007299
"cross",1000,0.804278976812804,0.925965842463315,0.966258993617648,0.967626054278207,0.979059605896674,5,-0.0114335516184665
"cross",200,0.724220670808692,0.964252192836733,0.951744094291979,0.972820557013755,0.971974882051964,4,0
"cross",200,0.555399406840341,0.537150553043821,0.67518601729347,0.589336070045026,0.540660303606522,3,-0.0858499472484439
"cross",200,0.919166625447231,0.931817900776574,0.912364903299204,0.922493549158299,0.83099670656708,2,-0.00932435161827494
"cross",200,0.90850233468631,0.853378285399752,0.898914238948134,0.854775579377783,0.876247140487796,1,-0.0537267553085272
"cross",200,0.980169103852381,0.983656035568348,0.882166996479145,0.938591143892473,0.922330446403331,2,-0.0450648916758757
"cross",500,0.943407726080394,0.942835163797601,0.985058908548609,0.98722629283474,0.989201209038495,5,-0.00197491620375467
"cross",500,0.962241632745364,0.967579149706015,0.951001243781095,0.978840456806875,0.979304613297151,5,-0.000464156490275869
"cross",500,0.988085510187943,0.965040438896981,0.973088679057155,0.972882387390536,0.973767149427369,1,-0.0152031227974068
"cross",500,0.974059048881215,0.981763779383872,0.976043540195643,0.989304846378703,0.982221124795991,4,0
"cross",500,0.942462886977385,0.990413321155445,0.985573973853893,0.99389685601465,0.99130962280355,4,0
"cross",200,0.573045211073645,0.544451641005638,0.602667739942949,0.562406428897343,0.581298091796162,3,-0.0402613110456063
"cross",200,0.873891791463521,0.915808363571372,0.95448032137528,0.946710392325565,0.949984101649688,3,-0.00776992904971507
"cross",200,0.784490226084948,0.852393567654302,0.883185834319868,0.907230820315884,0.906969921338443,4,0
"cross",200,0.699083956991383,0.961127900578771,0.922589866746098,0.922939963345869,0.900926799300014,2,-0.0381879372329026
"cross",200,0.799631676444302,0.963734097813459,0.976983643465272,0.938171535897888,0.946992539721319,3,-0.0388121075673842
"cross",200,0.593456823201565,0.674713176567632,0.795451968301658,0.79164019953458,0.798363603704495,5,-0.00672340416991546
"cross",200,0.935649470391526,0.966534964559433,0.967311476983632,0.990006340101442,0.989676834829357,4,0
"cross",200,0.834203791716718,0.973964589752964,0.795986316394213,0.967805761898831,0.96941426855382,2,-0.00615882785413269
"cross",200,0.803814959145192,0.95187077309868,0.877695537397863,0.94113488372093,0.980520930232558,5,-0.0393860465116279
"cross",200,0.97051824272219,0.958197778099094,0.96234074770259,0.944421349848981,0.944397753197095,1,-0.0260968928732087
"cross",1000,0.710174978154006,0.93656704092633,0.934661209422255,0.939957799445267,0.952902739532691,5,-0.012944940087424
"cross",1000,0.85855460681174,0.885940577412691,0.91833947815087,0.957373080495108,0.909463519399209,4,0
"cross",1000,0.979602785550483,0.99175926287706,0.990334628728519,0.996945852881979,0.996685872177656,4,0
"cross",1000,0.993573369565217,0.996149859098229,0.997792874396135,0.998591485507246,0.99684883252818,4,0
"cross",1000,0.967071856053668,0.949045532756979,0.985166745242178,0.984030653457973,0.979873658585901,3,-0.0011360917842046
"cross",500,0.831418709016249,0.969264633702005,0.976105588896283,0.976023784502132,0.970604117922791,3,-8.18043941506197e-05
"cross",500,0.868287686982621,0.977659409239806,0.980774273450485,0.964008871084862,0.979604875667651,3,-0.0167654023656226
"cross",500,0.619150976603906,0.893475073900296,0.954441817767271,0.804877719510878,0.584640838563354,3,-0.149564098256393
"cross",500,0.898785712273472,0.9715544371959,0.961890642670004,0.974494323463955,0.969994949271367,4,0
"cross",500,0.944060418713218,0.963592157663842,0.969511260916194,0.965251929892022,0.97820416149709,5,-0.0129522316050674
"cross",500,0.992547039219687,0.974873075122724,0.990529143712168,0.991177770843085,0.989297902388868,1,-0.00136926837660178
"cross",500,0.959459716760666,0.92039856336007,0.941483178405506,0.96457453972606,0.947878711353223,4,0
"cross",500,0.959331794005031,0.965351095019145,0.95954907560198,0.956440546948846,0.968071620820584,5,-0.0116310738717378
"cross",500,0.759981156814717,0.66581600846234,0.939559025222116,0.901321637285777,0.95392871363587,5,-0.0526070763500931
"cross",500,0.973955222013759,0.970838774233896,0.981785115697311,0.971339086929331,0.980408255159475,3,-0.0104460287679801
"cross",300,0.887733483050712,0.977712026228563,0.966802973531248,0.982505284142768,0.98315129061184,5,-0.000646006469071758
"cross",300,0.504495788812068,0.722754494028913,0.613998742928975,0.683912005028284,0.655911502199874,2,-0.0388424890006286
"cross",300,0.627333780320729,0.942827706403445,0.856138710411299,0.92206133348567,0.983426388893065,5,-0.0613650554073949
"cross",300,0.724265108214503,0.940717206592968,0.940112305741488,0.960195014010608,0.913897258217867,4,0
"cross",300,0.530574003058652,0.523724084332269,0.523724084332269,0.523724084332269,0.519308868789429,1,-0.00684991872638285
"cross",1000,0.989220225685594,0.989457536583965,0.989864187851791,0.987563151066844,0.989546015462123,3,-0.00230103678494709
"cross",1000,0.981125356125356,0.945176099422894,0.986658996274381,0.991668150522317,0.990454242457448,4,0
"cross",1000,0.688406910569565,0.870991177058771,0.975706688329516,0.915447095682984,0.927110461326051,3,-0.0602595926465321
"cross",1000,0.890313549093847,0.936183332913846,0.983393080370252,0.975411427564658,0.960212188874946,3,-0.00798165280559382
"cross",1000,0.937834329044118,0.955075827205882,0.991003561580882,0.991962890625,0.985483111213235,4,0
"cross",200,0.682099553947496,0.678982595206201,0.678982595206201,0.678982595206201,0.663869056661097,1,-0.00311695874129425
"cross",200,0.877900180086884,NA,NA,NA,NA,1,NA
"cross",200,0.702868204036825,0.730105175858559,0.730105175858559,0.730105175858559,0.730105175858559,2,0
"cross",200,0.700102102359352,0.684832474569914,0.733606030753416,0.714583967614336,0.804094860269101,5,-0.0895108926547655
"cross",200,0.747455774442396,0.759430274686916,0.759430274686916,0.759430274686916,0.759430274686916,2,0
"cross",200,0.715595367206695,0.723328086609337,0.723328086609337,0.723328086609337,0.870147180205774,5,-0.146819093596437
"cross",200,0.928786397585929,0.931006325131712,0.876853616579432,0.814987891825234,0.941085392143267,5,-0.126097500318033
"cross",200,0.780781868337782,0.690279422062435,0.690279422062435,0.690279422062435,0.690279422062435,1,-0.0905024462753466
"cross",200,0.637011066993326,0.532750415364253,0.668170426065163,0.676657936977275,0.713612120188111,5,-0.0369541832108361
"cross",200,0.625477671080277,0.60118812602526,0.559553774130321,0.609505360726859,0.62837366216845,5,-0.0188683014415914
"cross",300,0.90513460849831,0.894854114057973,0.826036710985858,0.887111625765587,0.893591505410848,1,-0.0180229827327222
"cross",300,0.738592829630041,0.868522415640157,0.909749211555152,0.914358536988435,0.758158627360567,4,0
"cross",300,0.942869943930962,0.944494811303649,0.940532076800427,0.925986062872658,0.884382322285249,2,-0.018508748430991
"cross",300,0.920556816016281,0.935279037239723,0.837938709248266,0.981496995868645,0.94563319274502,4,0
"cross",300,0.845433182276346,0.904351876137191,0.894453977801327,0.765292608714573,0.936031502027096,5,-0.170738893312523
"cross",500,0.977619219953743,0.977531344115543,0.970957295462487,0.97198424682607,0.964475282450623,1,-0.00563497312767269
"cross",500,0.851727736989043,0.974455862556146,0.954652735271712,0.979879038417964,0.99580868835937,5,-0.0159296499414057
"cross",500,0.978500858303095,0.975704099488343,0.987570711290115,0.976581626079113,0.975170517600409,3,-0.0109890852110013
"cross",500,0.990458243229328,0.995584388837401,0.987113582535269,0.992002883328185,0.990513335392853,2,-0.00358150550921632
"cross",500,0.951248347099321,0.964687114560104,0.967334340323333,0.960253360338034,0.96038569577943,3,-0.00708097998529833
"cross",500,0.978736733338558,0.994172568689648,0.992658735887737,0.990915456356654,0.993750283585845,2,-0.00325711233299375
"cross",500,0.932928317883501,0.965013406879645,0.958902934191374,0.96249904236574,0.957148548226461,2,-0.00251436451390485
"cross",500,0.968348167053701,0.954479700652103,0.981118223145163,0.980561246219033,0.975402862705965,3,-0.000556976926129771
"cross",500,0.636608603699433,0.628118768188044,0.957350467737168,0.937571555252103,0.943849682971203,3,-0.0197789124850645
"cross",500,0.844728090766823,0.866562948291601,0.876364232850809,0.937601375032603,0.916224997554773,4,0
"cross",500,0.956536404575312,0.962567422126601,0.964127329092628,0.961698731420968,0.956832714248499,3,-0.00242859767165982
"cross",500,0.963287738732526,0.966202473839544,0.968427053277544,0.974193641496344,0.985566520388714,5,-0.0113728788923697
"cross",500,0.497978237034911,0.605184610576488,0.593838916595661,0.747210404851417,0.720725920813266,4,0
"cross",500,0.938685407193055,0.952141897478297,0.95074720959074,0.941440161223646,0.953887970235635,5,-0.0124478090119884
"cross",500,0.970091986228086,0.598157153027282,0.968629657076008,0.952226070882893,0.970250188385464,5,-0.0180241175025708
"cross",200,0.946656310617259,0.903234659850941,0.899710391874114,0.754601267010463,0.867902669191455,1,-0.192055043606795
"cross",200,0.767531810294968,0.75379002393805,0.75379002393805,0.75379002393805,0.769205164353191,5,-0.0154151404151404
"cross",200,0.826365603814759,0.815575196045706,0.815575196045706,0.815575196045706,0.815575196045706,1,-0.0107904077690535
"cross",200,0.95132928395864,0.942640376818483,0.942640376818483,0.942640376818483,0.942640376818483,1,-0.00868890714015669
"cross",200,0.535554997992774,0.519473103171417,0.508311922922521,0.489969389803292,0.496374448012846,1,-0.0455856081894821
"cross",500,0.970030146465064,0.975727654813277,0.967740321841333,0.981000478790793,0.989707018828014,5,-0.00870654003722116
"cross",500,0.970698569789109,0.963339277120328,0.949969355561863,0.957150231787126,0.95527968705653,1,-0.0135483380019827
"cross",500,0.944416864210095,0.906169974226271,0.947763725648377,0.93836283039397,0.947906453361134,5,-0.00954362296716438
"cross",500,0.96849110817737,0.974117677512878,0.970864331754291,0.969475291864047,0.973009759001838,2,-0.00464238564883124
"cross",500,0.902566012926415,0.907000193731348,0.911112347694185,0.914365591663781,0.885414605694877,4,0
"cross",500,0.598064580776071,0.979735965329793,0.973730804879882,0.976518449860968,0.983123825747138,5,-0.0066053758861695
"cross",500,0.979622760333778,0.978235363135046,0.978366230742155,0.901126263674662,0.9808161124599,5,-0.0796898487852378
"cross",500,0.545099312268552,0.529531172349669,0.955154178489556,0.910423580050979,0.725084263133426,3,-0.0447305984385771
"cross",500,0.516842778385443,0.572947178493121,0.954812057990275,0.971879500155613,0.737521152920479,4,0
"cross",500,0.513048209500146,0.595223698607784,0.496992725077609,0.504899835921318,0.505941470261114,2,-0.0903238626864656
"cross",500,0.981717644864424,0.951178360013277,0.975455053244564,0.968092371471463,0.97312049547178,1,-0.0136252733929608
"cross",500,0.989828402515093,0.983661915378642,0.967174528420051,0.978067085848844,0.980450913099026,1,-0.0117613166662491
"cross",500,0.96101323751284,0.952493018104777,0.964264934835645,0.953798110875706,0.948086699890858,3,-0.0104668239599384
"cross",500,0.927687601716896,0.955900255173745,0.945381215171184,0.982987083267064,0.958211923245818,4,0
"cross",500,0.930506088463204,0.925532640259261,0.965141241918147,0.969198211965154,0.954759168792415,4,0
"cross",1000,0.994385071989961,0.995107448319133,0.995178138002774,0.995429421768708,0.994798374446866,4,0
"cross",1000,0.999928662926123,0.99353003756052,0.998356145688915,0.996080596419292,0.994390734864909,1,-0.00384806650683023
"cross",1000,0.991503899874719,0.984350761788999,0.989859911236012,0.985759006705484,0.988316955621115,1,-0.00574489316923499
"cross",1000,0.99487251858124,0.985649358638351,0.985332477288447,0.984569997694469,0.988142020741513,1,-0.0103025208867715
"cross",1000,0.989779408413472,0.991958806882922,0.995174559044711,0.99164909198636,0.995147109396688,3,-0.00352546705835077
"cross",500,0.952131707695892,0.970174212420077,0.971996065336129,0.960512024022158,0.977805907172996,5,-0.0172938831508374
"cross",500,0.775020748076901,0.870580096786837,0.885427635517433,0.878942774194407,0.932525514250424,5,-0.0535827400560173
"cross",500,0.987525892421166,0.979878183547069,0.981207884659865,0.981240780242091,0.98380509367531,1,-0.00628511217907535
"cross",500,0.979658321651541,0.978264186337986,0.979407960958067,0.964874241110147,0.97006576960058,1,-0.0147840805413935
"cross",500,0.857919810925738,0.893790986509022,0.950384548183024,0.913661463195756,0.931646159842604,3,-0.036723084987268
"cross",500,0.983235837438424,0.980717877668309,0.979453509852217,0.975259646962233,0.9804664408867,1,-0.00797619047619047
"cross",500,0.961830266602751,0.96891017367897,0.949992522667584,0.955856595007191,0.969752653940862,5,-0.013896058933671
"cross",500,0.778367225441304,0.780938696536848,0.759497877580646,0.783623322554732,0.801594057225808,5,-0.017970734671076
"cross",500,0.968067074091538,0.977784763378195,0.936927219289297,0.967932498554083,0.935200337774326,2,-0.00985226482411183
"cross",500,0.916222612649855,0.96212639520463,0.966036585365854,0.96314127738735,0.965289892517569,3,-0.00289530797850357
"cross",1000,0.963372610575261,0.987122438929689,0.992676061006388,0.993286290608975,0.99340289122169,5,-0.000116600612715567
"cross",1000,0.992101787443867,0.993206539285609,0.9939303219747,0.970388893780635,0.982624519385988,3,-0.0235414281940654
"cross",1000,0.990772436709752,0.977915012249725,0.993481456450114,0.990295401424911,0.995916758187604,5,-0.00562135676269326
"cross",1000,0.971912490214997,0.970573879048261,0.959959426371266,0.965230243396261,0.965166527097632,1,-0.0066822468187363
"cross",1000,0.939970515390966,0.946762000235877,0.984363722137044,0.999957542162991,0.99351220662814,4,0
"cross",1000,0.988735876033816,0.991084673183715,0.989062656238564,0.990071860719473,0.995500329357336,5,-0.00542846863786262
"cross",1000,0.991685263067548,0.98857292037062,0.988266386290161,0.986755173273498,0.978537505466524,1,-0.00493008979404996
"cross",1000,0.930944289980435,0.820933992379775,0.856422613531047,0.713325095252806,0.900025744001648,1,-0.217619194727628
"cross",1000,0.961310989869115,0.981325944047314,0.988657328428805,0.996334567070319,0.998793917528018,5,-0.00245935045769952
"cross",1000,0.98114371134084,0.934221628931533,0.993476194723746,0.984578884934757,0.991450770030481,3,-0.00889730978898873
"cross",200,0.938288477279926,0.934592120471719,0.928914158553089,0.940247973148068,0.854615278617586,4,0
"cross",200,0.537245737110634,0.540656887755102,0.520143306088883,0.541497088144468,0.508281900342374,4,0
"cross",200,0.842994663382594,0.838123460591133,0.853557573891626,0.878481116584565,0.856422926929392,4,0
"cross",200,0.794559291760503,0.740699955993891,0.792289094250731,0.788689394527711,0.744487587688644,1,-0.0058698972327923
"cross",200,0.490500064474533,0.528072727272727,0.515549194068343,0.719768407479046,0.520294003868472,4,0
"cross",200,0.762361162634013,0.740477701080883,0.766332567134822,0.737016517760666,0.76884495863337,5,-0.0318284408727036
"cross",200,0.884707936317323,0.844764815644471,0.861523779392271,0.83994750844068,0.803770362706745,1,-0.0447604278766437
"cross",200,0.819602247890417,0.84371426473211,0.796144758361106,0.850963023578137,0.82571622073715,4,0
"cross",200,0.644884866854506,0.625669284123694,0.902595273145084,0.638843978582908,0.909199198004415,5,-0.270355219421507
"cross",200,0.930663453588963,0.907265104313407,0.932896596477777,0.932797294363797,0.911789123878233,3,-9.93021139803485e-05
"cross",300,0.991138319379006,0.979080379538718,0.989094731543903,0.989748228554199,0.989718551124122,1,-0.00139009082480701
"cross",300,0.976630565583634,0.96907516656394,0.93783099997065,0.96537641982918,0.952657098412139,1,-0.0112541457544539
"cross",300,0.963012783632135,0.952070351072364,0.937621478076355,0.951768790249109,0.961400793434888,1,-0.0112439933830263
"cross",300,0.979505099897728,0.990058167141501,0.975689878734751,0.986634455584776,0.964301286616992,2,-0.00342371155672438
"cross",300,0.967804793631565,0.948360877967177,0.963116148942921,0.96417178621903,0.944532894926596,1,-0.00363300741253492
"cross",1000,0.997198423724098,0.995332045552485,0.991615361357132,0.995764989035782,0.997023136861371,1,-0.00143343468831592
"cross",1000,0.995525400683448,0.995993165519565,0.997953967528196,0.998125932521538,0.996894101650864,4,0
"cross",1000,0.9668095,0.959833,0.972013,0.9674845,0.9704375,3,-0.00452850000000005
"cross",1000,0.952346051396126,0.984488779009555,0.989253015301167,0.987123263658015,0.988049111226632,3,-0.00212975164315266
"cross",1000,0.977175633823575,0.974341762925369,0.967563633009458,0.967940112231915,0.963844960742892,1,-0.00923552159165986
"cross",300,0.904760614707877,0.940830453646065,0.88444427052605,0.879225213618613,0.959045228147488,5,-0.0798200145288751
"cross",300,0.941378947368421,0.854197994987469,0.85682656641604,0.801882706766917,0.857210025062657,1,-0.139496240601504
"cross",300,0.808344360902256,0.773834085213033,0.773834085213033,0.773834085213033,0.773834085213033,1,-0.034510275689223
"cross",300,0.582112437479427,0.633118419643992,0.633118419643992,0.629926731240826,0.639401743522323,5,-0.00947501228149683
"cross",300,0.875628405791884,0.866314949432522,0.866314949432522,0.866314949432522,0.86382332734304,1,-0.00931345635936165
"cross",500,0.987148623844663,0.974116726296959,0.974244838252832,0.976050052176506,0.972853076550388,1,-0.0110985716681574
"cross",500,0.993719315752125,0.993848969541778,0.990889506030638,0.993864597453924,0.994101910193913,5,-0.000237312739989726
"cross",500,0.98927671542111,0.986557987813731,0.986557987813731,0.986557987813731,0.986557987813731,1,-0.00271872760737923
"cross",500,0.982778263199309,0.983884943833242,0.983884943833242,0.983884943833242,0.989894448976833,5,-0.00600950514359089
"cross",500,0.983542514699231,0.980910221619177,0.983111148801447,0.982881614654003,0.981451266395296,1,-0.000660900045228452
"cross",500,0.967433466707294,0.970404311533774,0.975833319969209,0.974241652767977,0.97501744018218,3,-0.00159166720123161
"cross",500,0.988002910447687,0.989521187318535,0.986236925254139,0.989389076213095,0.990651137606727,5,-0.00126206139363205
"cross",500,0.979212882794731,0.98536423900753,0.985117864271557,0.984499423623331,0.989354307902319,5,-0.00485488427898828
"cross",500,0.980743132176535,0.987316777856181,0.982578861697351,0.98645378953108,0.98571157947912,2,-0.000862988325101011
"cross",500,0.941024425946582,0.949314328570095,0.962299366184386,0.95967695784569,0.962424864286353,5,-0.00274790644066303
"cross",300,0.879243699874955,0.897928707878669,0.894227244400455,0.909905767969663,0.923249365608873,5,-0.0133435976392097
"cross",300,0.891418080698466,0.945708269619691,0.839541302882323,0.874754394186027,0.848736620135155,2,-0.0709538754336638
"cross",300,0.868200552351304,0.848416548288504,0.849894773059019,0.841422021325581,0.843903069659926,1,-0.0267785310257231
"cross",300,0.572372949528122,0.902209181304009,0.900214687930205,0.888381972433697,0.889945742316432,2,-0.0138272088703123
"cross",300,0.913031565781652,0.911396931345354,0.910548655141668,0.92509009064791,0.912001663529489,4,0
"cross",300,0.822704613368926,0.918116701056449,0.878475615950787,0.945277623052949,0.90066198872202,4,0
"cross",300,0.926154122002412,0.932026541319636,0.935767264221368,0.946838843047845,0.939429469443146,4,0
"cross",300,0.976888975473092,0.994917429979858,0.975863300551163,0.990866332930949,0.962690712336741,2,-0.00405109704890882
"cross",300,0.917526346698232,0.925339169293308,0.914717905661156,0.908068719346299,0.915039066980487,2,-0.0172704499470084
"cross",300,0.928402635607444,0.946886700234235,0.95603017392427,0.958807682731146,0.954432486766632,4,0
"cross",300,0.87898903059813,0.892501360224276,0.916500673195743,0.896665029786606,0.913611349342481,3,-0.0198356434091371
"cross",300,0.922884356922991,0.898164472777913,0.9584731645596,0.914746266376026,0.939852796643819,3,-0.0437268981835736
"cross",300,0.928870307320287,0.891632429896548,0.897451243504787,0.898599943197433,0.896512966278363,1,-0.0302703641228546
"cross",300,0.959791374474053,0.955376928471248,0.956266947171575,0.957363838242169,0.953358461898083,1,-0.00242753623188408
"cross",300,0.842336583214473,0.910677337474664,0.879653132272352,0.927333369304106,0.902798565235343,4,0
"cross",500,0.984283213285314,0.979192176870748,0.980429171668667,0.978508903561425,0.978674969987995,1,-0.00577430972388948
"cross",500,0.992344070607415,0.986395203160951,0.988446086757496,0.978704640638615,0.970782688655191,1,-0.0136394299688001
"cross",500,0.979758193507603,0.982079926397091,0.971342981300311,0.976027214554693,0.968628169419562,2,-0.00605271184239797
"cross",500,0.985634650303111,0.985289124758758,0.987565086496561,0.983974625405241,0.982933541917256,3,-0.00359046109131989
"cross",500,0.994679899856938,0.99248073089968,0.98759212599058,0.988847932841459,0.994209223449229,1,-0.00583196701547961
"cross",1000,0.971530988988032,0.976327382076325,0.985778551369767,0.993458003061335,0.981725898011739,4,0
"cross",1000,0.971566458656629,0.986169683762711,0.993509066296071,0.995355042817651,0.986261232191829,4,0
"cross",1000,0.972230055269985,0.97300351278622,0.952869950369809,0.975830459723811,0.955509072012118,4,0
"cross",1000,0.973811585314525,0.991726493259738,0.984602919778251,0.99327827683378,0.977980907600483,4,0
"cross",1000,0.981443574760737,0.957956103015438,0.972653557286907,0.987647084756088,0.989355392038987,5,-0.00170830728289972
"cross",200,0.736383186216899,0.554445750293816,0.656122627591208,0.648519416868795,0.700160036008102,1,-0.0878637693481034
"cross",200,0.480220421757386,0.498589569120125,0.48862893300929,0.487254050795539,0.514450282436656,5,-0.0271962316411167
"cross",200,0.535629280273938,0.606153793842806,0.822325128808244,0.767376112071173,0.855829773105479,5,-0.0884536610343062
"cross",200,0.49778320152686,0.507042451489964,0.4960181962208,0.518379448029228,0.505373326733807,4,0
"cross",200,0.5474301438399,0.59431344590369,0.748179111944966,0.592509318323952,0.642422013758599,3,-0.155669793621013
"cross",300,0.705256909221193,0.848070312243875,0.898664755829692,0.884258543736155,0.914610643549286,5,-0.0303520998131314
"cross",300,0.856746529136096,0.919492380807916,0.955257704445375,0.935225747292139,0.963395829602908,5,-0.028170082310769
"cross",300,0.920920509494044,0.953855407477297,0.964207453709164,0.946039037622361,0.938410779573063,3,-0.0181684160868028
"cross",300,0.675338852761789,0.786708067986979,0.801641474882788,0.905894978351774,0.976970235231716,5,-0.0710752568799418
"cross",300,0.620251794559245,0.920069557309806,0.917493203892888,0.910592494775946,0.911958367192942,2,-0.0094770625338596
"cross",500,0.956750263177908,0.970042248560027,0.933384968238529,0.952703027246419,0.951007881327778,2,-0.0173392213136081
"cross",500,0.887862658054743,0.950374742899621,0.957041068936464,0.942030814976892,0.939799188699906,3,-0.0150102539595713
"cross",500,0.5520147531112,0.706361902850261,0.991081393014853,0.978796166198314,0.988927639502208,3,-0.0122852268165395
"cross",500,0.699501754385965,0.885360401002506,0.967932330827068,0.948468671679198,0.970339348370927,5,-0.0218706766917293
"cross",500,0.626808090152216,0.532820941007805,0.649740099555086,0.515314203218921,0.581375069580435,3,-0.134425896336165
"cross",200,0.579881002061282,0.597844505987835,0.640197739755765,0.610437189911942,0.757652878418082,5,-0.14721568850614
"cross",200,0.619069565217391,0.493897186700767,0.698674168797954,0.530551406649616,0.743591304347826,5,-0.21303989769821
"cross",200,0.565316221688444,0.573934923768922,0.614007067671064,0.921076101127222,0.8055483942637,4,0
"cross",200,0.466166209488344,0.527117264942362,0.608752396164476,0.681976172758399,0.566566928104168,4,0
"cross",200,0.959589878055426,0.982253794786021,0.962332478170286,0.979704025554284,0.97237121202594,2,-0.00254976923173655
"cross",500,0.962901587860644,0.960824748319685,0.960824748319685,0.960824748319685,0.960824748319685,1,-0.00207683954095861
"cross",500,0.94229358027305,0.953852823326384,0.947064637327114,0.943660137559631,0.941749454982701,2,-0.0101926857667528
"cross",500,0.954796556197665,0.959112513268074,0.939741125132681,0.971472461375162,0.943007430121477,4,0
"cross",500,0.981380931156044,0.978753866310088,0.976607417012215,0.953721337529433,0.981129367748558,1,-0.0276595936266102
"cross",500,0.897095325267596,0.945941667928372,0.908424290806987,0.957329704210425,0.962804931202657,5,-0.00547522699223257
"cross",1000,0.986932193732194,0.985169230769231,0.985719088319088,0.988803418803419,0.985808547008547,4,0
"cross",1000,0.992857134501351,0.98447309961291,0.98447309961291,0.984671382564436,0.986745457331731,1,-0.00818575193691451
"cross",1000,0.994041714109788,0.989868959248599,0.994097301972819,0.987540377557653,0.990711940028637,3,-0.00655692441516675
"cross",1000,0.975125032447867,0.991460298231952,0.969300568198206,0.996737330910559,0.997183813561766,5,-0.000446482651207059
"cross",1000,0.864347342667731,0.92944826929862,0.947738319622663,0.94420136116321,0.952677875062673,5,-0.00847651389946336
"cross",500,0.518372703412074,0.82442213954025,0.79954024977647,0.937897378212339,0.945810042975397,5,-0.00791266476305841
"cross",500,0.84523871753143,0.79247994182636,0.754608994843594,0.899900217338022,0.799363086920108,4,0
"cross",500,0.700951730466069,0.887605081875037,0.937596515495947,0.94243393251993,0.945868533102444,5,-0.00343460058251377
"cross",500,0.968754610929748,0.974642768217783,0.965233013334809,0.963707948320699,0.983224284844796,5,-0.0195163365240967
"cross",500,0.83364435280054,0.907982160303232,0.934791563537597,0.95103283392154,0.929728000417858,4,0
"cross",1000,0.993909255927456,0.99936788494905,0.999462551941625,0.998934119787305,0.997523130802736,3,-0.000528432154320191
"cross",1000,0.99359712670121,0.998603647357305,0.992944058684902,0.990921201805535,0.992413785498983,2,-0.00768244555176978
"cross",1000,0.994232329072956,0.994172599472372,0.993866422528198,0.993965302623284,0.99408827533037,1,-0.00026702644967258
"cross",1000,0.970045793075684,0.994950684380032,0.989034822866345,0.992619766505636,0.983988023349436,2,-0.0023309178743961
"cross",1000,0.991531289012555,0.991356251213445,0.986040232538722,0.992040809962266,0.992565420377418,5,-0.000524610415151394
"cross",200,0.580200846136257,0.487692845709982,0.539290292609189,0.503801819120527,0.587848974300344,5,-0.0840471551798169
"cross",200,0.519422962613915,0.552777033484964,0.51395831344275,0.550368091294443,0.541416045310493,2,-0.00240894219052046
"cross",200,0.512063349501872,0.549600605320546,0.633307393953561,0.560200379145559,0.836255358327412,5,-0.276054979181854
"cross",200,0.904777946960396,0.880520606886609,0.932672428887835,0.849275182753067,0.91157557257849,3,-0.0833972461347687
"cross",200,0.560639645506512,0.657972995145893,0.557283147393427,0.575197379618051,0.599043956010358,2,-0.0827756155278421
"cross",500,0.953736559139785,0.965090579710145,0.97572639083684,0.972780504908836,0.960662108461898,3,-0.00294588592800371
"cross",500,0.672699399468352,0.62537825954345,0.825072453337994,0.87139689578714,0.869220154193954,4,0
"cross",500,0.969136742522569,0.967581552305962,0.97453260650111,0.931211098612673,0.937827002393932,3,-0.043321507888437
"cross",500,0.865622822135579,0.992366879508768,0.981737723908007,0.996036286752934,0.99469660582773,4,0
"cross",500,0.963723000919118,0.958940142463235,0.993417394301471,0.969419232536765,0.975305032169118,3,-0.0239981617647059
"cross",200,0.959791093419144,0.961949746715954,0.961949746715954,0.961949746715954,0.961949746715954,2,0
"cross",200,0.538639729075009,0.511044290284347,0.511044290284347,0.506745608322607,0.785994837097483,5,-0.279249228774876
"cross",200,0.7385032665938,0.666470008611553,0.753332318991786,0.78018908154478,0.718948210618707,4,0
"cross",200,0.885231417096394,0.896294598353292,0.848723534310528,0.807624538991381,0.821661969404207,2,-0.0886700593619107
"cross",200,0.845104569721311,0.837894787301779,0.837894787301779,0.83839343309028,0.816465002568781,1,-0.00671113663103018
"cross",500,0.857715317950646,0.904323894218442,0.913642849833099,0.902791719703477,0.950216689146225,5,-0.0474249694427484
"cross",500,0.930740922253403,0.943768434102698,0.938074841897499,0.982336828819636,0.941514382516303,4,0
"cross",500,0.756405842099201,0.86818925637285,0.933273427902334,0.94728422047758,0.95089054341984,5,-0.00360632294226038
"cross",500,0.869819256169621,0.870678368671069,0.870678368671069,0.870678368671069,0.859153052948673,2,0
"cross",500,0.954752603034235,0.985699111390964,0.930535310700068,0.947397777491741,0.964950791955554,2,-0.038301333899223
"cross",1000,0.989214968721659,0.979979700217924,0.979159267849036,0.980465577354831,0.978690375823907,1,-0.00874939136682795
"cross",1000,0.985768515876745,0.975664607948443,0.969258735566595,0.96970401030478,0.96733026064044,1,-0.0160645055719656
"cross",1000,0.996795697078935,0.997027130309681,0.995215513894168,0.996933126525007,0.996324145485162,2,-9.40037846740571e-05
"cross",1000,0.973529047029019,0.984713406329102,0.984759779866382,0.989016766378456,0.988707783146919,4,0
"cross",1000,0.989706003501184,0.98879312120276,0.987008547008547,0.986158480074143,0.984897538873442,1,-0.00354752342704145
"cross",500,0.987639974210187,0.988834042553192,0.988532301740812,0.99037833655706,0.967381560283688,4,0
"cross",500,0.98093257812275,0.966362587460049,0.979189547161585,0.963496612658415,0.932163702999864,1,-0.0174359654643352
"cross",500,0.9684492191772,0.959467636149556,0.941622521057532,0.944333093824453,0.95657870932991,1,-0.0241161253527475
"cross",500,0.950363213662338,0.979985225206956,0.970103289046891,0.973676450656019,0.980329763448114,5,-0.00665331279209436
"cross",500,0.975906161765603,0.969722581492268,0.978502210932355,0.966903216268161,0.957433995113927,3,-0.0115989946641937
"cross",200,0.898811525567108,0.918008669715282,NA,0.918933770632755,NA,4,0
"cross",200,0.933717527272727,0.943319854545455,0.962952727272727,0.948251927272727,0.941911272727273,3,-0.0147008000000001
"cross",200,0.665463703305824,0.670769668885058,0.690927360306724,0.682271233412708,0.658722863866994,3,-0.00865612689401618
"cross",200,0.820624925854986,0.771648328613007,0.780526726182318,0.809841505313678,0.731543218337055,1,-0.0107834205413075
"cross",200,0.898655491205391,0.90812678797269,0.907748776128319,0.904985439543772,0.903864821097728,2,-0.00314134842891745
"cross",500,0.972601928407287,0.972906520642893,0.97256470046738,0.972456401005831,0.969839164018406,2,-0.00045011963706143
"cross",500,0.968727280868267,0.974787876217038,0.976019790757165,0.978407030219906,0.96839676721116,4,0
"cross",500,0.890497401633259,0.902080057663164,0.964469850191737,0.949701054239982,0.951546798455191,3,-0.0147687959517548
"cross",500,0.879342884355529,0.907578963666391,0.892989687335786,0.906177862960739,0.891411469671947,2,-0.0014011007056528
"cross",500,0.956317878926939,0.976907421748026,0.968644835465305,0.97448564982122,0.956273064494541,2,-0.00242177192680548
"cross",1000,0.995013203290605,0.993576669244547,0.996488305370674,0.995676373122187,0.995556661951683,3,-0.000811932248486413
"cross",1000,0.973132941680583,0.980485941748661,0.985695463956334,0.947468773902631,0.972655389630413,3,-0.0382266900537022
"cross",1000,0.969655922523369,0.954398596879904,0.968259725717313,0.964367632716458,0.966759177874369,1,-0.00528828980691043
"cross",1000,0.95229400321645,0.957215994766998,0.975760746665918,0.969822453150285,0.984717346659296,5,-0.0148948935090107
"cross",1000,0.987698629202755,0.989477817315291,0.987442883448135,0.986645558448436,0.989947687456624,5,-0.00330212900818794
"cross",1000,0.993086472345889,0.995444981779927,0.997053488213953,0.998359993439974,0.997598990395962,4,0
"cross",1000,0.992705530463194,0.998124079056954,0.993130966109296,0.998861834518547,0.996710631686847,4,0
"cross",1000,0.9870954822896,0.982688082354441,0.979576504172024,0.984486273423409,0.98830598657605,5,-0.00381971315264096
"cross",1000,0.953773957260608,0.955416354449248,0.958553889060302,0.955703360728325,0.99199037101447,5,-0.0362870102861448
"cross",1000,0.994688242098578,0.989750700024379,0.99412942650672,0.992611494746431,0.984685743982198,1,-0.00207674735214713
"cross",500,0.920426849083583,0.943372685743997,0.9244744758686,0.935538569385898,0.939853716736922,2,-0.00783411635809927
"cross",500,0.577600193879594,0.683442637126577,0.831689414902332,0.896194771622581,0.900611107571317,5,-0.00441633594873569
"cross",500,0.913543776438186,0.956756466538952,0.947738781870044,0.957159714915963,0.964342219648134,5,-0.00718250473217108
"cross",500,0.966757160245511,0.977387210005196,0.984826418469174,0.987019238133617,0.987546528192638,5,-0.00052729005902119
"cross",500,0.975770071087145,0.971210717424735,0.98090566235212,0.983966441444388,0.985556000899145,5,-0.00158955945475669
"cross",1000,0.978509875912683,0.892372198998651,0.781585100992922,0.963693214644354,0.987908061055712,5,-0.0242148464113574
"cross",1000,0.974996314858491,0.9759733891837,0.972173598827306,0.978538657134434,0.976600375065514,4,0
"cross",1000,0.701032576902452,0.936434618697086,0.868108536862802,0.903820646256845,0.88804355774387,2,-0.0326139724402412
"cross",1000,0.948643131141237,0.973543636456478,0.972066977977259,0.988122642895626,0.989082939853001,5,-0.000960296957374873
"cross",1000,0.978322040649566,0.989688620927287,0.987752805422127,0.99385413136103,0.99049397342388,4,0
"cross",500,0.97863867696282,0.983352764900713,0.974774011386795,0.981822464541255,0.9818956550603,2,-0.00153030035945823
"cross",500,0.99006401143054,0.990540963340946,0.990540963340946,0.992063031029391,0.991918824415454,4,0
"cross",500,0.954566313409898,0.946810782287679,0.883800492567851,0.959083400832992,0.962993247980913,5,-0.0039098471479212
"cross",500,0.948701625801898,0.949877862235167,0.966208209750708,0.977766925647289,0.970235524289564,4,0
"cross",500,0.993646700184928,0.993827294267221,0.993942874479889,0.995749331285912,0.994191578330361,4,0
"cross",1000,0.965649905735006,0.969366490449789,0.970723836672393,0.970925957547647,0.9711280784229,5,-0.000202120875253065
"cross",1000,0.971185140318999,0.97290069510542,0.979428917539154,0.976343341697672,0.981529231922933,5,-0.00518589022526028
"cross",1000,0.97523869047619,0.980804761904762,0.960195238095238,0.965130952380952,0.956575,2,-0.0156738095238096
"cross",1000,0.985079831433998,0.970753775841917,0.983271239681496,0.984213488019578,0.975588862407773,1,-0.000866343414420379
"cross",1000,0.980378730199996,0.988328907541178,0.992248867244805,0.990220121260515,0.991645930437689,3,-0.00202874598428993
"cross",200,0.508785423752805,0.500885203518749,0.72330650835349,0.50352051840349,0.678709112027943,3,-0.21978598995
"cross",200,0.837994005787515,0.870359136006614,0.808492145514676,0.818262711864407,0.833675589086399,2,-0.0520964241422075
"cross",200,0.805484986306123,0.818659920934901,0.818858719674156,0.797449902717708,0.835937338637387,5,-0.0384874359196791
"cross",200,0.83088268939583,0.947664478610293,0.941908351220486,0.904842426662673,0.956436463169104,5,-0.0515940365064311
"cross",200,0.710073774947581,0.87617612798012,0.791729440086977,0.913499003391059,0.896292614739458,4,0
"cross",500,0.988592072126679,0.982110072355529,0.990925406490865,0.984049105684017,0.982483756343608,3,-0.0068763008068482
"cross",500,0.967992327365729,0.984949360613811,0.973320204603581,0.977853708439898,0.980005626598465,2,-0.00709565217391306
"cross",500,0.98375896195565,0.977695373718178,0.989669328002435,0.984611453204503,0.98214601560604,3,-0.00505787479793185
"cross",500,0.95049299504166,0.987940177831276,0.983842295268466,0.97443249565642,0.976197800904538,2,-0.0135076821748561
"cross",500,0.943864475688924,0.951292457439057,0.960888853007419,0.966044916699788,0.979012962870959,5,-0.0129680461711712
"cross",500,0.907260674407613,0.883810042758844,0.949294995880661,0.94613700290712,0.962381550176163,5,-0.0162445472690436
"cross",500,0.932515540140021,0.932507529758567,0.932507529758567,0.920685708678447,0.906265520114068,1,-0.0118298314615742
"cross",500,0.559613084284137,0.642292490118577,0.58232735513914,0.805831039669712,0.615577643180618,4,0
"cross",500,0.978112949191008,0.952186700267342,0.564350004360469,0.956925578313531,0.95651759875461,1,-0.0211873708774769
"cross",500,0.970672348170939,0.982731481620997,0.987476783280145,0.993065370447941,0.989954907580127,4,0
"cross",500,0.74195051374482,0.862787686005519,0.807466845096507,0.985103210219079,0.936993130217584,4,0
"cross",500,0.873473983850719,0.929018465480241,0.935222195411664,0.95046399750079,0.936329005176769,4,0
"cross",500,0.924288041707397,0.943027933291863,0.938437157498741,0.926222340709144,0.922743564679049,2,-0.0168055925827187
"cross",500,0.876340991851485,0.948245197391458,0.938679850365938,0.949870046723086,0.954765974314437,5,-0.00489592759135149
"cross",500,0.936220347005504,0.916306324787892,0.941610289828331,0.97296776921922,0.928054062169432,4,0
"cross",500,0.954038429978666,0.954156509800625,0.952823608759521,0.954812953556604,0.953224379680664,4,0
"cross",500,0.989931295901445,0.984066250667566,0.987191263215802,0.999227028698316,0.996604949425592,4,0
"cross",500,0.980204685021635,0.983853540151954,0.983430164604801,0.983653891493462,0.957596230151763,2,-0.000199648658491425
"cross",500,0.975245670139126,0.986271197335594,0.982801081511062,0.980135972295318,0.976310809887872,2,-0.00613522504027542
"cross",500,0.987641812789008,0.997396661287272,0.985798598674335,0.98092545044048,0.983036795866049,2,-0.0164712108467919
"cross",300,0.918870175049947,0.904692237004582,0.963616215196157,0.913939075070049,0.911857613462477,3,-0.0496771401261081
"cross",300,0.975186011447489,0.981396806666913,0.963908043151378,0.969851498129643,0.984371350959352,5,-0.0145198528297095
"cross",300,0.954732996192731,0.943174552759342,0.943174552759342,0.932396743815766,0.949873881640549,1,-0.022336252376965
"cross",300,0.927633975887652,0.969920632949126,0.958517570879703,0.974844329623741,0.948607039944356,4,0
"cross",300,0.895337544490745,0.926878107422499,0.943257682385104,0.946981712982212,0.925755508536782,4,0
"cross",200,0.550312615373533,0.551948480746315,0.54872677646475,0.555673951520354,0.527905261883536,4,0
"cross",200,0.865631915934313,0.860507108377702,0.85462255035602,0.870990762717301,0.852611917858747,4,0
"cross",200,0.75375188423274,0.685035172344488,0.799990955682846,0.760829564867852,0.844275449703547,5,-0.0834458848356949
"cross",200,0.777909277909278,0.834589334589335,0.766058266058266,0.837004337004337,0.787564287564288,4,0
"cross",200,0.491215825253136,0.488605994237814,0.489541121008914,0.497562653493664,0.485104157578638,4,0
"cross",500,0.954324100010374,0.933776844070962,0.975764083411142,0.980107895009856,0.987081647473804,5,-0.00697375246394849
"cross",500,0.849136373307435,0.953192522531052,0.966794121210085,0.932201207153335,0.945565610076646,3,-0.0345929140567499
"cross",500,0.977339585612383,0.979203285109661,0.97524029892941,0.978515985102696,0.978894461037977,2,-0.000687300006965152
"cross",500,0.994032910993113,0.982010079674581,0.977766575848572,0.982760024781691,0.981749274022211,1,-0.0112728862114216
"cross",500,0.992074936198945,0.951342657182599,0.951019620450046,0.94826522512175,0.912392021981063,1,-0.0438097110771948
"cross",1000,0.993576355450693,0.990218324666153,0.987423560285054,0.989892302259887,0.984844973837956,1,-0.00368405319080634
"cross",1000,0.992791473877,0.995303764218238,0.992922008547009,0.991216522877707,0.991035280508965,2,-0.00408724134053073
"cross",1000,0.99494334764723,0.996753054695262,0.995454176312589,0.996580606156613,0.993127624952502,2,-0.000172448538649062
"cross",1000,0.999737140144858,0.996709495299064,0.998382285348642,0.998255111247298,0.995966978793969,1,-0.00148202889756066
"cross",1000,0.997808994391026,0.995589443108974,0.989348457532051,0.994448116987179,0.98878655849359,1,-0.00336087740384616
"cross",1000,0.979511228365471,0.976662317862472,0.975919123818211,0.983968656196351,0.983237617194871,4,0
"cross",1000,0.994558123464373,0.995164575975123,0.993575562423219,0.993576162277334,0.993119673295455,2,-0.00158841369778873
"cross",1000,0.983452919251216,0.979415018174596,0.984122631182711,0.980070296659292,0.980046625806541,3,-0.00405233452341913
"cross",1000,0.992711309523809,0.986561904761905,0.982641071428571,0.98915,0.986957142857143,1,-0.00356130952380951
"cross",1000,0.991080528284245,0.981335320243104,0.99060250116877,0.985687821411875,0.984488662926601,1,-0.00539270687237026
"cross",500,0.907864171338382,0.930889639797863,0.943882043284204,0.921072012326772,0.90581166078897,3,-0.0228100309574324
"cross",500,0.956184103811841,0.966312130691693,0.919834318155486,0.965744988993164,0.967971266365427,5,-0.00222627737226277
"cross",500,0.989185606537297,0.992814774597262,0.992814774597262,0.992814774597262,0.988304083053775,2,0
"cross",500,0.971791891031059,0.981502945339602,0.905708313067235,0.971863181702674,0.962195821676734,2,-0.0096397636369282
"cross",500,0.973265619442531,0.971131551341446,0.983617988303146,0.970196770983877,0.982603292948121,3,-0.0134212173192683
"cross",1000,0.993554864510651,0.977853058996742,0.977569491003876,0.974801193568566,0.975434027485319,1,-0.0187536709420858
"cross",1000,0.992348716619429,0.994231409825703,0.992819958367014,0.992770503563588,0.994142732247147,2,-0.00146090626211504
"cross",1000,0.994897959183674,0.992566750496232,0.995585698868783,0.994313199784163,0.983941097685533,3,-0.00127249908461968
"cross",1000,0.991362973887495,0.993034581675521,0.991362973887495,0.991534880921098,0.991362973887495,2,-0.00149970075442296
"cross",1000,0.99819145302732,0.9882406562292,0.984618316739929,0.99419726275862,0.993806178318185,1,-0.00399419026870007
"cross",500,0.958365555806314,0.959193059003486,0.950670779106798,0.960785375761679,0.966822638481406,5,-0.00603726271972715
"cross",500,0.970275929933478,0.968817877443588,0.968817877443588,0.951686260705385,0.96844886415911,1,-0.0185896692280921
"cross",500,0.934202613885321,NA,NA,NA,NA,1,NA
"cross",500,0.985864508464568,0.979779450662061,0.988669237458322,0.994541182208133,0.994254008591025,4,0
"cross",500,0.950505191157201,NA,NA,NA,NA,1,NA
"cross",500,0.97633685174061,0.981628765124861,0.98343945765039,0.984261563545868,0.982302125346835,4,0
"cross",500,0.953611690120333,0.962464273361126,0.939018951047678,0.935736423877228,0.959282440698331,2,-0.0267278494838979
"cross",500,0.985977802484499,0.975027511727192,0.976876549128408,0.976272481132792,0.983634063994941,1,-0.00970532135170699
"cross",500,0.636127974745022,0.900832321515299,0.920152379796017,0.940775862068965,0.947224987858184,5,-0.00644912578921808
"cross",500,0.884162062405563,0.636561094828057,0.930994110793541,0.90241905754492,0.969037861134878,5,-0.0666188035899583
"cross",500,0.595633558541068,0.771666278377469,0.569965571691129,0.71017731873366,0.777667158499651,5,-0.067489839765991
"cross",500,0.585262750102548,0.635385807392553,0.664692708959151,0.810230742777117,0.783333195221897,4,0
"cross",500,0.581210759803,0.6145724985484,0.660638348977196,0.928207409635283,0.705129369942897,4,0
"cross",500,0.64939495796588,0.805281743460529,0.996147859561436,0.979433618436708,0.991258386479033,3,-0.0167142411247282
"cross",500,0.949374760452079,0.927773120983515,0.924438406192255,0.926760917412706,0.97895873387823,5,-0.0521978164655243
"cross",1000,0.983732616411542,0.986065231228913,0.991476874831331,0.988696753241577,0.990156559048689,3,-0.0027801215897536
"cross",1000,0.996456539765951,0.9921875,0.996420435487478,0.996296982148181,0.992507197562612,1,-0.000159557617769757
"cross",1000,0.998490763636364,0.998935272727273,0.998094545454545,0.999019636363636,0.998142254545455,4,0
"cross",1000,0.973174405074694,0.985301638390511,0.970474251182344,0.984365616320096,0.983162745852413,2,-0.000936022070415099
"cross",1000,0.989201039005955,0.981906261295827,0.996919128781738,0.9942909913188,0.994076633294064,3,-0.00262813746293777
"cross",200,0.681789173789174,0.770645584045584,0.789303703703704,0.903786894586895,0.891406837606838,4,0
"cross",200,0.898405655766429,0.902118030579686,0.902118030579686,0.909933556502333,0.884604566664822,4,0
"cross",200,0.554758872646643,0.569383667736939,0.555046762313775,0.628970619448245,0.62539570716992,4,0
"cross",200,0.876410121552127,0.890868396446938,0.890359396914446,0.886855423094904,0.890499649368864,2,-0.00401297335203366
"cross",200,0.953440178609803,0.949307155195145,0.949307155195145,0.945524358469504,0.940082776629716,1,-0.00791582014029979
"cross",300,0.903133893016274,0.913433811099905,0.913433811099905,0.913433811099905,0.902373325567851,2,0
"cross",300,0.958663908465904,0.959221683002304,0.968998641347565,0.974642842537181,0.952881115639953,4,0
"cross",300,0.950120802140224,0.869954072999758,0.957575035703484,0.89736780952848,0.884857285320759,3,-0.0602072261750036
"cross",300,0.98654247255728,0.990615403061049,0.990615403061049,0.982146058065673,0.990447428806813,2,-0.00846934499537633
"cross",300,0.903375218963666,0.931553252905389,0.950636054133469,0.945635795144186,0.933361468987211,3,-0.00500025898928258
"cross",500,0.984933403222988,0.975281703901518,0.988910186623988,0.987202232333477,0.978368324685005,3,-0.0017079542905114
"cross",500,0.993062206147161,0.989948954449517,0.991163365390476,0.992313207480895,0.988339898694056,1,-0.000748998666265877
"cross",500,0.965946171677387,0.979197041338568,0.989836077804754,0.988597775615498,0.986453803038452,3,-0.00123830218925614
"cross",500,0.976637277065287,0.971781962351209,0.974874004067743,0.967014785515699,0.95853705553511,1,-0.00962249154958761
"cross",500,0.99510899626841,0.980338464269203,0.988962605673337,0.983753240373819,0.991060076943399,1,-0.0113557558945909
"cross",500,0.914631953867028,0.909730325644505,0.914836612392583,0.968540253279059,0.912977725011307,4,0
"cross",500,0.959029736426351,0.914999697278131,0.92101129666629,0.909097763170972,0.920148824925091,1,-0.0499319732553796
"cross",500,0.967944836942995,0.948918143311427,0.959969971256218,0.947398184152371,0.931767956760461,1,-0.0205466527906242
"cross",500,0.94245332040881,0.950500403288519,0.95625374503726,0.946841871114053,0.957209219332289,5,-0.0103673482182363
"cross",500,0.673903770137734,0.707756609255008,0.765454799012318,0.797721463803935,0.78059113265855,4,0
"cross",500,0.99425167926438,0.99500123547541,0.993887756800543,0.994157597036513,0.964713478261319,2,-0.000843638438896677
"cross",500,0.985371309367039,0.993974068649773,0.989570641494263,0.982138608215491,0.9843390397893,2,-0.0118354604342814
"cross",500,0.945493255071568,0.96623468231902,0.968865719287406,0.989308516115745,0.983915147770569,4,0
"cross",500,0.982964010050658,0.977624208759765,0.981488169927111,0.966353543624983,0.980965606282803,1,-0.016610466425675
"cross",500,0.978302987570509,0.973628928933926,0.975800866070983,0.974811872909699,0.972552579909815,1,-0.00349111466080976
"cross",300,0.987362672807757,0.966697931887556,0.971266374562125,0.916782460620669,0.953774405047763,1,-0.0705802121870875
"cross",300,0.869616226980657,0.957223767885533,0.97559473536036,0.950816337937202,0.955052766461314,3,-0.0247783974231585
"cross",300,0.822886283036939,0.925922704563692,0.862822085889571,0.891798814423649,0.911481970438249,2,-0.034123890140043
"cross",300,0.628858005580873,0.913218351661053,0.873066095370187,0.779582342645796,0.820470390826233,2,-0.133636009015257
"cross",300,0.964103176449936,0.946360411334142,0.946360411334142,0.946448181124188,0.937385950301887,1,-0.0176549953257483
"cross",200,0.811536065932162,0.913260886602786,0.939367283886962,0.906759552202482,0.850421872615301,3,-0.0326077316844793
"cross",200,0.926883726101176,0.956372453648659,0.933552698625441,0.957255679461088,0.930136117656384,4,0
"cross",200,0.750776663910707,0.59400837122778,0.59400837122778,0.59400837122778,0.59400837122778,1,-0.156768292682927
"cross",200,0.886890042269316,0.877594592485181,0.862420359925895,0.808288215939106,0.806121862150272,1,-0.07860182633021
"cross",200,0.67543167145499,0.660934610494683,0.687559338055611,0.639101301928538,0.739995603824054,5,-0.100894301895516
"cross",300,0.621705026807666,0.55722681359045,0.52079682455049,0.618629106312391,0.505686187387067,1,-0.00307592049527539
"cross",300,0.845606563704768,0.916369616473904,0.968345843157498,0.932209193093089,0.911084913338077,3,-0.0361366500644094
"cross",300,0.852550665127746,0.701877267480952,0.852260619331672,0.83709853526873,0.857308854426974,5,-0.020210319158244
"cross",300,0.927905274070965,0.946654618351569,0.930514614222652,0.931467311048463,0.91564092411028,2,-0.0151873073031065
"cross",300,0.802616470398833,NA,NA,NA,NA,1,NA
"cross",500,0.987847977412186,0.981499956501058,0.983695240763819,0.975014094787019,0.970634824687966,1,-0.0128338826251667
"cross",500,0.923393162393162,0.915378347578348,0.918981196581197,0.915393162393162,0.92505754985755,5,-0.00966438746438747
"cross",500,0.984151315027227,0.977743598656007,0.977743598656007,0.978953771289538,0.950225350480825,1,-0.00519754373768966
"cross",500,0.957082868503104,0.892416259046311,0.875922080151034,0.924746703280986,0.877112617637804,1,-0.0323361652221174
"cross",500,0.932643336601384,0.933670919625039,0.933670919625039,0.933670919625039,0.915428232590891,2,0
"cross",300,0.934563658465667,0.927348810487191,0.927348810487191,0.929329288300818,0.928336130057604,1,-0.00523437016484907
"cross",300,0.946141151423673,0.92905451047257,0.93312847066935,0.94664894063059,0.960881014274001,5,-0.0142320736434108
"cross",300,0.695745942296968,0.718852396466203,0.718852396466203,0.718852396466203,0.718852396466203,2,0
"cross",300,0.889148509090909,0.868500945454545,0.870446545454545,0.856113454545455,0.805707636363636,1,-0.0330350545454546
"cross",300,0.925228906092098,0.926973903765435,0.926973903765435,0.926973903765435,0.93591569487335,5,-0.00894179110791482
"cross",1000,0.971344726659747,0.972554587461592,0.972396489401784,0.973056600132022,0.974963016346723,5,-0.00190641621470133
"cross",1000,0.973280380564388,0.986301731418919,0.99200326245363,0.983762772423158,0.984652908883148,3,-0.00824049003047167
"cross",1000,0.995480313737672,0.996467603737931,0.99796898863607,0.986585384794595,0.997810566643369,3,-0.0113836038414745
"cross",1000,0.976704282470046,0.958924656030332,0.979052048767564,0.977142394731932,0.971887624720252,3,-0.00190965403563248
"cross",1000,0.981755761771372,0.970128871174073,0.967113787529153,0.981514616779989,0.984330717244386,5,-0.00281610046439684
"cross",300,0.798601283427679,0.907270723534387,0.967774517697963,0.884335452046327,0.938118635727764,3,-0.0834390656516364
"cross",300,0.535821531198686,0.536797516420361,0.510887212643678,0.540294540229885,0.526313115763547,4,0
"cross",300,0.792609883759329,0.950257681956278,0.962367289148669,0.951573438841556,0.967774791955617,5,-0.0162013531140612
"cross",300,0.897284448419166,0.931527985948599,0.887806400616566,0.906940631585945,0.976153751073746,5,-0.0692131194878011
"cross",300,0.534356757332394,0.782728900839758,0.930077688612736,0.759189363817606,0.707796815657732,3,-0.170888324795129
"cross",500,0.877190672724823,0.881250025514474,0.884718973379219,0.91107695573545,0.895957078531509,4,0
"cross",500,0.996168777674802,0.999786839666358,0.999547935331068,0.993803933683452,0.988012563072804,2,-0.00598290598290596
"cross",500,0.698160913600661,0.742503617197189,0.723621331128566,0.599497726333196,0.645907399751964,2,-0.143005890863993
"cross",500,0.919752769772622,0.978634355132095,0.972709057687395,0.986616655672045,0.968968492457826,4,0
"cross",500,0.869776354363446,0.876895337345026,0.863378808919136,0.890756425172749,0.895165325960492,5,-0.00440890078774303
"cross",500,0.986610145465184,0.981418479074991,0.984760790251249,0.988408227444049,0.956854075367634,4,0
"cross",500,0.986059837621626,0.982331119386032,0.980547318995548,0.978910125481476,0.979107269199246,1,-0.00714971214015014
"cross",500,0.981015165006177,0.99633458872792,0.992608012064623,0.994290060323114,0.9940679597632,2,-0.00204452840480651
"cross",500,0.665522684464621,0.870473618666578,0.904648581712943,0.872756565604871,0.906518591216023,5,-0.0337620256111524
"cross",500,0.969763678897021,0.967641022245763,0.966436745634309,0.963964492648947,0.966135801874679,1,-0.00579918624807396
"cross",1000,0.98427439850898,0.977159679527521,0.985401942037405,0.990319060528312,0.984009657743138,4,0
"cross",1000,0.987641404991949,0.987770229468599,0.989663345410628,0.988278985507246,0.985055354267311,3,-0.0013843599033817
"cross",1000,0.546497975870456,0.961754052259345,0.964600234415003,0.966338845686124,0.983419938876088,5,-0.0170810931899641
"cross",1000,0.92981602292642,0.936510948332006,0.977022242935902,0.952715264852699,0.972734611787941,3,-0.0243069780832039
"cross",1000,0.935448924933043,0.951234261970914,0.94819103401667,0.965557808315186,0.966039898876123,5,-0.000482090560937176
"cross",1000,0.967355697933319,0.961503785954172,0.959930952292433,0.972969567785723,0.973129123137488,5,-0.000159555351765372
"cross",1000,0.987450020399837,0.982089963280294,0.981857915136679,0.982132292941656,0.99062984496124,5,-0.0084975520195838
"cross",1000,0.868009652012529,0.984559139608441,0.980654424505935,0.974366458435713,0.956850128088198,2,-0.0101926811727278
"cross",1000,0.931682060755337,0.972120279146141,0.960839490968801,0.981714901477832,0.975671695402299,4,0
"cross",1000,0.95468860536408,0.973635192103227,0.959219175985338,0.968848642431915,0.968600937452166,2,-0.00478654967131265
"cross",500,0.916508518471812,0.89126376043086,0.917795234741134,0.905153631872013,0.882181901694877,3,-0.012641602869121
"cross",500,0.971340711115527,0.965098370429253,0.963699510631955,0.969460556604399,0.975232470521993,5,-0.00577191391759402
"cross",500,0.961474169481982,0.976294941540806,0.97495559668124,0.985316888579756,0.984853707107843,4,0
"cross",500,0.790876824073612,0.767014114211551,0.962331943959134,0.942571839797667,0.979903991746951,5,-0.0373321519492836
"cross",500,0.968182768037931,0.900383863526171,0.897076399032775,0.945468526587876,0.934050928570914,1,-0.022714241450055
"cross",300,0.971000435427355,0.957851350851753,0.967620738665538,0.93893131338857,0.974488475552397,5,-0.0355571621638275
"cross",300,0.866355070458876,NA,NA,NA,NA,1,NA
"cross",300,0.951792279364794,0.96209490888612,0.950328140794427,0.950555043944599,0.957483766714943,2,-0.0115398649415213
"cross",300,0.980762590637794,0.98112380588303,0.98112380588303,0.969537171771979,0.977303556454397,2,-0.0115866341110508
"cross",300,0.976520309692621,0.966621009731653,0.970597647241068,0.950072409045373,0.94347304559273,1,-0.0264479006472482
"cross",300,0.951085834819365,0.94783307740572,0.942797598408295,0.940129449838188,0.943667029918764,1,-0.0109563849811769
"cross",300,0.548644457393449,0.588272045419844,0.892278481144138,0.897443887360283,0.899239263319384,5,-0.00179537595910051
"cross",300,0.73439659119502,0.812396620069216,0.75786203084589,0.837643494437593,0.836466870985971,4,0
"cross",300,0.816064809309351,0.93761123155373,0.91296369137824,0.941896854364038,0.920291379662578,4,0
"cross",300,0.595287612522292,0.555526713649613,0.599722703208498,0.552910735510051,0.649480172139548,5,-0.0965694366294969
"cross",1000,0.998695699213413,0.998804891829187,0.998580495994935,0.998699706281881,0.998651621460256,2,-0.000105185547305431
"cross",1000,0.979832968346409,0.984308570374292,0.983244693651634,0.984477025877974,0.985534384976978,5,-0.00105735909900373
"cross",1000,0.985510265700483,0.988429448470209,0.987512580515298,0.981042169887279,0.987501509661836,2,-0.00738727858293076
"cross",1000,0.995419508964091,0.995825407210853,0.992830140671004,0.99417354270413,0.993303183776994,2,-0.0016518645067225
"cross",1000,0.993718527487331,0.993778164891911,0.992253151260504,0.992927204278658,0.994220183302329,5,-0.00129297902367054
"cross",300,0.659834727259804,0.558238965592902,0.770573849946279,0.885423158580039,0.771012681829373,4,0
"cross",300,0.608824978153699,0.765877726665677,0.794028025094393,0.861785048886251,0.855271862788742,4,0
"cross",300,0.500467708333333,0.522710416666667,0.553444270833333,0.577521354166667,0.546249479166667,4,0
"cross",300,0.678109606705351,0.845789813023856,0.717552030947776,0.835822050290135,0.89430251450677,5,-0.0584804642166344
"cross",300,0.595927516603536,0.629619321456248,0.639773887726058,0.675660701223266,0.766190452048658,5,-0.0905297508253916
"cross",500,0.975721891127122,0.975309986569227,0.95343310577069,0.956133196926511,0.973744439546554,1,-0.0195886942006109
"cross",500,0.973058430578503,0.973605100624955,0.946368818021991,0.971997157722961,NA,2,-0.0016079429019934
"cross",500,0.99532437442076,0.989191123468232,0.98643703017197,0.981942642364329,0.979278138193801,1,-0.0133817320564308
"cross",500,0.949921572827032,0.951622403084172,NA,NA,0.954250290820976,5,NA
"cross",500,0.987586158535831,0.984891061786653,0.987238636972994,0.987548003349407,0.987215950105391,1,-3.81551864241381e-05
"cross",500,0.998583003287515,0.996213403743108,0.996931997618493,0.999811550309337,0.991797261266858,4,0
"cross",500,0.998083333333333,0.993480208333333,0.991578125,0.9971765625,0.993288541666667,1,-0.000906770833333348
"cross",500,0.990368881152832,0.981678592709868,0.980250738201803,0.979312463013253,0.979711076655448,1,-0.0110564181395781
"cross",500,0.979663843982551,0.979654170281576,0.980588955281026,0.986572393904957,0.976551967121636,4,0
"cross",500,0.986184389505052,0.973833529928921,0.980470863063383,0.98283106049227,0.982414060768519,1,-0.00335332901278207
"cross",500,0.915243199844631,0.898308257692627,0.844542206462838,0.90049714138697,0.921335834724014,5,-0.020838693337044
"cross",500,0.776891151441342,0.859338553940544,0.88228145008558,0.956783768111297,0.986876539216148,5,-0.0300927711048504
"cross",500,0.939609908880967,0.95271825223428,0.964370057186711,0.98115088632873,0.972974181098953,4,0
"cross",500,0.938066545616238,0.988972466548025,0.981914202748427,0.995434009951028,0.983913642664354,4,0
"cross",500,0.968911888393644,0.95833245196545,0.968214852307925,0.97253154037924,0.967909143562237,4,0
"cross",500,0.957240887745975,0.963370462507454,0.96050191935003,0.980839110017889,0.956798901498211,4,0
"cross",500,0.805101287282838,0.757278019116826,0.917707044056992,0.937984146740305,0.902883471954014,4,0
"cross",500,0.780715456091952,0.938924508238448,0.976749242484858,0.938029289425866,0.936018525927137,3,-0.0387199530589928
"cross",500,0.946513449777252,0.935590523905872,0.949404475153584,0.932174743873848,0.94198908969118,3,-0.0172297312797361
"cross",500,0.934708093445973,0.927708384357907,0.92657463270931,0.906637391497323,0.920437885702656,1,-0.02807070194865
"cross",300,0.95456852690036,0.956186601181305,0.940686994414484,0.873517350410889,0.643916321584489,2,-0.0826692507704161
"cross",300,0.741922315002884,0.740420772837834,0.739615336392588,0.744502118909702,0.720400712154267,4,0
"cross",300,0.925995284297631,0.871216008979241,0.928288612189,0.918360528150662,0.917324654200166,3,-0.00992808403833789
"cross",300,0.901738922938563,0.889678553918743,0.908419799899539,0.907553546775162,0.902863347567022,3,-0.000866253124376493
"cross",300,0.601665236705369,0.891908457085124,0.883160802488934,0.924671443004683,0.702281055551992,4,0
"cross",500,0.964190696948359,0.922217580317124,0.974404759899331,0.976057877069625,0.966970786320006,4,0
"cross",500,0.850792778424357,0.772707516128569,0.905802932118722,0.917667068982858,0.748077623077623,4,0
"cross",500,0.949808492558749,0.935652119920108,0.949404895369441,0.954730998448853,0.958798591204341,5,-0.00406759275548796
"cross",500,0.960694792054188,0.957401313705684,0.971284139819933,0.965793665510676,0.912508307121031,3,-0.00549047430925631
"cross",500,0.984113258674392,0.985941940207416,0.988237099108673,0.988379242151955,0.98460963120649,4,0
"cross",500,0.985576737777264,0.98902808290455,0.991468294116513,0.985250332427589,0.980234409627874,3,-0.00621796168892486
"cross",500,0.949654968606969,0.92035023873956,0.902324716783504,0.911335690342815,0.931636000519543,1,-0.0383192782641543
"cross",500,0.951435237649235,0.94991652754591,0.939534008024318,0.947224079151667,0.929553657714082,1,-0.00421115849756726
"cross",500,0.977327677772809,0.980715656678593,0.973536146206023,0.967007095073047,0.979629616689028,2,-0.0137085616055456
"cross",500,0.990962255078735,0.988695155667749,0.990488039427816,0.990702608486597,0.990155667748527,1,-0.000259646592138507
"cross",1000,0.878778017578815,0.844355141583239,0.966022785532937,0.947406311304044,0.915506974526171,3,-0.018616474228893
"cross",1000,0.777477749360614,0.87763989769821,0.907950383631714,0.955950895140665,0.96192378516624,5,-0.00597289002557544
"cross",1000,0.966080622893889,0.992680955189967,0.979205485694311,0.982566940389579,0.988315537702704,2,-0.0101140148003883
"cross",1000,0.987963921703034,0.955055431617133,0.959897116771329,0.946420921035109,0.952955131308773,1,-0.0415430006679255
"cross",1000,0.990327771853961,0.989734008544803,0.990921017045048,0.990000321233204,0.998780868179364,5,-0.00878054694616026
"cross",300,0.657392658080718,0.934287483726948,0.949278264421914,0.952551443922837,0.96325125793076,5,-0.0106998140079235
"cross",300,0.482901863259135,0.554789026312403,0.52521119483402,0.714794494660319,0.914938038793103,5,-0.200143544132784
"cross",300,0.959512521859107,NA,0.962158175707112,0.947266408368228,0.941857783446439,3,-0.0148917673388843
"cross",300,0.598711721564591,0.542264097079259,0.555651497362326,0.660950366700978,0.789712871525991,5,-0.128762504825013
"cross",300,0.7318737494998,0.910706782713085,0.960060024009604,0.940010504201681,0.944048119247699,3,-0.0200495198079232
"cross",500,0.813573883161512,0.829372726063159,0.829372726063159,0.814450768263756,0.817180639478067,2,-0.0149219577994026
"cross",500,0.924421276712504,0.922579468699553,0.895061530792835,0.715955133511074,0.871481014857937,1,-0.20846614320143
"cross",500,0.934631105083724,0.978480345067902,0.958346871409467,0.970383986928105,0.983563598350003,5,-0.0131796114218983
"cross",500,0.95171044128088,0.955077164988804,0.971671278513044,0.961461879448763,0.980850407784311,5,-0.0193885283355482
"cross",500,0.973176484503554,0.941609584871266,0.939809290562283,0.932696823480708,0.964217338718562,1,-0.0404796610228455
"cross",500,0.979865754528158,0.977966209945002,0.978545138391712,0.964882633073708,0.967809724143685,1,-0.0149831214544496
"cross",500,0.987276539566669,0.970834821775258,0.974247624964407,0.973098288938935,0.973470011130957,1,-0.0141782506277343
"cross",500,0.96661706101599,0.967116757350372,0.970681708514285,0.969706754688098,0.965750262067589,3,-0.000974953826186842
"cross",500,0.766080942859179,0.947386512737318,0.939267179764495,0.959954579943073,0.992371652183391,5,-0.0324170722403175
"cross",500,0.890550116275586,0.978646822850968,0.96816962288692,0.967832315211698,0.955222276976607,2,-0.0108145076392698
"cross",300,0.925151754435003,0.932338835159511,0.92958209879994,0.926153939326178,0.915759401088253,2,-0.00618489583333326
"cross",300,0.960731275448173,0.886992916184368,0.90422452793019,0.902276099786565,0.912685590257743,1,-0.0584551756616088
"cross",300,0.926013034561546,0.947601383746484,0.973724416059901,0.938065186571786,0.955523745291546,3,-0.0356592294881147
"cross",300,0.955259338250541,0.953145531561954,0.953145531561954,0.95781391628899,0.962688468260316,5,-0.00487455197132614
"cross",300,0.902098033907134,0.899486629403318,0.923121782152204,0.924274409949383,0.90724487686074,4,0
"cross",300,0.827504221220144,0.901414360611079,0.939066838336336,0.911280329315618,0.926683753037465,3,-0.0277865090207172
"cross",300,0.81942489867473,0.78936707893721,0.876223844409418,0.95944878248842,0.882857734495625,4,0
"cross",300,0.681592009921535,0.864131430304523,0.97676567181061,0.698653405923092,0.97482030231052,3,-0.278112265887518
"cross",300,0.746981908454057,0.714243491724378,0.80256430260331,0.802019695860389,0.798038415529444,3,-0.000544606742921561
"cross",300,0.566408191967479,0.501868540008062,0.628394105896604,0.518308291096127,0.499744926283696,3,-0.110085814800477
"cross",1000,0.996665256387689,0.99256309454325,0.987786675231281,0.99373764075768,0.993292939649324,1,-0.00292761563000865
"cross",1000,0.965986839636087,0.953855548421192,0.945850184462169,0.973728468847347,0.933033690085298,4,0
"cross",1000,0.98189478198332,0.98085140435346,0.97176109217118,0.974929184718878,0.975987951399326,1,-0.00696559726444246
"cross",1000,0.963409070170636,0.985629788660698,0.972006487920759,0.978110444342601,0.970984291808795,2,-0.00751934431809675
"cross",1000,0.941091597111818,0.951022311373874,0.954782620396131,0.952584190348437,0.977571148814255,5,-0.0249869584658188
"cross",300,0.700194325456033,0.559984197269417,0.549861826378528,0.585757889332756,0.864503116426818,5,-0.278745227094062
"cross",300,0.531976161557856,0.616713465693407,0.717322354101278,0.720323704959695,0.653871592289284,4,0
"cross",300,0.541787562097995,0.886074746632181,0.841862274724428,0.976105961907562,0.762638385887215,4,0
"cross",300,0.534363060504034,0.774957422415019,0.624093619261101,0.617923020533034,0.746700930404681,2,-0.157034401881985
"cross",300,0.907114955245299,0.885409526558197,0.793929955786444,0.944890388061137,0.947586593231277,5,-0.00269620517014002
"cross",300,0.916252421652422,0.891566381766382,0.906107692307692,0.900267806267806,0.931804558404558,5,-0.0315367521367522
"cross",300,0.964998004211801,0.961414187989484,0.966765538472832,0.955411912332136,0.944165531132002,3,-0.0113536261406962
"cross",300,0.977132891661525,0.960273268514156,0.968541012850774,0.973412869759295,0.959904565549831,1,-0.00372002190222942
"cross",300,0.947295551359335,0.946093231481704,0.948107759846743,0.948062065979659,0.946660977780215,3,-4.56938670834184e-05
"cross",300,0.941878295729408,0.9283689776761,0.947308465516651,0.96103144894637,0.932606871053536,4,0
"cross",500,0.839653075016896,0.827482666266176,0.846000851042527,0.822346874921779,0.839490375710245,3,-0.0236539761207479
"cross",500,0.959764673720224,0.983876722558417,0.98495767162265,0.970542002233258,0.983638521788335,3,-0.014415669389392
"cross",500,0.955075970017059,0.859229508147166,0.908341738619612,0.76157637155631,0.955545020258335,5,-0.193968648702026
"cross",500,0.946607906945095,0.946431787888613,0.984268365415021,0.985437655855358,0.984117763608199,4,0
"cross",500,0.936851006922593,0.9064325450614,0.959899085862742,0.979093043520356,0.976662471155863,4,0
"cross",200,0.554289415979396,0.564774933887123,0.581238582523196,0.683962673543033,0.74375914313111,5,-0.0597964695880768
"cross",200,0.898545240628221,0.810390193116696,0.775505330120063,0.783927240320128,0.797123048181473,1,-0.114618000308093
"cross",200,0.670362653556568,0.793858046859521,0.639088402351232,0.827964013275213,0.801953821577175,4,0
"cross",200,0.547644938729276,0.711996189887756,0.751505509216353,0.739824940788796,0.637606837606838,3,-0.0116805684275564
"cross",200,0.60672333760235,0.575204803734299,0.575204803734299,0.575204803734299,0.548114725406673,1,-0.031518533868051
"cross",500,0.96961007780385,0.967032629922937,0.96255899536835,0.96369172959313,0.964910706740492,1,-0.00591834821071979
"cross",500,0.861061598741048,0.818592028776054,0.853520042760336,0.872783986896618,0.85476339586803,4,0
"cross",500,0.954053709165154,0.978995339912281,0.951269944797338,0.941841065486993,0.974011503705384,2,-0.0371542744252874
"cross",500,0.971518285460806,0.870134242766531,0.851533239432755,0.844593018735909,0.966443309812458,1,-0.126925266724897
"cross",500,0.975572625221079,0.975590888899101,0.968450379943418,0.970200158128103,0.963464395843423,2,-0.00539073077099828
"cross",300,0.951727208397217,0.944506427644769,0.982940205212879,0.978614223375398,0.965695247081024,3,-0.00432598183748079
"cross",300,0.747600486905587,0.63094013999105,0.863936306008092,0.849491971637408,0.834327982609864,3,-0.0144443343706836
"cross",300,0.968591547193897,0.953937406944401,0.947144419993135,0.957184954064829,0.971752424180852,5,-0.0145674701160231
"cross",300,0.458666441862317,0.600848753506714,0.609388391665379,0.81131070302877,0.762863023899512,4,0
"cross",300,0.899946486391286,0.854385970854276,0.836495603755436,0.819363346113377,0.835837408947837,1,-0.0805831402779095
"cross",300,0.964680286925975,0.905518100343866,0.961281740408808,0.906634736976166,0.913803875085114,1,-0.058045549949809
"cross",300,0.959804812212222,0.967261976384143,0.967261976384143,0.967261976384143,0.967261976384143,2,0
"cross",300,0.947828363056898,0.939280648703404,0.946007112835435,0.939129002971856,0.947489537445485,1,-0.00869936008504169
"cross",300,0.984926526283896,0.978355677596511,0.978614016941041,0.979386526825657,0.977177850837371,1,-0.00553999945823991
"cross",300,0.93354624504659,0.903227911581065,0.874320678774054,0.879078562815816,0.867891662006504,1,-0.0544676822307739
"cross",500,0.975936507936508,0.965562920634921,0.977646222222222,0.964676063492063,0.966929777777778,3,-0.0129701587301587
"cross",500,0.989559293311401,0.989641124337583,0.988515170850753,0.988106015719844,0.988203384282642,2,-0.00153510861773931
"cross",500,0.972112443584784,0.973464345583494,0.953424629271438,0.90235718891038,0.974796647324307,5,-0.0724394584139265
"cross",500,0.980930641164493,0.976268128725842,0.983754841230151,0.972677411206189,0.982083229784444,3,-0.011077430023962
"cross",500,0.946460318893556,0.977170662955271,0.948282286078427,0.936071317742567,0.932000821986904,2,-0.0410993452127046
"cross",1000,0.98935529978184,0.990434063040698,0.989631635697986,0.989153188394895,0.990260538127837,2,-0.00128087464580362
"cross",1000,0.990065821857205,0.97767905226189,0.978227651622294,0.976476663388492,0.977045898137681,1,-0.0135891584687132
"cross",1000,0.945155897510402,0.973734417311363,0.96498964853445,0.96479089232458,0.977673220577019,5,-0.0128823282524385
"cross",1000,0.993277494149647,0.991800964391468,0.992159169807453,0.996951988416853,0.992128523902299,4,0
"cross",1000,0.985266821112412,0.96216783104279,0.977011615607064,0.9628440339298,0.964941017009142,1,-0.022422787182612
"cross",500,0.498139593397746,0.575053844605475,0.926836252012882,0.941461855877617,0.924121376811594,4,0
"cross",500,0.561524823228449,0.58363493051983,0.543677189224532,0.510476929695515,0.512479053661736,2,-0.0731580008243155
"cross",500,0.727445274200208,0.975187997803352,0.964213776350758,0.747050258346661,0.751400463380513,2,-0.22813773945669
"cross",500,0.753123270360649,0.796350818825709,0.676901109078654,0.720990526473339,0.812959876887347,5,-0.0919693504140084
"cross",500,0.540396620636435,0.621580220748425,0.943678946412462,0.930730874172996,0.959571769329034,5,-0.0288408951560382
"cross",500,0.896526087520396,0.76091843433658,0.95666004136041,0.975377788233496,0.982726951926818,5,-0.00734916369332173
"cross",500,0.969494406033941,0.981673915776241,0.912494280326838,0.952201634192332,0.941756882463859,2,-0.0294722815839096
"cross",500,0.942239713413557,0.988589520421807,0.979088776205252,0.983041953631524,0.976140164989026,2,-0.00554756679028234
"cross",500,0.889405193236715,0.90971115136876,0.943283514492754,0.964438909017713,0.972351046698873,5,-0.00791213768115939
"cross",500,0.737830653702031,0.854196355621425,0.775281988817452,0.757973140683894,0.822377796512029,2,-0.0962232149375319
"cross",1000,0.993048791242269,0.992242084250274,0.991440387860713,0.999049488718128,0.991126223088054,4,0
"cross",1000,0.996629541169076,0.999525832809554,0.996743180389692,0.995862225015713,0.998354242614708,2,-0.00366360779384034
"cross",1000,0.981697145432813,0.986346934751025,0.982100600050709,0.986378124509516,0.977918657109856,4,0
"cross",1000,0.996925349342118,0.996096808743628,0.993366174942572,0.996120309895185,0.992157115698669,1,-0.000805039446932887
"cross",1000,0.997882553789762,0.996315432703171,0.996024202254525,0.996266726921242,0.996214506289071,1,-0.00161582686851947
"cross",1000,0.985229236274895,0.985946815218816,0.986377772045335,0.976282531610325,0.978150181800314,3,-0.0100952404350104
"cross",1000,0.996093427973158,0.998084841964683,0.985571136502284,0.996760152347035,0.99233009348568,2,-0.00132468961764853
"cross",1000,0.929062539901428,0.961559794683215,0.94429530886897,0.933562144079267,0.928456293572359,2,-0.027997650603948
"cross",1000,0.962915793015972,0.973719033936476,0.97532033858818,0.983172581605446,0.975191426574513,4,0
"cross",1000,0.975811744600753,0.983314138762301,0.985539057856152,0.984659306683839,0.990048750082557,5,-0.00538944339871872
"cross",300,0.782363412104393,0.863607330073565,0.908095758697054,0.844161350521203,0.85058828005174,3,-0.0639344081758513
"cross",300,0.922536045564847,0.931337980444384,0.901409695079772,0.932203415355546,0.915630136009823,4,0
"cross",300,0.551493160060195,0.573392774237961,0.689228495613473,0.822595815189549,0.686290303214652,4,0
"cross",300,0.966637130484844,0.966894445695978,0.982271282320843,0.984754824660209,0.980196741007734,4,0
"cross",300,0.655973204466056,0.738913668064019,0.575505043176476,0.652042338865033,0.623952861636133,2,-0.0868713291989861
"cross",500,0.933354497332719,0.976503844507376,0.987879922945205,0.979370245817966,0.875138406381718,3,-0.00850967712723916
"cross",500,0.971759813418562,0.987948920451975,0.984373393223671,0.99400479616307,0.982511075187877,4,0
"cross",500,0.951534717537571,0.988410734991933,0.986892649044435,0.98449065366812,0.973351633263595,2,-0.00392008132381239
"cross",500,0.98704901145545,0.985178037307783,0.98651119688564,0.983986571183895,0.986827680074798,1,-0.003062440271555
"cross",500,0.576988973104726,0.990578932870332,0.997787943037446,0.992849421526236,0.998246527487938,5,-0.00539710596170229
"cross",1000,0.987855709090909,0.988954181818182,0.988686545454545,0.990708363636364,0.982828218181818,4,0
"cross",1000,0.997506474705172,0.995440679479767,0.995345497788495,0.995318470888503,0.995714473727503,1,-0.00218800381666828
"cross",1000,0.990494465182653,0.989875966188722,0.989544257231083,0.990251442300494,0.990027423577366,1,-0.000243022882159272
"cross",1000,0.991633764433965,0.9932527170501,0.992996358664565,0.989547437346243,0.990644372206798,2,-0.0037052797038567
"cross",1000,0.9834253626141,0.980254099166819,0.982971070490214,0.97725378069399,0.981285037865483,1,-0.00617158192011025
"cross",500,0.878679089770564,0.93230962453571,0.925184853930606,0.946698319098857,0.953149325819845,5,-0.00645100672098797
"cross",500,0.981623668222242,NA,NA,NA,NA,1,NA
"cross",500,0.955153262769603,0.923586546093531,0.951830963621599,0.911569377727004,0.922627076652031,1,-0.0435838850425997
"cross",500,0.98040515262504,0.945392497378886,0.974340218279903,0.972025093413268,0.976023158176721,1,-0.0083800592117721
"cross",500,0.925378828536627,0.935719902556947,0.910691201657652,0.951881658958647,0.932747726095418,4,0
"cross",500,0.948017095457615,0.945119648436159,0.923718074763497,0.950458337624884,0.956774460018872,5,-0.00631612239398838
"cross",500,0.854580231756232,0.975793008965323,0.972900437184495,0.958657149837486,0.970979443772672,2,-0.0171358591278371
"cross",500,0.963340506256269,0.98671108124106,0.973153434781894,0.969796136898009,0.971669523504168,2,-0.0169149443430507
"cross",500,0.930940196668673,0.932670559067496,0.925316388219948,0.962584244765536,0.972322563382166,5,-0.00973831861662988
"cross",500,0.966927527169137,0.96974253180802,0.968811689983692,0.970348447507061,0.971098434223917,5,-0.000749986716856554
"cross",300,0.985959254385569,0.980059802525196,0.959352249721213,0.977969022733592,0.956994978314308,1,-0.0079902316519771
"cross",300,0.989886283384694,0.986934025102722,0.963707185734463,0.975497159090909,0.988613291281459,1,-0.0143891242937854
"cross",300,0.909099170201144,0.90739970920892,0.90739970920892,0.90739970920892,0.90739970920892,1,-0.00169946099222407
"cross",300,0.980515534233173,0.97503493180889,0.979610973660763,0.969528212144316,0.976065056036548,1,-0.0109873220888569
"cross",300,0.9426953125,0.900701622596154,0.953483573717949,0.937780949519231,0.954100560897436,5,-0.0163196113782051
"cross",500,0.987307757815125,0.946934021975796,0.958954768710959,0.961866883938888,0.963112056306648,1,-0.0254408738762376
"cross",500,0.91265238723084,0.942972126457775,0.948081947309647,0.937183354032369,0.9480315042807,3,-0.0108985932772778
"cross",500,0.895502459343079,0.906351006621718,0.915869651860148,0.900048016027419,0.86896355157761,3,-0.0158216358327292
"cross",500,0.404862844071385,0.738690661864791,0.940567339685421,0.81045175911222,0.939356236766485,3,-0.1301155805732
"cross",500,0.84225581047974,0.896287009059891,0.923374353558033,0.948442246871733,0.943216020116886,4,0
"cross",1000,0.99860270602197,0.99860270602197,0.99860270602197,0.997840686758868,0.991100980744141,1,-0.000762019263102043
"cross",1000,0.938747489104047,0.950809032242163,0.954165109123846,0.990006736800595,0.96231396777016,4,0
"cross",1000,0.625848982653482,0.943352377560763,0.964598817641033,0.881555855051018,0.982452908772932,5,-0.100897053721913
"cross",1000,0.967128724819723,0.965819662323238,0.973787046212974,0.960485232650064,0.968691929527439,3,-0.0133018135629103
"cross",1000,0.990949349941644,0.994865357931268,0.986492012950691,0.995269165673458,0.995140400449545,4,0
"cross",300,0.779437893716685,0.876095434065278,0.956746469278686,0.910449550589866,0.95583701445998,3,-0.04629691868882
"cross",300,0.509785996176821,0.873649632768277,0.813501216420626,0.661696733857993,0.839312188564744,2,-0.211952898910284
"cross",300,0.861693685408871,0.883182131228705,0.932130976617368,0.945550100381257,0.931192202629979,4,0
"cross",300,0.858498602569031,0.971796619738612,0.954951370203088,0.954133032224998,0.950500312319815,2,-0.017663587513614
"cross",300,0.798260496382218,0.799031080040429,0.818193394939917,0.808089072852994,0.917705976961704,5,-0.10961690410871
"cross",500,0.736771940895428,0.963847919502774,0.783103710908728,0.908247496998906,0.789786042118746,2,-0.0556004225038682
"cross",500,0.911916010336173,0.880953928901658,0.95639478485569,0.965264018228651,0.984977668251767,5,-0.019713650023116
"cross",500,0.96500420157368,0.990370502406356,0.988885946372641,0.991499579842632,0.987396297522345,4,0
"cross",500,0.516214054809024,0.548586358055727,0.666604545812935,0.501115103456821,0.509339119447138,3,-0.165489442356114
"cross",500,0.779113786688714,0.934559218685407,0.972284001653576,0.960669698222406,0.976719718892104,5,-0.0160500206696982
"cross",500,0.981311669890393,0.977756802063185,0.978737330754352,0.986246808510638,0.974632624113475,4,0
"cross",500,0.977738308161102,0.985598420111288,0.971904291699788,0.980965570349762,0.975203489334923,2,-0.00463284976152623
"cross",500,0.752445362521569,0.962447750762738,0.951924498495201,0.95893982769512,0.952917531240986,2,-0.00350792306761816
"cross",500,0.971026627921015,0.970565551896552,0.976788517021303,0.823040478936215,0.92764072706381,3,-0.153748038085088
"cross",500,0.977931396050138,0.980142659516625,0.985280941561001,0.976068794408304,0.963086901271873,3,-0.00921214715269747
"enclave",1000,0.882309203409285,0.886424203244165,0.890176938988523,0.88835611160536,0.88931881341498,3,-0.00182082738316236
"enclave",1000,0.89697915531158,0.893968411441327,0.898141249441205,0.895560540403773,0.891651223749124,3,-0.00258070903743202
"enclave",1000,0.885919835560123,0.892434584812328,0.872426498917711,0.878627019096922,0.86339091197483,2,-0.0138075657154065
"enclave",1000,0.842435844920123,0.889977656014799,0.968246202473963,0.89815459313616,0.895685337398183,3,-0.0700916093378028
"enclave",1000,0.875210051653441,0.862596944029929,0.905165744391033,0.879245945840452,0.965265288107298,5,-0.0860193422668465
"enclave",500,0.911728114297945,0.912762303246839,0.913476974117492,0.9133411403451,0.907853250131718,3,-0.000135833772392013
"enclave",500,0.907580506476576,0.906606631594843,0.911191445515912,0.908637592186811,0.925097926817617,5,-0.0164603346308059
"enclave",500,0.933625135833772,0.930199449255796,0.927018675085616,0.927177662341939,0.928337909147787,1,-0.0064474734918335
"enclave",500,0.908820964197771,0.919356893298035,0.917747636966565,0.916322779940232,0.917080409397276,2,-0.00303411335780346
"enclave",500,0.933739561039932,0.931746762022519,0.933466391991423,0.934434293601272,0.934660222889512,5,-0.000225929288240612
"enclave",300,0.658445221053306,0.736826171718627,0.683904681270116,0.723092904837393,0.744668319962851,5,-0.0215754151254584
"enclave",300,0.942845215842988,0.887173395478496,0.851494646223755,0.89122548703653,0.858166220854348,1,-0.0516197288064584
"enclave",300,0.695983898193473,0.866115529657545,0.862388166539489,0.835387278808772,0.861707539477878,2,-0.0307282508487731
"enclave",300,0.884144333178832,0.85957707943951,0.882028529068155,0.926821808949946,0.881189114946176,4,0
"enclave",300,0.732314555626304,0.822754103743928,0.753884991049653,0.781873345587499,0.834369030599373,5,-0.0524956850118737
"enclave",300,0.8497197805802,0.852260614309844,0.866574968431755,0.837520908837469,0.843865818560488,3,-0.0290540595942865
"enclave",300,0.923478281486613,0.919855350793911,0.919855350793911,0.919855350793911,0.916717951572617,1,-0.00362293069270181
"enclave",300,0.954144245524297,0.915811253196931,0.917911508951407,0.921937595907928,0.92300716112532,1,-0.0322066496163683
"enclave",300,0.935849524596941,0.932554257957834,0.930420628358826,0.907068520049607,0.913190884663084,1,-0.0287810045473337
"enclave",300,0.936689983692387,0.906476962942073,0.793592722472218,0.877040495195589,0.809099770712508,1,-0.0596494884967977
"enclave",300,0.878061899038462,0.653528645833333,0.881678185096154,0.823274739583333,0.887252604166667,5,-0.0639778645833333
"enclave",300,0.832874945895253,0.718204944773081,0.68844933791821,0.850709473540775,0.883431323041408,5,-0.0327218495006332
"enclave",300,0.875337875337875,0.85006135006135,NA,NA,NA,1,NA
"enclave",300,0.888459687111905,0.881749295236227,0.882301197573031,0.887366890463148,0.889101154741807,5,-0.00173426427865908
"enclave",300,0.901561422914763,0.870170149409256,0.898875222430626,0.839554377274403,0.761416101572645,1,-0.0620070456403596
"enclave",500,0.895542909809032,0.895488192636575,0.902729935112461,0.895504758386034,0.895525340074757,3,-0.0072251767264272
"enclave",500,0.943978922254945,0.942388737346916,0.942388737346916,0.869535436682277,0.88566208419833,1,-0.0744434855726677
"enclave",500,0.886667048702536,0.884805126519221,0.884805126519221,0.884805126519221,0.884910689062011,1,-0.00186192218331482
"enclave",500,0.871554575523705,0.87045203969129,0.87045203969129,0.871554575523705,0.871554575523705,1,0
"enclave",500,0.896810920820214,0.897044854667965,0.897044854667965,0.897044854667965,0.8968493203287,2,0
"enclave",1000,0.8829067430409,0.893062003818712,0.896562657019395,0.888053461963622,0.896984725153251,5,-0.00893126318962911
"enclave",1000,0.885097816342213,0.886885846247438,0.891192326780225,0.892245433369621,0.892342989561988,5,-9.75561923667323e-05
"enclave",1000,0.893467573870296,NA,NA,NA,NA,1,NA
"enclave",1000,0.890520122047082,0.891846437773312,0.888633539315323,0.892153858632468,0.892071245535138,4,0
"enclave",1000,0.966078851454885,0.895444507123396,0.886746802373265,0.896174650231445,0.896334681597593,1,-0.0699042012234398
"enclave",200,0.572412588497546,0.57649501170625,0.57649501170625,0.57649501170625,0.57649501170625,2,0
"enclave",200,0.727451657285804,0.681606003752345,0.681606003752345,0.659053908692933,0.71355947467167,1,-0.0683977485928705
"enclave",200,0.713071241420328,0.699889790390767,0.699889790390767,0.699889790390767,0.699889790390767,1,-0.0131814510295607
"enclave",200,0.863091693844813,0.88303973596752,0.875205524827599,0.883449034346038,0.878372833795837,4,0
"enclave",200,0.586015755569374,0.583913878099118,0.586266598973995,0.596018949942471,0.574651197489363,4,0
"enclave",500,0.907159657747679,0.887999967998848,0.862992067714438,0.950578220815949,0.873138933001588,4,0
"enclave",500,0.872283677298311,0.874973358348968,0.914074296435272,0.895851907442151,0.897559974984365,3,-0.0182223889931207
"enclave",500,0.822773690401672,0.833901332454371,0.833901332454371,0.845054678105272,0.846721884043509,5,-0.00166720593823677
"enclave",500,0.836213899393924,0.740566355860803,0.887172237047267,0.972688307988714,0.885566703139297,4,0
"enclave",500,0.903101911486691,0.903775585298048,0.903775585298048,0.903775585298048,0.903775585298048,2,0
"enclave",300,0.88550187806761,NA,NA,NA,NA,1,NA
"enclave",300,0.891557723577236,NA,NA,NA,NA,1,NA
"enclave",300,0.852757561928552,0.875061047861523,0.875061047861523,0.875061047861523,0.854687575058846,2,0
"enclave",300,0.893422842284228,0.894050905090509,0.894050905090509,0.894050905090509,0.894050905090509,2,0
"enclave",300,0.879924836705943,0.875338194800205,0.875338194800205,0.875338194800205,0.875338194800205,1,-0.00458664190573765
"enclave",500,0.972691770459785,0.967042016201332,0.967042016201332,0.967042016201332,0.967042016201332,1,-0.00564975425845282
"enclave",500,0.903004484618947,0.903007485702339,0.90197811409919,0.903006985521773,0.962724543560225,5,-0.0597175580384518
"enclave",500,0.894683468346835,0.893582858285829,0.893582858285829,0.893582858285829,0.893582858285829,1,-0.00110061006100604
"enclave",500,0.899684369425003,0.88507080402156,0.88507080402156,0.884984659212136,0.884111190911923,1,-0.0146997102128678
"enclave",500,0.881182267391485,0.880964902000262,0.880964902000262,0.880964902000262,0.880964902000262,1,-0.000217365391222635
"enclave",500,0.839249479166667,0.838621875,0.8498015625,0.830299479166667,0.8112671875,3,-0.0195020833333334
"enclave",500,0.936664182364884,0.922544781681273,0.922544781681273,0.94126750790265,0.940842949294544,4,0
"enclave",500,0.874631272949816,0.861505507955936,0.859277845777234,0.843628110975112,0.792885556915545,1,-0.0310031619747042
"enclave",500,0.950214250032757,0.938774444772013,0.938774444772013,0.887050924561059,0.937550158870545,1,-0.0631633254716981
"enclave",500,0.843660971934932,0.933608110523762,0.93199724201333,0.944379580683879,0.901244158431012,4,0
"enclave",500,0.880214750924133,0.880396277063897,0.880396277063897,0.880396277063897,0.880396277063897,2,0
"enclave",500,0.879722719114403,0.879722719114403,0.879722719114403,0.879722719114403,0.879722719114403,1,0
"enclave",500,0.883525293190968,0.885344702558076,0.885344702558076,0.885344702558076,0.885344702558076,2,0
"enclave",500,0.88084936923668,NA,NA,NA,NA,1,NA
"enclave",500,0.885207991502747,0.892177581386129,0.892177581386129,0.892177581386129,0.892177581386129,2,0
"enclave",500,0.887050746117403,NA,NA,NA,NA,1,NA
"enclave",500,0.910316403913881,0.861879319223869,0.962088946939996,0.892972539703635,0.883492570104326,3,-0.0691164072363613
"enclave",500,0.937205381552828,0.924415901281899,0.926581566258563,0.86287581180641,0.858121726956297,1,-0.0743295697464182
"enclave",500,0.887987820130755,0.886164236766282,0.886164236766282,0.886164236766282,0.897005885083881,5,-0.0108416483175989
"enclave",500,0.857776709571806,0.848837458513465,0.848837458513465,0.848837458513465,0.848837458513465,1,-0.00893925105834037
"enclave",1000,0.874278046583089,0.874437419308131,0.874437419308131,0.874437419308131,0.874789849214297,5,-0.00035242990616613
"enclave",1000,0.8973164143779,NA,NA,NA,NA,1,NA
"enclave",1000,0.895231186995499,0.89199142228938,0.895372942410103,0.89403581686809,0.893916681998369,3,-0.00133712554201337
"enclave",1000,0.883739498194545,0.883767513014385,0.883767513014385,0.883767513014385,0.883767513014385,2,0
"enclave",1000,0.900565869792749,0.937044853133759,0.902628048235909,0.906056984362566,0.895873535778043,2,-0.0309878687711925
"enclave",1000,0.978545311509166,0.913320339297928,0.908582498113685,0.908826914674231,0.909673291341427,1,-0.0697183968349353
"enclave",1000,0.914164476582635,0.922501040353507,0.923752516943263,0.918922122544995,0.924274982982971,5,-0.00535286043797611
"enclave",1000,0.930829033502981,0.966184554547232,0.966606174166667,0.968298860540646,0.960467082112878,4,0
"enclave",1000,0.921952213901635,0.918852874847498,0.920461594074902,0.905467591470553,0.912304519818106,1,-0.0164846224310813
"enclave",1000,0.930906529368068,0.932968057583442,0.946968416199185,0.942596890289198,0.940462614308768,3,-0.00437152590998746
"enclave",1000,0.889834904143078,0.888844268688883,0.886182972529593,0.890770755597015,0.887429434186825,4,0
"enclave",1000,0.898879230189647,0.887441586912262,0.948613014796646,0.96144786306289,0.957869435226599,4,0
"enclave",1000,0.88055953297717,0.886824473376009,0.861866486980796,0.879610466701962,0.883346067767243,2,-0.0072140066740467
"enclave",1000,0.903633065503797,0.897424198619493,0.896395745244721,0.90634599400094,0.902556426905023,4,0
"enclave",1000,0.887171279998714,0.878833727154362,0.880745065181399,0.884963069232129,0.887662551638778,5,-0.0026994824066483
"enclave",500,0.895439377085651,0.896959887815607,0.896959887815607,0.896959887815607,0.896966454805471,5,-6.56698986367665e-06
"enclave",500,0.948339270425252,0.954218145720225,0.954218145720225,0.954218145720225,0.954218145720225,2,0
"enclave",500,0.879965085789776,NA,NA,NA,NA,1,NA
"enclave",500,0.880892780764465,0.874385341759498,0.874385341759498,0.874385341759498,0.876099222793516,1,-0.00650743900496742
"enclave",500,0.711649537012402,0.778235817961489,0.846743223855482,0.76221222030238,0.737363596112972,3,-0.0845310035531023
"enclave",200,0.763470304224079,0.733462603254861,0.729832000237268,0.754146813404391,0.794405598696665,5,-0.0402587852922737
"enclave",200,0.858744364977592,0.838679973437981,0.838679973437981,0.82194041036895,0.834466354607015,1,-0.0368039546086424
"enclave",200,0.870902468429962,0.82847005445201,0.87900759352283,0.8644208142629,0.82409544745325,3,-0.0145867792599296
"enclave",200,0.812612621753247,0.788132609577922,0.774719967532468,0.86157619724026,0.837775466720779,4,0
"enclave",200,0.718131621798589,0.738825991606274,0.835125627581293,0.72372963175488,0.821775514892437,3,-0.111395995826414
"enclave",500,0.96862546264767,0.868702066401254,0.955128301286763,0.981259581719504,0.981700103305062,5,-0.00044052158555774
"enclave",500,0.905080305022772,NA,NA,NA,0.900395010103278,1,NA
"enclave",500,0.931589054734422,0.915266164543232,0.974867858703923,0.944225445597449,0.962586104320798,3,-0.030642413106474
"enclave",500,0.863897675918332,0.917099008542695,0.885073165163108,0.881341556590973,0.882314889083155,2,-0.035757451951722
"enclave",500,0.884989200863931,0.885218959019591,0.883909287257019,0.88768898488121,0.88768898488121,4,0
"enclave",500,0.934351792782437,0.932864270811182,0.917009012451833,0.926339411832991,0.957833683127001,5,-0.0314942712940106
"enclave",500,0.906901775866556,0.894436836735115,0.894436836735115,0.894436836735115,0.894215834500308,1,-0.0124649391314405
"enclave",500,0.889721341122392,0.864561518458191,0.905382125171968,0.908328536612249,0.875682767320245,4,0
"enclave",500,0.87241794359496,0.875483280716188,0.875483280716188,0.875487839968227,0.874851064433376,4,0
"enclave",500,0.9320270894132,0.852575596445236,0.80818020312938,0.778195639808082,0.86203648744456,1,-0.153831449605118
"enclave",500,0.89218285313072,0.891495273201434,0.891495273201434,0.891495273201434,0.891495273201434,1,-0.000687579929286142
"enclave",500,0.8870116156283,NA,NA,NA,NA,1,NA
"enclave",500,0.885107496792228,NA,NA,NA,NA,1,NA
"enclave",500,0.875886524822695,0.877912867274569,0.877912867274569,0.877912867274569,0.877912867274569,2,0
"enclave",500,0.886853634431584,NA,NA,NA,NA,1,NA
"enclave",300,0.772060094423919,0.722279603323169,0.722279603323169,0.722279603323169,0.722279603323169,1,-0.0497804911007499
"enclave",300,0.86889907069452,0.870333669850638,0.870333669850638,0.870333669850638,0.870333669850638,2,0
"enclave",300,0.768594421854371,0.756230879854927,0.756230879854927,0.756230879854927,0.756230879854927,1,-0.0123635419994438
"enclave",300,0.90969696969697,0.909831076724694,0.909831076724694,0.909831076724694,0.909831076724694,2,0
"enclave",300,0.75317807865893,NA,NA,NA,NA,1,NA
"enclave",300,0.780220970090459,0.816137375170667,0.827671584904571,0.810625497564255,0.83390480177865,5,-0.0232793042143951
"enclave",300,0.845032880279888,0.869844260966127,0.873646218589365,0.877111674666226,0.891227404685937,5,-0.0141157300197108
"enclave",300,0.840919806988108,0.855358958029711,0.855358958029711,0.884643960826097,0.874913250788908,4,0
"enclave",300,0.730069189660769,0.787812912467963,0.907087511558063,0.908889186977967,0.822465085178954,4,0
"enclave",300,0.89002386139641,NA,NA,NA,NA,1,NA
"enclave",1000,0.88973038973039,0.88988988988989,0.88988988988989,0.88988988988989,0.88988988988989,2,0
"enclave",1000,0.889195333718419,0.876435438192191,0.889201340259543,0.889233375145533,0.887084034513585,4,0
"enclave",1000,0.884397109927748,0.884397109927748,0.884397109927748,0.884397109927748,0.884397109927748,1,0
"enclave",1000,0.874740584935897,0.879553786057692,0.876411758814103,0.878304286858974,0.878318309294872,2,-0.00124949919871797
"enclave",1000,0.894209064421107,0.894252089203381,0.894252089203381,0.894252089203381,0.894252089203381,2,0
"enclave",300,0.750888001807637,0.791518666365394,0.792188998518742,0.809255604930833,0.826640556350581,5,-0.0173849514197484
"enclave",300,0.885382314402606,0.883745927816669,0.883745927816669,0.883745927816669,0.884754206420125,1,-0.00163638658593757
"enclave",300,0.736146216308619,0.838064305257976,0.865408928623349,0.950122769323009,0.932079839662963,4,0
"enclave",300,0.868279529329394,0.868048660508153,0.868048660508153,0.868048660508153,0.868048660508153,1,-0.000230868821241126
"enclave",300,0.808625523415315,0.816376482007348,0.816376482007348,0.816376482007348,0.816376482007348,2,0
"enclave",500,0.908743766622766,0.907318263731338,0.907318263731338,0.907318263731338,0.907318263731338,1,-0.0014255028914274
"enclave",500,0.912119464225265,0.912119464225265,0.912119464225265,0.912119464225265,0.912119464225265,1,0
"enclave",500,0.908052513397553,NA,NA,NA,NA,1,NA
"enclave",500,0.918062512563639,NA,NA,NA,NA,1,NA
"enclave",500,0.878370917541774,0.878027272802325,0.878027272802325,0.878027272802325,0.878027272802325,1,-0.000343644739449145
"enclave",500,0.86998679290126,0.958589176998188,0.957434433323205,0.967367836252032,0.934577227431856,4,0
"enclave",500,0.86369756250025,0.910072868540105,0.978238612913179,0.871258900700836,0.884042951766917,3,-0.106979712212343
"enclave",500,0.815786572538738,0.868514047530996,0.887152219252328,0.893542836125,0.905541340821876,5,-0.0119985046968755
"enclave",500,0.734049249470781,0.862433546892039,0.884679301109757,0.887908741740971,0.884880264128552,4,0
"enclave",500,0.971250782835241,0.908410531325935,0.980996016934292,0.883903905408452,0.896884190485734,3,-0.0970921115258399
"enclave",500,0.891416228606694,0.866093406709005,0.978043402250762,0.882425104017328,0.876290761618232,3,-0.0956182982334337
"enclave",500,0.960816858278984,0.998590570491002,0.994786863215742,0.969789642019925,0.977310938675046,2,-0.028800928471077
"enclave",500,0.87702157277662,0.879342656335628,0.879342656335628,0.879342656335628,0.879342656335628,2,0
"enclave",500,0.874271344209789,0.875732158943049,0.875732158943049,0.875732158943049,0.875732158943049,2,0
"enclave",500,0.884020982063816,NA,NA,NA,NA,1,NA
"enclave",300,0.603152399183027,NA,NA,NA,NA,1,NA
"enclave",300,0.879885331389481,0.780098007017094,0.780098007017094,0.780098007017094,0.780098007017094,1,-0.0997873243723866
"enclave",300,0.770677244380798,0.789437419747111,0.789437419747111,0.789437419747111,0.789437419747111,2,0
"enclave",300,0.910119852266692,NA,NA,NA,NA,1,NA
"enclave",300,0.949052419861722,NA,NA,NA,NA,1,NA
"enclave",500,0.871025898256562,0.888358751769171,0.938484604188111,0.947257080706382,0.921691046384457,4,0
"enclave",500,0.849142471830077,0.902504504486479,0.882920868102833,0.889011053874759,0.895765532599877,2,-0.0134934506117198
"enclave",500,0.836397886644364,0.842914669647452,0.826990116765311,0.844862768592383,0.834392490671642,4,0
"enclave",500,0.809989053694928,0.863643458632172,0.913933425653176,0.884048211769979,0.894129518602715,3,-0.0298852138831968
"enclave",500,0.731444496658312,0.797499558190348,0.853816231283337,0.871651785714286,0.805385860484545,4,0
"enclave",1000,0.9025665756633,0.89335210883508,0.893834363178628,0.897704429220402,0.893203722883219,1,-0.00486214644289795
"enclave",1000,0.894413870477111,0.918511047233855,0.896851711301094,0.901084220056367,0.900413475449645,2,-0.0174268271774887
"enclave",1000,0.885303915497941,0.884568101035769,0.884568101035769,0.884568101035769,0.884600267788214,1,-0.000735814462171858
"enclave",1000,0.88474440038044,0.884838608486146,0.884838608486146,0.884838608486146,0.884838608486146,2,0
"enclave",1000,0.880542443724422,0.88146002119955,0.88146002119955,0.88146002119955,0.881078449364264,2,0
"enclave",500,0.890551925171375,0.899524613203921,0.888282100871292,0.890994878755846,0.893687636139407,2,-0.00852973444807492
"enclave",500,0.88448594859486,0.884040904090409,0.884521452145214,0.896325132513251,0.877819781978198,4,0
"enclave",500,0.892004028036252,NA,NA,NA,NA,1,NA
"enclave",500,0.884812156994512,0.885261664186627,0.885261664186627,0.885261664186627,0.885804672874766,5,-0.000543008688138946
"enclave",500,0.887143685847339,NA,NA,NA,NA,1,NA
"enclave",200,0.577941331195671,0.625568776772965,0.672296901224981,0.7366171497282,0.757955359603196,5,-0.0213382098749969
"enclave",200,0.586526884430151,0.570622129954079,0.570622129954079,0.570622129954079,0.570622129954079,1,-0.0159047544760716
"enclave",200,0.873484793715057,0.746153745742562,0.707919638840691,0.626091972720262,0.644960257213547,1,-0.247392820994795
"enclave",200,0.763079029839624,0.811904140296546,0.876652352529881,0.707209883656377,0.840925527477441,3,-0.169442468873504
"enclave",200,0.601948417535758,0.660779447015023,0.752912276210486,0.63530571775146,0.700467804210238,3,-0.117606558459026
"enclave",500,0.918489395587163,0.895783182830912,0.886628297713748,0.877705581419977,0.833505423382252,1,-0.040783814167186
"enclave",500,0.901010416666667,0.905607291666667,0.898646875,0.901106770833333,0.905669270833333,5,-0.00456250000000002
"enclave",500,0.913702440849077,0.963743340896759,0.925384645423305,0.910094398954274,0.924348784919186,2,-0.0536489419424852
"enclave",500,0.905875549894962,0.912779104043734,0.914464734047948,0.915276701602708,0.910476002254478,4,0
"enclave",500,0.912379492033056,0.929212196451033,0.937908436479549,0.920717741968526,0.922500522388977,3,-0.0171906945110235
"enclave",200,0.91140606847849,0.901212150779929,0.907250544024572,0.859796660334536,0.866828578136768,1,-0.0516094081439539
"enclave",200,0.875555166324553,0.878289514116794,0.878289514116794,0.878289514116794,0.878289514116794,2,0
"enclave",200,0.856156776202738,NA,NA,NA,NA,1,NA
"enclave",200,0.881168799242843,0.854915168127307,0.854915168127307,0.766976617459674,0.75688068226049,1,-0.11419218178317
"enclave",200,0.796357943089789,0.84225586760476,0.810039207815759,0.815567110489448,0.806838789216776,2,-0.0266887571153123
"enclave",1000,0.876780489566903,0.890281908339655,0.888012273287339,0.891082100185022,0.891231603112872,5,-0.000149502927849321
"enclave",1000,0.902931789148255,0.904085622980165,0.988536748481244,0.991960205998134,0.889901726395713,4,0
"enclave",1000,0.894059495192308,0.875746694711538,0.894918369391026,0.892959735576923,0.896271534455128,5,-0.0033117988782051
"enclave",1000,0.88798240215415,0.893847179455258,0.893955107822949,0.893540964086459,0.893496788754567,3,-0.00041414373649018
"enclave",1000,0.901752819193219,0.906508236837458,0.899455082116098,0.89805191856505,0.895060420293146,2,-0.00845631827240845
"enclave",500,0.901005131714677,0.885003666939811,0.917398303702659,0.903430914954011,0.88698171332635,3,-0.0139673887486481
"enclave",500,0.869288556033209,0.871308321091574,0.884506389246879,0.867448537047218,0.879522566393393,3,-0.0170578521996613
"enclave",500,0.947265664070158,0.884008765718081,0.889350812759301,0.886274709843129,0.892479926065509,1,-0.0609909542270285
"enclave",500,0.88477585193067,0.881235724486081,0.888037469348897,0.883874819493502,0.879809673148233,3,-0.00416264985539483
"enclave",500,0.869773426921575,0.866929845956805,0.901891939908399,0.938776688056257,0.93913652701703,5,-0.000359838960772962
"enclave",500,0.865680800885595,0.865680800885595,0.865680800885595,0.865680800885595,0.865680800885595,1,0
"enclave",500,0.878360976176385,0.876046808080262,0.876046808080262,0.873848298320401,0.87625859802069,1,-0.00451267785598475
"enclave",500,0.820997731199218,0.860652139928088,0.8828405906899,0.906252129506035,0.888618316357412,4,0
"enclave",500,0.872691872691873,0.870932370932371,0.870932370932371,0.870932370932371,0.868543368543369,1,-0.00175950175950168
"enclave",500,0.894740844811092,0.882558609620103,0.882558609620103,0.882558609620103,0.882558609620103,1,-0.012182235190989
"enclave",200,0.845191827684317,NA,NA,NA,NA,1,NA
"enclave",200,0.869703132025195,0.791381362119531,0.751934571073831,0.752033568314283,0.785178050661838,1,-0.117669563710912
"enclave",200,0.786494867593835,0.85540136816467,0.767257159969787,0.816076599232822,0.743524828008434,2,-0.0393247689318483
"enclave",200,0.852476107999214,0.865149412015199,0.865149412015199,0.865149412015199,0.865149412015199,2,0
"enclave",200,0.702749077129406,0.739891719265909,0.699483336786689,0.673591932961608,0.684337538180195,2,-0.0662997863043013
"enclave",200,0.900388834365244,0.903055949337437,0.89758339088607,0.860022657603625,0.860998025032411,2,-0.0430332917338115
"enclave",200,0.733429096435924,0.886991162184766,0.78082680616315,0.798971870174987,0.737247893077715,2,-0.0880192920097786
"enclave",200,0.662508110511222,0.657852076290873,0.673225500248322,0.590778148480431,0.543203491725276,3,-0.0824473517678912
"enclave",200,0.724969998242575,0.616704576837137,0.67138861690643,0.693128467776355,0.751281665034772,5,-0.0581531972584168
"enclave",200,0.786322907538952,0.705837421043704,0.673488049030442,0.778915343995005,0.766238172238901,1,-0.007407563543947
"enclave",200,0.86356044839632,0.902483101131192,0.962859991659324,0.96055180469618,0.932019993619483,3,-0.00230818696314405
"enclave",200,0.872295826932924,0.864861851158474,0.873878928251408,0.872014308915771,0.87124275953661,3,-0.00186461933563753
"enclave",200,0.883574722582505,0.826105166450497,0.898175669725064,0.799171050103281,0.772937482986662,3,-0.0990046196217835
"enclave",200,0.85459850270123,0.825466102374196,0.858361287452508,0.807540899180814,0.784888043251735,3,-0.050820388271694
"enclave",200,0.814637758551034,0.777774111096444,0.777774111096444,0.776949107796431,0.779628118512474,1,-0.0376886507546029
"enclave",1000,0.875575039454896,0.880199904807235,0.880199904807235,0.880199904807235,0.880199904807235,2,0
"enclave",1000,0.881258027600943,0.891314785990661,0.891452830717152,0.891380807381592,0.889866316686606,3,-7.2023335560667e-05
"enclave",1000,0.840159137022319,0.840159137022319,0.840170142348897,0.840158136538084,0.840170142348897,3,-1.20058108123988e-05
"enclave",1000,0.888581376260159,0.888637500238026,0.888637500238026,0.888637500238026,0.888637500238026,2,0
"enclave",1000,0.87743975525966,0.882223225256401,0.868619072694902,0.860219664485067,0.8602738283307,2,-0.0220035607713333
"enclave",300,0.862063010089326,0.888232199087462,0.944516238512949,0.949550358267463,0.922379064648801,4,0
"enclave",300,0.829005825356047,0.760457012213223,0.831880767872291,0.852700201960435,0.879378702482191,5,-0.0266785005217564
"enclave",300,0.866034184301107,0.863317391879275,0.863317391879275,0.863317391879275,0.863317391879275,1,-0.00271679242183209
"enclave",300,0.896745225026234,0.936369029219548,0.902462288886288,0.923037716615698,0.929948711484846,2,-0.01333131260385
"enclave",300,0.81554508045201,0.958873832601951,0.978194672164087,0.986295630997734,0.962420231148832,4,0
"enclave",200,0.872706688458134,0.832039464987442,0.884925832902712,0.778179691474489,0.759325465972865,3,-0.106746141428222
"enclave",200,0.774823671478236,NA,NA,0.741202598567744,NA,1,-0.033621072910492
"enclave",200,0.827168840957205,0.756421353222541,0.792334177388655,0.800120109105822,0.794015402582144,1,-0.0270487318513831
"enclave",200,0.870821372442107,0.846325934954134,0.830892376034383,0.763064600840336,0.86252325357624,1,-0.107756771601771
"enclave",200,0.691972805343511,0.756322066040157,0.557413280197575,0.765139882288793,0.543104312335621,4,0
"enclave",200,0.741973839471768,0.709125053350405,0.762955989053752,0.733888679671613,0.741391378574477,3,-0.0290673093821395
"enclave",200,0.854960587416068,0.859168241965974,0.854254211166364,0.860120445177577,0.849494700171377,4,0
"enclave",200,0.694146933855537,0.843410482517791,0.801491023623309,0.798834953205906,0.810518459338996,2,-0.0445755293118846
"enclave",200,0.856618957775027,0.867369481531331,0.884775615989489,0.866774121831925,0.857481202856925,3,-0.0180014941575636
"enclave",200,0.804870672302738,0.764191324476651,0.769090680354267,0.824945652173913,0.843439512882448,5,-0.0184938607085346
"enclave",200,0.696805920148004,0.868679216980424,0.789330233255831,0.827773694342359,0.833259331483287,2,-0.0409055226380659
"enclave",200,0.841495395223643,0.842738328425521,0.842738328425521,0.842738328425521,0.842738328425521,2,0
"enclave",200,0.846361139873953,0.784937796789765,0.784937796789765,0.784937796789765,0.869715393772534,5,-0.0847775969827694
"enclave",200,0.641499360424874,0.650263092258086,0.674736732447244,0.649865924619285,0.764027329941632,5,-0.114161405322347
"enclave",200,0.719612676338249,0.716237530223695,0.813075951546012,0.828942891226722,0.817074586475797,4,0
"enclave",1000,0.887772944644875,NA,NA,NA,NA,1,NA
"enclave",1000,0.892232342567857,NA,NA,NA,NA,1,NA
"enclave",1000,0.880927291886196,0.880927291886196,0.880927291886196,0.880927291886196,0.880927291886196,1,0
"enclave",1000,0.888888888888889,0.888888888888889,0.888888888888889,0.888888888888889,0.888888888888889,1,0
"enclave",1000,0.900569518684315,0.902349767325876,0.902349767325876,0.902349767325876,0.902329657202843,2,0
"enclave",500,0.784566126978352,0.735091868291796,0.735091868291796,0.735091868291796,0.718999454247772,1,-0.0494742586865563
"enclave",500,0.797702503443411,NA,NA,NA,NA,1,NA
"enclave",500,0.901910695890311,0.902304753401352,0.902304753401352,0.902304753401352,0.902304753401352,2,0
"enclave",500,0.908778889781342,0.900540663801993,0.900540663801993,0.900540663801993,0.900540663801993,1,-0.00823822597934865
"enclave",500,0.921553368992291,0.922924670195653,0.922924670195653,0.922924670195653,0.922924670195653,2,0
"enclave",1000,0.867382562043876,NA,NA,NA,NA,1,NA
"enclave",1000,0.889185884906839,0.889200904372066,0.889248966660792,0.896148908986046,0.889471755394992,4,0
"enclave",1000,0.860923741053246,0.893169061135983,0.893169061135983,0.893169061135983,0.893169061135983,2,0
"enclave",1000,0.896132065188587,0.896443567992112,0.896443567992112,0.896443567992112,0.896443567992112,2,0
"enclave",1000,0.985417941671767,0.984040936163745,0.984040936163745,0.981839427357709,0.983840935363742,1,-0.0035785143140572
"enclave",300,0.711148616463646,0.749559011262637,0.716859658781517,0.722451867295232,NA,2,-0.0271071439674045
"enclave",300,0.723710235329181,0.744817208703497,0.708813379373599,0.754758815436535,0.655007581390821,4,0
"enclave",300,0.770714808426376,0.828545285816254,0.744062784372181,0.856286996539231,0.877019073771337,5,-0.0207320772321058
"enclave",300,0.89091663085647,0.88620871685303,0.881588951026676,0.876322598287722,0.878710612539679,1,-0.0145940325687481
"enclave",300,0.703676244733464,0.819769658149161,0.818321892281017,0.926343035465761,0.847669917386297,4,0
"enclave",500,0.915201450760861,0.913915344294592,0.913915344294592,0.913915344294592,0.914700217388856,1,-0.00128610646626892
"enclave",500,0.979844589448131,0.978445975944051,0.978445975944051,0.978445975944051,0.978445975944051,1,-0.00139861350407933
"enclave",500,0.912438728676764,0.911418007319418,0.911418007319418,0.911418007319418,0.911200301015929,1,-0.00102072135734532
"enclave",500,0.90053602486243,0.913648981104716,0.913648981104716,0.913648981104716,0.913648981104716,2,0
"enclave",500,0.912395621256381,0.91625230582018,0.91625230582018,0.91625230582018,0.91625230582018,2,0
"enclave",200,0.73506011554104,0.872818355365198,NA,0.752171269541426,NA,2,-0.120647085823772
"enclave",200,0.514438186778804,0.666467923205927,0.676565793096543,0.627440114139821,0.719071362418963,5,-0.0916312482791419
"enclave",200,0.861645861645862,0.858209358209358,NA,0.862811862811863,NA,4,0
"enclave",200,0.757551349577357,0.870785072201588,NA,NA,0.703199042648566,2,NA
"enclave",200,0.669275490381716,0.649206883527643,0.584261800068326,0.533491425646019,0.657673538372451,1,-0.135784064735696
"enclave",200,0.557212491242118,0.710755680112101,0.686457812030828,0.78626213592233,0.695971374236813,4,0
"enclave",200,0.761696226662306,0.719932168536483,0.719932168536483,0.719932168536483,0.727372425939984,1,-0.0417640581258233
"enclave",200,0.589080779441787,0.587436146447503,0.587436146447503,0.587436146447503,0.587436146447503,1,-0.00164463299428441
"enclave",200,0.593565593565594,NA,NA,NA,NA,1,NA
"enclave",200,0.719491461671556,0.841693623210211,0.844854685423406,0.840786378795857,0.71432583565285,3,-0.00406830662754831
"enclave",1000,0.904557613200127,NA,NA,NA,NA,1,NA
"enclave",1000,0.906242520860461,0.907119228132517,0.907119228132517,0.907451859694385,0.866688267435776,4,0
"enclave",1000,0.888758518970603,0.911731258264673,0.919050452649781,0.892060827993083,0.925878344013834,5,-0.0338175160207508
"enclave",1000,0.908682238962423,0.911337285556896,0.911356830649998,0.911395920836201,0.911383576566874,4,0
"enclave",1000,0.916820304723199,0.916978832433122,0.917428680545047,0.915731198768013,0.916085827313913,3,-0.00169748177703388
"enclave",500,0.874873338394796,0.875368981635693,0.963483946860643,0.885185818701605,0.889438547740297,3,-0.078298128159038
"enclave",500,0.877697007153351,0.874021327045025,0.86356081447991,0.858520567507808,0.863079790909755,1,-0.0191764396455426
"enclave",500,0.845140917661848,0.89527793840352,0.885472784412319,0.885091137649277,0.886939534883721,2,-0.0101868007542426
"enclave",500,0.866798871337253,0.869913407776478,0.882926272449094,0.864483871096942,0.875915686730002,3,-0.0184424013521524
"enclave",500,0.918571053191105,0.877627662263159,0.875755202169526,0.930525412101688,0.84825049845349,4,0
"enclave",300,0.885735233979088,0.886593711912246,0.882600511578677,0.890108309545192,0.919824275129899,5,-0.0297159655847071
"enclave",300,0.893582430864242,0.903125112934119,0.897776553070001,0.901457201482499,0.881959251362236,2,-0.00166791145162004
"enclave",300,0.888348370927318,0.888334335839599,0.89508671679198,0.89850977443609,0.89153634085213,4,0
"enclave",300,0.882225243289943,0.8899406453628,0.890277512210798,0.891390724498979,0.888223275146635,4,0
"enclave",300,0.866981662492446,0.889591607861767,0.880308100594213,0.888737220520129,0.881647559458845,2,-0.000854387341637675
"enclave",500,0.878949599878119,0.989028221021233,0.879895779876836,0.880041615882994,0.880025578933864,2,-0.108986605138238
"enclave",500,0.897731097656266,0.897730095889148,NA,NA,NA,1,NA
"enclave",500,0.888881497605224,0.886992385532913,0.890616059603311,0.889275625302598,0.888981530015725,3,-0.0013404343007134
"enclave",500,0.89123902115119,NA,NA,0.891019019171173,NA,1,-0.000220001980017814
"enclave",500,0.886319129954714,0.884542874173881,NA,NA,0.884811412843449,1,NA
"enclave",500,0.815970555528888,0.809083945343125,0.887595201523224,0.857938227011632,0.892043772700363,5,-0.034105545688731
"enclave",500,0.878230878230878,0.884788884788885,0.985497485497486,0.949158949158949,0.888395388395388,3,-0.0363385363385363
"enclave",500,0.850432692307692,0.908850661057692,0.841934094551282,0.843849659455128,0.873985877403846,2,-0.0650010016025641
"enclave",500,0.850340821177612,0.871185428366423,0.930844667316041,0.882467801868754,0.874069531127867,3,-0.0483768654472865
"enclave",500,0.828220343391259,0.9788056330251,0.937446732741408,0.893273920750323,0.894174212444832,2,-0.0855317122747771
"enclave",300,0.852117711771177,0.830841584158416,0.847163216321632,0.796751175117512,0.842643764376438,1,-0.0553665366536654
"enclave",300,0.782286429018136,0.941747091932458,0.918927329580988,0.822507567229518,0.920267166979362,2,-0.119239524702939
"enclave",300,0.89271023811715,NA,NA,0.868105766268271,NA,1,-0.024604471848879
"enclave",300,0.848007351052902,0.944330921770673,0.8296166779019,0.856655471558808,0.643177003081664,2,-0.0876754502118644
"enclave",300,0.859155718423453,0.972784080907651,0.956571746331472,0.93842013249908,0.864034921028628,2,-0.0343639484085708
"enclave",300,0.705080830713262,0.831530402868627,0.840932544701834,0.762972867703452,0.814661057103506,3,-0.0779596769983818
"enclave",300,0.875474282459771,0.901783923729765,0.896946844266898,0.892817679004027,0.904305742728337,5,-0.0114880637243105
"enclave",300,0.887157502721568,0.886007840516137,0.897940713851178,0.901612828989498,0.8712893626729,4,0
"enclave",300,0.846642164216422,0.81465896589659,0.850557555755576,0.786764176417642,0.864208420842084,5,-0.0774442444244424
"enclave",300,0.924485308273572,0.912938585936372,0.950863133914104,0.945883669442172,0.915047789222056,3,-0.00497946447193209
"enclave",500,0.858626139720271,0.860372317797403,0.860372317797403,0.856718806773309,0.852065835267692,2,-0.00365351102409417
"enclave",500,0.870065026127733,0.870300090517332,0.870300090517332,0.870300090517332,0.870300090517332,2,0
"enclave",500,0.882025766103815,0.881158223889931,0.881158223889931,0.881158223889931,0.885105691056911,5,-0.00394746716697936
"enclave",500,0.876045922059959,0.876306271712558,0.876306271712558,0.876306271712558,0.876306271712558,2,0
"enclave",500,0.966833082706767,0.959183959899749,0.959183959899749,0.959183959899749,0.959183959899749,1,-0.00764912280701757
"enclave",1000,0.903253802417989,0.905000608065257,0.903011581381745,NA,0.902981931918803,2,NA
"enclave",1000,0.887851138262322,NA,NA,NA,0.887832060118244,1,NA
"enclave",1000,0.891751710950081,NA,0.893403784219002,NA,0.892412942834139,3,NA
"enclave",1000,0.894468599033816,NA,NA,NA,NA,1,NA
"enclave",1000,0.897889743777533,0.890573473214474,0.889500988712326,NA,NA,1,NA
"enclave",1000,0.902329828552094,0.904082219171632,0.904955102315357,0.902798627438391,0.904103111295913,3,-0.0021564748769658
"enclave",1000,0.908006655764631,NA,NA,NA,NA,1,NA
"enclave",1000,0.962267420760972,0.960792838822536,0.960981940066629,0.976589673746835,0.962386182458744,4,0
"enclave",1000,0.903687930771428,0.947438589952191,0.942200982806518,0.945903658747623,0.945218110754656,2,-0.00153493120456782
"enclave",1000,0.920101191640584,0.93720504450313,0.935674739990871,0.936398119620501,0.935753700443401,2,-0.000806924882629123
"enclave",300,0.875195967802603,0.876446751423055,0.875696983374708,0.883921863637503,0.883610421525113,4,0
"enclave",300,0.850286090602196,0.851590187347559,0.843482368672053,0.893897267602053,0.901450119550542,5,-0.00755285194848865
"enclave",300,0.952844917515952,0.952306726581904,0.911308648979801,0.872107223729492,0.788296308814964,1,-0.08073769378646
"enclave",300,0.867613460851844,0.877203425187848,0.850438879773419,0.87337225349118,0.85970189071332,2,-0.00383117169666747
"enclave",300,0.907991587802313,0.909458610122905,0.907991587802313,0.909476653444921,NA,4,0
"enclave",500,0.863055135226017,0.869165926086051,0.882608465036589,0.871693908023891,0.853321003666875,3,-0.0109145570126981
"enclave",500,0.856969555851903,0.878229455517151,0.873594743966962,0.876954859441637,0.872277308561113,2,-0.00127459607551417
"enclave",500,0.877004377004377,0.883204383204383,0.877973377973378,0.877770377770378,0.877042377042377,2,-0.00543400543400541
"enclave",500,0.873201852313739,0.882180946170513,0.876359159747536,0.882247558145242,0.882157907442411,4,0
"enclave",500,0.888247102700809,0.885846161547896,0.887046632124352,0.887046632124352,0.885846161547896,1,-0.00120047057645623
"enclave",1000,0.894819851465275,NA,0.894869028502609,0.892758430349257,NA,3,-0.00211059815335213
"enclave",1000,0.885482190522229,0.913906095025917,0.933756289039082,0.940277773607604,0.884669507055434,4,0
"enclave",1000,0.865318349578783,NA,NA,NA,0.868202581806903,5,NA
"enclave",1000,0.877062116699492,0.90337624697763,0.903964708331332,0.90282681622392,0.902863344862372,3,-0.00113789210741222
"enclave",1000,0.89739583958636,0.897440861376906,0.896890595048003,0.897265276393775,0.878461175208801,2,-0.000175584983131749
"enclave",300,0.911966101247013,0.916082494554672,0.901502331098284,0.911139773405253,0.902681855649775,2,-0.00494272114941896
"enclave",300,0.873849207812481,0.883292156790442,0.809589217891515,0.917729369732578,0.904059167209541,4,0
"enclave",300,0.937729768380194,0.945290227023162,0.945340279373835,0.94774177072959,0.918744605327,4,0
"enclave",300,0.890292451858717,0.892923488827103,0.890482442590876,0.873210277005458,0.871397899289466,2,-0.0197132118216455
"enclave",300,0.893303985171455,0.912763876016888,0.90526155905674,0.864355885078777,0.872337555349604,2,-0.0484079909381113
"enclave",500,0.804753791122878,0.849090320829314,0.933606893187448,0.87705182411634,0.884201843298585,3,-0.0565550690711085
"enclave",500,0.887207439467821,0.883978323219636,0.883978323219636,0.883978323219636,0.887664455920413,5,-0.00368613270077722
"enclave",500,0.938424145432722,NA,NA,NA,NA,1,NA
"enclave",500,0.882525753376376,0.885487091270286,0.885487091270286,0.885487091270286,0.885735913744212,5,-0.000248822473926213
"enclave",500,0.88147622533874,NA,NA,NA,NA,1,NA
"enclave",500,0.886739751344086,0.890395985343062,0.879318276369688,0.876980626760113,0.879266773073477,2,-0.0134153585829493
"enclave",500,0.856738488213665,0.857736575130317,0.857736575130317,0.857736575130317,0.85810898067996,5,-0.000372405549643573
"enclave",500,0.886791196000477,NA,NA,NA,NA,1,NA
"enclave",500,0.843505804321747,0.856671387094091,0.843967323818315,0.835543214961851,0.854341740905661,2,-0.0211281721322402
"enclave",500,0.879185856217414,0.878794729492355,0.878794729492355,0.879548973867533,0.879109831585434,4,0
"enclave",500,0.853190275874664,0.879701852530152,0.879680426560448,0.878691771101264,0.867137561867487,2,-0.0010100814288877
"enclave",500,0.912966488641025,NA,NA,NA,NA,1,NA
"enclave",500,0.868749387294948,0.837587208352395,0.837587208352395,0.821430176132279,0.861998909385008,1,-0.047319211162669
"enclave",500,0.892370376122803,0.863760192591442,0.887095337941032,0.890105873521265,0.869205042582382,1,-0.00226450260153754
"enclave",500,0.836850303627712,0.853612703280477,0.857159083072704,0.857927786499215,0.825862813819624,4,0
"enclave",1000,0.885427666314678,0.885427666314678,0.885427666314678,0.891747418498562,0.888564477617628,4,0
"enclave",1000,0.878346918537152,0.878950089493034,NA,0.880948565692725,0.878037522574819,4,0
"enclave",1000,0.899366322713464,NA,NA,NA,NA,1,NA
"enclave",1000,0.887963646406066,0.888687203434511,0.888924706886596,0.887934523361201,0.887991263086541,3,-0.000990183525394817
"enclave",1000,0.896696667789703,0.897113795703583,0.896965895782195,0.894951950072997,0.897277739006273,5,-0.00232578893327551
"enclave",300,0.861462850741677,NA,NA,0.822453906464798,0.850737077507868,1,-0.0390089442768792
"enclave",300,0.749800083695531,0.867489154799441,0.811558684239966,0.893808705992517,0.847843493501166,4,0
"enclave",300,0.832637326843419,0.823330608716316,0.816529821240541,0.83356021403608,0.84127723080579,5,-0.00771701676971037
"enclave",300,0.883152210085901,0.900735824925685,0.780893946391069,0.891779158317044,0.895274992294625,2,-0.00895666660864169
"enclave",300,0.897673350054595,0.926793826027247,0.862656429243174,0.864788543582218,0.839405791450871,2,-0.0620052824450291
"enclave",500,0.885085628531073,0.877518899268105,0.877518899268105,0.877518899268105,0.877518899268105,1,-0.00756672926296864
"enclave",500,0.898946867406498,0.900090182619805,0.897748941606754,0.899398782534633,0.899679350685137,2,-0.000691400085172433
"enclave",500,0.87816885196677,0.878569212291062,0.878569212291062,0.878569212291062,0.878569212291062,2,0
"enclave",500,0.865903313782046,0.862306434199713,0.862306434199713,0.862306434199713,0.862306434199713,1,-0.0035968795823329
"enclave",500,0.896784606145531,0.896516364728255,0.896516364728255,0.896516364728255,0.897203983585227,5,-0.000687618856971217
"enclave",300,0.903341503614548,0.90305904433576,0.90305904433576,0.908388523255297,0.922732384835765,5,-0.0143438615804683
"enclave",300,0.828606991547021,NA,NA,NA,NA,1,NA
"enclave",300,0.914739393939394,0.91193500967118,0.91472392005158,0.939907672469375,0.911897872340426,4,0
"enclave",300,0.816715584670237,NA,NA,NA,NA,1,NA
"enclave",300,0.853640747904578,0.853640747904578,0.853640747904578,0.853640747904578,0.853640747904578,1,0
"enclave",300,0.872954937249516,0.761167021763585,0.753253719502484,0.778382961758716,0.74730271586537,1,-0.0945719754908001
"enclave",300,0.905631430511307,0.93383930400826,0.93383930400826,0.93383930400826,0.863317611515763,2,0
"enclave",300,0.850891755715407,0.788070839808392,0.822605096204681,0.867586391963985,0.793817287204217,4,0
"enclave",300,0.724854831032842,NA,NA,NA,NA,1,NA
"enclave",300,0.843241623137152,0.826814180848217,0.826814180848217,0.826814180848217,0.818143362212673,1,-0.0164274422889358
"enclave",500,0.876276305426656,0.8768011880661,0.876716626420661,0.876359365977798,0.877141936471688,5,-0.000782570493889967
"enclave",500,0.825842038846319,NA,NA,NA,NA,1,NA
"enclave",500,0.88110422594075,NA,NA,NA,NA,1,NA
"enclave",500,0.890450803700921,0.871467110734359,0.871467110734359,0.871467110734359,0.871554993551912,1,-0.0189836929665623
"enclave",500,0.886844285243494,0.885503030594429,0.886340438276743,0.887854984228488,0.894323357564065,5,-0.00646837333557715
"enclave",1000,0.909669221562985,0.909897379745868,0.909897379745868,0.909897379745868,0.910330269155356,5,-0.000432889409487935
"enclave",1000,0.902984749455338,0.906288515406163,0.906288515406163,0.906288515406163,0.906288515406163,2,0
"enclave",1000,0.909043671752739,0.907754323976265,0.907754323976265,0.907754323976265,0.904045220396453,1,-0.00128934777647371
"enclave",1000,0.906997947535169,0.907039579681847,0.907039579681847,0.907008355571838,0.907112956340368,5,-0.000104600768529473
"enclave",1000,0.922558659505024,0.922482588471126,0.922482588471126,0.922482588471126,0.922264655238878,1,-7.60710338978399e-05
"enclave",500,0.884575390989706,0.902088283732504,0.92147698540225,0.933803729779331,0.984622373867502,5,-0.0508186440881715
"enclave",500,0.970505155454392,0.912996890011301,0.983687323517901,0.909345380911056,0.983790923077077,5,-0.0744455421660215
"enclave",500,0.963802891263356,0.893970081709617,0.889163544940289,0.8969025769956,0.896693400377121,1,-0.0669003142677561
"enclave",500,0.861417396946443,0.875592267578782,0.957238581201237,0.967632051138275,0.931063157852577,4,0
"enclave",500,0.890251525152515,0.893444344434443,0.888892389238924,0.932727272727273,0.88509600960096,4,0
"enclave",200,0.9121171784339,NA,NA,NA,NA,1,NA
"enclave",200,0.830259077011849,NA,NA,NA,NA,1,NA
"enclave",200,0.889860458502077,0.863025208400931,0.858698961300117,0.868078004638698,0.88282479900977,1,-0.0217824538633786
"enclave",200,0.842364047398199,0.812343648986705,0.711394600845651,0.84831492256233,0.795538048257502,4,0
"enclave",200,0.876500717931392,0.858545394580724,0.858545394580724,0.858545394580724,0.850436992973523,1,-0.0179553233506682
"enclave",200,0.869191624175013,0.888071000612529,0.888071000612529,0.888071000612529,0.888071000612529,2,0
"enclave",200,0.913333964498005,0.874245529165407,0.874245529165407,0.874245529165407,0.874245529165407,1,-0.0390884353325983
"enclave",200,0.824383566937405,NA,NA,NA,NA,1,NA
"enclave",200,0.92742555116305,0.905139954312435,0.905139954312435,0.905139954312435,0.905139954312435,1,-0.0222855968506148
"enclave",200,0.866642739898279,0.911184415994004,0.911184415994004,0.911184415994004,0.882232684921323,2,0
"enclave",300,0.863176944410274,0.848658187640705,0.846827966183908,0.774631730439383,0.818632554539099,1,-0.0885452139708904
"enclave",300,0.886177098240064,0.894598679420552,0.781215636062363,0.891647711581432,0.82008837337752,2,-0.0029509678391203
"enclave",300,0.684348806332824,0.91636063027631,0.86326410982239,0.895487361907863,0.903582254064481,2,-0.0208732683684462
"enclave",300,0.846474084104416,0.821453898041576,0.964572832819278,0.805973570049399,0.9135344416861,3,-0.158599262769879
"enclave",300,0.78030780172193,0.75578270857881,0.748462849732449,0.767239638738296,0.825170188978324,5,-0.0579305502400275
"enclave",1000,0.888875174482373,NA,0.888979537770981,0.889129559998354,0.889086911539067,4,0
"enclave",1000,0.896857816733195,0.897690929639783,0.970370637554305,0.896944484522035,0.893797892720307,3,-0.0734261530322704
"enclave",1000,0.880231199378119,0.882076782266356,0.874739085734346,0.873463727776524,0.882081797437248,5,-0.00861806966072365
"enclave",1000,0.881857342646142,0.911712354754327,0.911728872742417,0.911522147618757,0.91145457403112,3,-0.000206725123659712
"enclave",1000,0.881176142179213,0.88331127166271,0.881006052201615,0.881045072843534,0.881975064809284,2,-0.00226619881917534
"enclave",300,0.870016014412972,NA,NA,NA,NA,1,NA
"enclave",300,0.926006185436873,NA,NA,NA,NA,1,NA
"enclave",300,0.87900250759512,0.860234223047371,0.850406278632396,0.824904860072977,0.864085029174905,1,-0.0540976475221424
"enclave",300,0.932144862155388,NA,NA,NA,NA,1,NA
"enclave",300,0.896284180001285,0.903768335100572,0.903768335100572,0.903768335100572,0.906013531424716,5,-0.00224519632414366
"enclave",500,0.875697887086682,0.879143704577177,0.879143704577177,0.879143704577177,0.879143704577177,2,0
"enclave",500,0.955995285065314,0.966773500939665,0.966773500939665,0.965917383956136,0.967469064532397,5,-0.00155168057626076
"enclave",500,0.910358299377382,0.905688916234614,0.905688916234614,0.905688916234614,0.895175389651453,1,-0.00466938314276788
"enclave",500,0.886757625123083,0.88672199253422,0.88672199253422,0.88672199253422,0.886686861812805,1,-3.56325888631881e-05
"enclave",500,0.90031807075919,0.877384023725708,0.877384023725708,0.877384023725708,0.877384023725708,1,-0.0229340470334828
"enclave",300,0.805615868938762,0.824660012175604,0.857905775609576,0.862759591367846,0.931932625587863,5,-0.0691730342200171
"enclave",300,0.8833435275372,0.894608208475752,0.924376140423017,0.878513016884686,0.884929711392665,3,-0.0458631235383311
"enclave",300,0.828098095245904,0.872639556240673,0.817190651699765,0.861811545778055,0.780687818757277,2,-0.0108280104626183
"enclave",300,0.888989656962994,0.887638837128396,0.899066865839898,0.887832401300338,0.886849095306869,3,-0.0112344645395599
"enclave",300,0.930926754812426,0.856205726039389,0.84938614596799,0.822971496318304,0.841664634600492,1,-0.107955258494122
"enclave",500,0.878648935498516,0.872680751780683,0.868444894772553,0.86982694772753,0.869861022999807,1,-0.00882198777098608
"enclave",500,0.883852866895051,0.961978445150159,0.886803530794429,0.889455627516191,0.98307219124303,5,-0.0936165637268386
"enclave",500,0.90655843123293,0.897573203429478,0.897573203429478,0.904695780358209,0.897796221493941,1,-0.00186265087472093
"enclave",500,0.889873795668414,0.890976430369195,0.897445955369595,0.89815432677664,0.899287520639959,5,-0.00113319386331945
"enclave",500,0.875676904571854,0.872888162895764,0.888391743842384,0.878391032760829,0.889928080610609,5,-0.0115370478497795
"enclave",500,0.905005698156983,0.941424375857787,0.921158645676753,0.934056087020456,0.935685882458663,2,-0.00736828883733087
"enclave",500,0.927270138607209,0.958463418431522,0.959394499961077,0.928194050091981,0.930886914053698,3,-0.0312004498690955
"enclave",500,0.834107431030508,0.902446783985245,0.885019595788827,0.932606880299188,0.950327621096852,5,-0.0177207407976638
"enclave",500,0.907147314578005,0.910494117647059,0.910470076726343,0.909165217391304,0.908845524296675,2,-0.00132890025575438
"enclave",500,0.924920359997379,0.926468119431342,0.913885408477463,0.915963418828616,0.902513675969602,2,-0.0105047006027255
"enclave",200,0.751497093359658,0.857240035058802,0.811302841030874,0.853172650511844,0.798527610819122,2,-0.00406738454695754
"enclave",200,0.550161248147825,0.829023364200407,0.772789888503844,0.672792493320149,0.805355602509039,2,-0.156230870880258
"enclave",200,0.697040788163153,0.610390441561766,0.7375144500578,0.636089044356177,0.616933967735871,3,-0.101425405701623
"enclave",200,0.773478195488722,0.755599498746867,0.745016541353383,0.768938847117794,0.816731328320802,5,-0.0477924812030075
"enclave",200,0.636012271904388,0.732281036222945,0.771053285057434,0.840033683654016,0.799499651548407,4,0
"enclave",300,0.956498555236098,0.975191442797746,0.935607897150516,0.973111023955184,0.959405068151474,2,-0.00208041884256238
"enclave",300,0.79545311631829,0.9097751607872,0.893871170254548,0.890695629495161,0.897385861447255,2,-0.0190795312920394
"enclave",300,0.867191051136364,0.903301542207792,0.901240361201299,0.907072341720779,0.934948762175325,5,-0.0278764204545454
"enclave",300,0.877876178972527,0.910790264963635,0.90652257716327,0.900427642568939,0.902741641181157,2,-0.0103626223946955
"enclave",300,0.870681859287394,0.941585380390996,0.967271226919219,0.940434938095003,0.917677350005755,3,-0.0268362888242161
"enclave",1000,0.91212526141562,0.911696812401053,0.911696812401053,0.911503418848259,0.909759276461227,1,-0.000621842567361086
"enclave",1000,0.910028945413561,0.907647224570301,0.907647224570301,0.907647224570301,0.907647224570301,1,-0.00238172084325938
"enclave",1000,0.923268470396572,NA,NA,NA,NA,1,NA
"enclave",1000,0.924274403610574,0.924028368794326,0.924028368794326,0.924028368794326,0.924028368794326,1,-0.00024603481624752
"enclave",1000,0.896654121952835,0.898831333631426,0.898831333631426,0.898831333631426,0.898831333631426,2,0
"enclave",500,0.903260689166051,0.903225124758909,0.903591592780322,0.904126089739823,0.900498004785217,4,0
"enclave",500,0.871042944279336,NA,NA,NA,NA,1,NA
"enclave",500,0.900449015873016,0.905328253968254,0.900944761904762,0.904352,NA,2,-0.000976253968253959
"enclave",500,0.90865264758356,0.909775022339772,0.913511483822517,0.908794226848969,0.904680220658467,3,-0.00471725697354819
"enclave",500,0.908181074168798,NA,NA,NA,NA,1,NA
"enclave",500,0.872101976646938,0.859699180551981,0.857538982083119,0.868514378538343,0.855475786477097,1,-0.00358759810859488
"enclave",500,0.892524645537489,NA,NA,NA,NA,1,NA
"enclave",500,0.881661011374757,0.882269155797276,0.884023900627296,0.86253730086153,0.863236190659543,3,-0.0214865997657666
"enclave",500,0.864236406932532,0.889968480279854,0.895034113749964,NA,NA,3,NA
"enclave",500,0.86344505628205,NA,0.86344505628205,0.863544692684285,0.86344505628205,4,0
"enclave",1000,0.888392624954491,NA,NA,NA,NA,1,NA
"enclave",1000,0.870039535582024,0.86925182664398,0.868434090681613,0.86746171554399,0.869945951356221,1,-0.00257782003803431
"enclave",1000,0.899212021257101,NA,NA,NA,NA,1,NA
"enclave",1000,0.89208590988626,0.891946348339618,0.891946348339618,0.891946348339618,0.891946348339618,1,-0.000139561546642075
"enclave",1000,0.896126324570207,0.896080204612196,0.89611679979627,0.896082209827762,0.895925803013638,1,-4.41147424451449e-05
"enclave",500,0.918292000707712,NA,0.91829915964324,0.918293023412787,0.918062914770827,3,-6.13623045231382e-06
"enclave",500,0.914066918408604,0.914015134977068,0.914287251832981,0.914287251832981,0.913908522029789,3,0
"enclave",500,0.909657525593375,0.902650931631455,0.909293288667188,0.906683518355503,0.894872562923839,1,-0.00297400723787167
"enclave",500,0.995913489064468,0.9956261962016,0.916895683041338,0.907107277813221,0.905258788503378,1,-0.0888062112512473
"enclave",500,0.952411275776337,0.937148089016721,0.934093623555794,0.943292058694486,0.94436353369408,1,-0.00911921708185059
"enclave",200,0.810617095025628,0.711360116523471,0.834354040422664,0.818526166566286,0.800630759082398,3,-0.0158278738563778
"enclave",200,0.806405606334837,0.838510897143369,0.843371526815615,0.824444584083176,0.834636094025397,3,-0.0189269427324393
"enclave",200,0.829309951469591,0.896485494042869,0.84205679740593,0.801005191649177,0.805256893207291,2,-0.095480302393692
"enclave",200,0.776657062000485,0.822581557395593,0.813199011973954,0.883457556424843,0.827292882674992,4,0
"enclave",200,0.90893098476415,0.868184124154306,0.857466346805565,0.850840456952255,0.847729307958051,1,-0.0580905278118954
"enclave",500,0.904204494992477,0.896219322593547,0.901322575503785,0.89782166982926,0.898314853964368,1,-0.00638282516321687
"enclave",500,0.86414708886619,0.86414708886619,0.859550561797753,0.862144205594667,0.863118135097578,1,-0.00200288327152276
"enclave",500,0.895187359033988,0.894235822811041,0.89519036230455,0.895187359033988,0.894947097389057,3,-3.00327056157457e-06
"enclave",500,0.890555960233094,0.881720871221824,0.889509857678022,0.872905793737193,0.867662273469518,1,-0.0176501664959017
"enclave",500,0.885450580871487,0.885698367312613,0.885557704706641,0.882216342091458,0.885549695447938,2,-0.0034820252211557
"enclave",300,0.767566498302694,0.768213237344004,0.761695112251759,0.730759257285295,0.737885686055855,2,-0.0374539800587088
"enclave",300,0.842015295576685,0.770828338156263,0.831820483670938,0.801612753203803,0.824095183960314,1,-0.0404025423728813
"enclave",300,0.76830758200542,0.675454463981277,0.724608270435814,0.716045898106533,0.730154961221065,1,-0.0522616838988873
"enclave",300,0.802415507894392,0.806282347353249,0.789203251932652,0.773563409001572,0.803504671940514,2,-0.0327189383516772
"enclave",300,0.923604335098968,0.940769568212007,0.923205119795339,0.920664798537201,0.92753037931091,2,-0.0201047696748061
"enclave",1000,0.899829924972215,NA,0.899829924972215,0.898954450212895,0.898078975453575,1,-0.000875474759319705
"enclave",1000,0.893960853978619,0.892415458357339,0.894542002752705,0.892967099577492,0.89244796667947,3,-0.00157490317521281
"enclave",1000,0.897907151442308,0.897450420673077,0.898047876602564,0.897877604166667,0.897475961538462,3,-0.000170272435897512
"enclave",1000,0.890870166079274,0.890623742738055,0.891209123899644,0.892683137803956,0.892804840760231,5,-0.000121702956275449
"enclave",1000,0.901099417731724,0.901127925970606,0.901138429005983,0.901254462539674,0.901110921056185,4,0
"enclave",500,0.899826463947735,0.892428664072633,0.895613160718003,0.904075795423612,0.901316131847368,4,0
"enclave",500,0.880605807236242,0.856272303211662,0.839079827495159,0.868294034340945,0.875778612120145,1,-0.0123117728952969
"enclave",500,0.871970100744872,0.891279450836563,0.888945265332301,0.889407987120074,0.89666398669449,5,-0.00725599957441647
"enclave",500,0.876342343639972,NA,NA,0.88314758578196,0.876387855290955,4,0
"enclave",500,0.925058955232108,0.8672181849706,0.895561294900435,0.924934680709688,0.940295613009137,5,-0.0153609322994496
"enclave",300,0.891938693869387,0.885923092309231,0.885923092309231,0.905668566856686,0.891902190219022,4,0
"enclave",300,0.870702880589113,NA,NA,NA,NA,1,NA
"enclave",300,0.869463145641321,0.936233418938812,0.936233418938812,0.873400397625448,0.87305187532002,2,-0.062833021313364
"enclave",300,0.750228133492401,0.790033546391484,0.790033546391484,0.790033546391484,0.790033546391484,2,0
"enclave",300,0.850762792684651,0.835067705183861,0.835067705183861,0.835067705183861,0.835067705183861,1,-0.0156950875007897
"enclave",300,0.881936438167523,0.880819562537029,0.882073545659797,0.881518110198396,0.880596387567853,3,-0.000555435461401688
"enclave",300,0.883140314031403,0.884017901790179,0.884222422242224,0.886912691269127,0.884098909890989,4,0
"enclave",300,0.884973145423013,0.89744823976679,0.884617886439214,NA,NA,2,NA
"enclave",300,0.873620119432255,0.872067942164569,0.872928923341531,0.87252656282651,0.864346739322628,1,-0.00109355660574495
"enclave",300,0.888946249984993,0.889357449005319,0.887198904269667,0.884870277214172,0.884997338711937,2,-0.00448717179114688
"enclave",300,0.807549590110004,0.865241067150438,0.848709356300433,0.830291177093975,0.914724196919974,5,-0.0844330198259989
"enclave",300,0.882575061804976,0.879929718482473,0.882839044083033,0.883417195384024,0.883979286926654,5,-0.000562091542630094
"enclave",300,0.823406478578892,0.823406478578892,0.823406478578892,0.890568160528818,0.823406478578892,4,0
"enclave",300,0.818853927709101,0.818975457091089,0.860316036655672,NA,0.842215691552402,3,NA
"enclave",300,0.974435166378294,0.904761904761905,0.904761904761905,0.904761904761905,0.851851851851852,1,-0.0696732616163895
"enclave",500,0.936538041417289,0.890979229526306,0.890979229526306,0.890979229526306,0.890979229526306,1,-0.0455588118909829
"enclave",500,0.830561274382341,0.927913211152681,0.927913211152681,0.927913211152681,0.927913211152681,2,0
"enclave",500,0.808058925476603,0.801278111697006,0.801278111697006,0.801278111697006,0.801278111697006,1,-0.00678081377959683
"enclave",500,0.912999167367397,0.972106807802015,0.972106807802015,0.972106807802015,0.972106807802015,2,0
"enclave",500,0.900542385057471,0.900597290640394,0.900597290640394,0.910098009031199,0.897686268472906,4,0
"enclave",300,0.781727967038489,0.753004220681339,0.660709978896593,0.724573409707567,0.864194050849161,5,-0.139620641141594
"enclave",300,0.888238888888889,0.888007575757576,0.888007575757576,0.888007575757576,0.888007575757576,1,-0.000231313131313193
"enclave",300,0.753934271117139,0.801069509623886,0.869609943548936,0.868138655176415,0.883548675540406,5,-0.0154100203639914
"enclave",300,0.574914434646923,0.771248436859137,0.750688684514802,0.731284678662363,0.734352797006792,2,-0.0399637581967748
"enclave",300,0.817561676771377,0.729779818405488,0.793424981407132,0.787430720922807,0.747685525790284,1,-0.0301309558485704
"enclave",200,0.797342189310762,0.909574202895897,0.904002079689552,0.890030818882849,0.864854772755253,2,-0.019543384013048
"enclave",200,0.776276978491051,0.854804848231245,0.859224172235692,0.84300733511378,0.84012949265463,3,-0.0162168371219114
"enclave",200,0.943983003713337,0.956321772095991,0.932921717295644,0.884388648966973,0.92232664278353,2,-0.071933123129018
"enclave",200,0.820734384151155,0.819626187262866,0.83178630541621,0.804962949759364,0.806985816505819,3,-0.026823355656846
"enclave",200,0.733220619546355,0.91768970581599,0.911087385491407,0.937799732522697,0.907684947017341,4,0
"enclave",500,0.905445599163664,0.924787905100499,0.903845083436307,0.928101777215092,0.929282303042447,5,-0.00118052582735484
"enclave",500,0.89375696961249,0.935852404106332,0.916673670443923,0.958623563029895,0.973923912330474,5,-0.0153003493005789
"enclave",500,0.83102867608196,0.894936821662549,0.914662639150083,0.9382362099553,0.91546978133412,4,0
"enclave",500,0.858487274220033,0.858521654351396,0.858521654351396,0.858521654351396,0.859480706075534,5,-0.000959051724137905
"enclave",500,0.869683597640389,0.973238336014709,0.901235475880385,0.940588881227815,0.910827651370055,2,-0.0326494547868944
"enclave",500,0.861397214712525,0.876918481273538,0.880153749151713,0.851620741400102,0.892037782716302,5,-0.0404170413162002
"enclave",500,0.8941141785475,0.894911256631017,0.892590338027405,0.894638030117196,0.894896188992387,2,-0.000273226513820557
"enclave",500,0.895046965739559,0.899887415033061,0.899017120159048,0.897666402392154,0.89420383613907,2,-0.00222101264090724
"enclave",500,0.888971607254534,NA,0.936800500312695,0.959410131332083,0.889496435272045,4,0
"enclave",500,0.878017880241119,NA,0.956025926249274,0.873472056227729,0.931153344793225,3,-0.082553870021545
"enclave",500,0.890739084860633,0.891487731595393,0.891487731595393,0.891487731595393,0.891487731595393,2,0
"enclave",500,0.876090711121123,0.876535255688218,0.876535255688218,0.876535255688218,0.876575304748317,5,-4.00490600985792e-05
"enclave",500,0.868967616667217,0.865599505723335,0.865599505723335,0.865599505723335,0.865599505723335,1,-0.00336811094388223
"enclave",500,0.885186188219364,0.885172145740866,0.885172145740866,0.885172145740866,0.884999623862183,1,-1.40424784974558e-05
"enclave",500,0.894683026584867,0.894683026584867,0.894683026584867,0.894683026584867,0.894683026584867,1,0
"enclave",1000,0.893610863668464,0.893610863668464,0.893610863668464,0.893582274011299,0.894151057717001,5,-0.000568783705701126
"enclave",1000,0.887421528595406,0.887414514391643,0.887358400761542,0.887423031639069,NA,4,0
"enclave",1000,0.882388718234004,0.882971733101135,NA,0.882076298858359,0.883278105650155,5,-0.0012018067917956
"enclave",1000,0.900736959406103,0.897462029654749,0.900736959406103,0.900694870345651,0.900645766441791,1,-4.20890604518886e-05
"enclave",1000,0.877143430995958,0.877180587984233,0.87715949888278,0.877171549797896,0.877180587984233,2,-9.03818633724018e-06
"enclave",500,0.887765204243268,0.894578313253012,0.894578313253012,0.894578313253012,0.894578313253012,2,0
"enclave",500,0.867129867129867,0.866686866686867,0.866686866686867,0.866686866686867,0.866686866686867,1,-0.000443000443000496
"enclave",500,0.872479731758583,0.872290561505355,0.872290561505355,0.872290561505355,0.872290561505355,1,-0.000189170253227955
"enclave",500,0.900907268170426,0.900233082706767,0.900233082706767,0.893684210526316,0.901037593984962,5,-0.00735338345864667
"enclave",500,0.885182995566021,0.889557854655678,0.889557854655678,0.887671033843533,0.892234274405671,5,-0.0045632405621383
"enclave",500,0.922233896185116,0.867173983739837,0.871353595997498,0.876822514071295,0.8793095684803,1,-0.0454113821138211
"enclave",500,0.791454766026689,0.897500097511799,0.986878912348394,0.929905518567747,0.91084421214967,3,-0.0569733937806475
"enclave",500,0.838955034413053,0.765217147165937,0.843181462675073,0.828478706422166,0.867541833116748,5,-0.0390631266945821
"enclave",500,0.887083967114389,0.893477280386739,0.889529086925259,0.891089163369005,0.880765657517218,2,-0.00238811701773378
"enclave",500,0.8696184518514,0.892266462250981,0.893630456602863,0.885061209621814,0.883341455921367,3,-0.00856924698104911
"enclave",500,0.899444271586963,0.905270911308001,0.894635644958116,0.901570922082224,NA,2,-0.00369998922577641
"enclave",500,0.77904884073638,0.801974647663958,0.794309124251339,0.793477028021267,0.794247896422588,2,-0.00849761964269036
"enclave",500,0.889088950862974,0.889329125513568,NA,0.889251407202833,0.897123018559133,5,-0.00787161135629977
"enclave",500,0.89769868843959,0.908356430529739,0.905245440868675,0.903848098022199,0.839003782635112,2,-0.00450833250753979
"enclave",500,0.912581794460056,0.832850260939382,0.915412484945805,0.916684564431955,0.827404656764352,4,0
"enclave",500,0.878075526506899,0.902506484075112,0.902506484075112,0.902506484075112,0.915548293391431,5,-0.013041809316319
"enclave",500,0.957485372645679,0.981921078243492,0.981921078243492,0.981921078243492,0.981921078243492,2,0
"enclave",500,0.9097122176304,0.912944443987092,0.912750983765806,0.915092572773973,0.915046780327977,4,0
"enclave",500,0.890904644217897,0.889413036762434,0.889413036762434,0.891507568736484,0.882365873751416,4,0
"enclave",500,0.889903681924654,0.846109660680591,0.846109660680591,0.846109660680591,0.846109660680591,1,-0.0437940212440627
"enclave",1000,0.927011338214936,0.927081021316835,NA,0.927092893252714,NA,4,0
"enclave",1000,0.910778443113772,0.910778443113772,0.910778443113772,0.9116717637686,0.910778443113772,4,0
"enclave",1000,0.919837187332971,0.919852724869588,0.919671453609059,0.919908660001409,0.924566813479124,5,-0.00465815347771503
"enclave",1000,0.903067484662577,0.903067484662577,0.903067484662577,0.904325541663431,0.903067484662577,4,0
"enclave",1000,0.90932523812612,NA,NA,NA,0.909283547397212,1,NA
"enclave",500,0.892868148183721,0.87563080530977,0.872767419431005,0.860573017340393,0.890647573425538,1,-0.0322951308433282
"enclave",500,0.864285714285714,0.885229091636655,0.875,0.887755102040816,0.887755102040816,4,0
"enclave",500,0.896212460802394,0.904984100337849,0.898583119984035,0.90754178487371,0.907988539808322,5,-0.000446754934611326
"enclave",500,0.89147968027735,0.887275495955316,0.886878250192604,0.891730466743708,0.88707687307396,4,0
"enclave",500,0.87310912938936,0.862669583238315,0.867301991190273,0.870203059799721,0.975146128641214,5,-0.104943068841493
"enclave",500,0.758264599572353,0.826723726386142,0.821590257189966,0.833574703836387,0.77884310649855,4,0
"enclave",500,0.816222408477205,0.819033757213625,0.812787205684582,0.834545993465054,0.880862400626458,5,-0.0463164071614039
"enclave",500,0.928060250817884,0.878944087176855,0.888765215055488,0.886264453300404,0.895818465745077,1,-0.0417957975174803
"enclave",500,0.882154590696618,0.899462207949595,0.899462207949595,0.895695962356558,0.882553381415052,2,-0.0037662455930374
"enclave",500,0.883396220375402,NA,NA,NA,NA,1,NA
"enclave",300,0.785427265187913,0.918418838517395,0.927474275239147,0.915955418771329,0.892047762163918,3,-0.011518856467818
"enclave",300,0.877325584308224,0.875772940203913,0.895785465567775,0.875811518324607,0.875785966582329,3,-0.0199739472431674
"enclave",300,0.875204029380231,0.936833404010177,0.922525343649486,0.951197972508041,0.921180650013602,4,0
"enclave",300,0.73677197468286,0.94386223426657,0.849122033053933,0.836575503756856,0.845218123742671,2,-0.107286730509714
"enclave",300,0.64907546988261,0.913222063634614,0.862398967220476,0.870100210885881,0.9609665669703,5,-0.0908663560844185
"enclave",500,0.862257866010274,0.944085879873551,0.878581586703108,0.857073029175448,0.949989503753952,5,-0.0929164745785037
"enclave",500,0.902518262987013,0.899884841720779,0.903050933441558,NA,0.90029981737013,3,NA
"enclave",500,0.944441904761905,0.954981079365079,0.926119619047619,0.919107555555556,0.898376634920635,2,-0.0358735238095238
"enclave",500,0.8820501034245,0.886267269337828,0.87955106105876,0.879572001327919,0.897674608646799,5,-0.0181026073188795
"enclave",500,0.978330065442693,0.980714522166484,0.97773828015584,NA,0.981375569758855,5,NA
"enclave",500,0.881717791411043,0.945815019026171,0.897569827340737,0.865884911081774,0.89998705702674,2,-0.079930107944397
"enclave",500,0.950746363502189,0.882676823168632,0.947436310041162,0.907675695731317,0.953720748126404,5,-0.0460450523950868
"enclave",500,0.901990134861574,0.908822822602653,0.908822822602653,0.927888668939477,0.926634142665705,4,0
"enclave",500,0.885288285220173,0.919041132175427,0.902565353411079,0.903289939956985,0.883912235541251,2,-0.0157511922184416
"enclave",500,0.896402110270861,0.91162387184419,0.85740565808356,0.854732641428809,0.892805669050844,2,-0.0568912304153807
"enclave",500,0.877447863459068,0.877447863459068,0.877447863459068,0.877447863459068,0.880883285066664,5,-0.00343542160759647
"enclave",500,0.890638053467001,NA,NA,0.895733926161558,0.891247047908232,4,0
"enclave",500,0.89467270264747,0.894300045279874,0.894379184882132,NA,0.893600811832072,1,NA
"enclave",500,0.898640825320513,0.898633313301282,0.898927784455128,0.896823417467949,0.898950320512821,5,-0.00212690304487184
"enclave",500,0.883384004995995,0.887082384805919,0.885963197637528,0.88170747965866,0.869601412992595,2,-0.00537490514725858
"enclave",500,0.894820295983087,0.882663847780127,0.882663847780127,0.882663847780127,0.882663847780127,1,-0.0121564482029598
"enclave",500,0.843628710820453,NA,NA,NA,NA,1,NA
"enclave",500,0.848102912683544,0.847355326576036,0.847355326576036,0.847355326576036,0.861444372387952,5,-0.0140890458119165
"enclave",500,0.869684614546113,0.869188090216421,0.869188090216421,0.869188090216421,0.869188090216421,1,-0.000496524329692161
"enclave",500,0.876602641104491,0.875181185533987,0.875181185533987,0.875181185533987,0.876039064001538,1,-0.00142145557050422
"enclave",200,0.607078866956641,0.801021353478641,0.613549208345894,0.823410907991054,0.774668270439338,4,0
"enclave",200,0.647365902684349,0.632971662982895,0.632971662982895,0.632971662982895,0.632971662982895,1,-0.0143942397014543
"enclave",200,0.84578986229335,0.835888069825796,0.835888069825796,0.835888069825796,0.835888069825796,1,-0.00990179246755429
"enclave",200,0.607279186571099,0.581537071543269,0.581537071543269,0.581537071543269,0.553199666772645,1,-0.0257421150278293
"enclave",200,0.670211010385495,0.708854074986798,0.894144256772975,0.815930493991135,0.882643100606487,3,-0.0782137627818406
"enclave",1000,0.886880882869205,0.885406133636585,0.88239312443803,0.882001558263346,0.880216756631871,1,-0.00487932460585838
"enclave",1000,0.900934340906816,0.900934340906816,0.900934340906816,0.900934340906816,0.900934340906816,1,0
"enclave",1000,0.880552497247523,0.88111099989991,0.88111099989991,0.881210089080172,0.88131067961165,5,-0.000100590531478262
"enclave",1000,0.888877988129073,0.888906018654315,0.888906018654315,0.888906018654315,0.888884995760383,2,0
"enclave",1000,0.902778625068631,0.902445098052942,0.902445098052942,0.902287085253906,0.902425096432811,1,-0.00049153981472505
"enclave",1000,0.97039627039627,0.837455877455877,0.941965726581111,0.868002766464305,0.868357796050104,1,-0.102393503931965
"enclave",1000,0.916971301978559,NA,0.917735733747549,NA,NA,3,NA
"enclave",1000,0.904330454270337,0.900699420097823,0.900769454123113,0.908316770541951,0.900040998020644,4,0
"enclave",1000,0.918039271843871,NA,NA,NA,NA,1,NA
"enclave",1000,0.905032327586207,0.901785714285714,0.90952380952381,0.902557984400657,0.975522885878489,5,-0.0729649014778325
"enclave",200,0.766793910734626,0.767820185782355,0.765886456979673,0.744785399720845,0.751829948179878,2,-0.0230347860615103
"enclave",200,0.513450331920783,0.666238295013572,0.649256418765906,0.722868086076475,0.61715880651757,4,0
"enclave",200,0.628593126769171,0.594558189655172,0.58512227386773,0.591831052174473,0.595090951492537,1,-0.0367620745946988
"enclave",200,0.63429033445204,0.802879903676532,0.690877371585377,0.588073170634143,0.620431335528079,2,-0.21480673304239
"enclave",200,0.654185178941961,0.637286832905895,0.729482980747234,0.735030643083332,0.647069240926477,4,0
"enclave",200,0.823307924141137,0.684867403292775,0.684867403292775,0.684867403292775,0.684867403292775,1,-0.138440520848362
"enclave",200,0.607682917914625,0.778224389188799,0.679661456533995,0.605180492093676,0.777144911383684,2,-0.173043897095123
"enclave",200,0.675182021085194,0.587858983246447,0.587858983246447,0.587858983246447,0.587858983246447,1,-0.0873230378387476
"enclave",200,0.818706691682301,0.790263414634146,0.790263414634146,0.866265415884928,0.856202126328956,4,0
"enclave",200,0.592831019387117,NA,NA,NA,NA,1,NA
"enclave",500,0.790530275146816,0.911965185421472,0.899846231862721,0.933914462384061,0.947114086960789,5,-0.0131996245767286
"enclave",500,0.911472902455383,0.964577096726702,0.95357766517806,0.991998229212674,0.960064758469516,4,0
"enclave",500,0.829090129975588,0.89933002590512,0.927017720410841,0.913867267199087,0.87919909920137,3,-0.0131504532117541
"enclave",500,0.860519826274721,0.931050735306146,0.90797171238815,0.932222910634539,0.898331043169587,4,0
"enclave",500,0.971220631850419,0.945642295293359,0.965339522888459,0.952879948420374,0.939067440361057,1,-0.0183406834300451
"enclave",300,0.872885861081407,0.862348968128127,0.912935170503665,0.882932118113172,0.897238918183643,3,-0.0300030523904929
"enclave",300,0.912356834975369,0.935944170771757,0.911228961412151,0.911262828407225,0.90991789819376,2,-0.024681342364532
"enclave",300,0.911857314326115,0.903993817721436,0.897827981387395,0.89034265607787,0.88085548923856,1,-0.0215146582482447
"enclave",300,0.876482028687442,0.896300669427836,0.896300669427836,0.896300669427836,0.90892611093724,5,-0.0126254415094033
"enclave",300,0.873437268140674,0.896080134705116,0.89194067286607,0.870164960182025,0.889846725528021,2,-0.0259151745230911
"enclave",1000,0.920689415724463,NA,NA,NA,NA,1,NA
"enclave",1000,0.908004402235742,NA,NA,NA,NA,1,NA
"enclave",1000,0.961500728394948,0.95979433434298,0.95979433434298,0.95979433434298,0.95979433434298,1,-0.00170639405196871
"enclave",1000,0.923221100301363,0.922973888725105,0.922267058110587,0.919585094012054,0.920764851120283,1,-0.00363600628930827
"enclave",1000,0.904120849944448,0.904120849944448,0.904120849944448,0.904120849944448,0.904120849944448,1,0
"enclave",1000,0.976352020729325,0.913083538398836,0.913014755476712,0.91904096074343,0.919338164563654,1,-0.0573110599858944
"enclave",1000,0.890913189374728,NA,0.890915238607546,0.915976331360947,0.915976331360947,4,0
"enclave",1000,0.910836771801867,NA,NA,NA,NA,1,NA
"enclave",1000,0.918944149593383,0.900135657476059,0.899417710114007,0.900585645730603,0.897135227317795,1,-0.0183585038627805
"enclave",1000,0.915278252368451,0.914394567402142,0.902780717085574,0.979903393412211,0.978369332828174,4,0
"enclave",500,0.976330364512487,0.977128618407494,0.893753311396432,0.965054776906133,0.883642430512199,2,-0.0120738415013608
"enclave",500,0.927523340137004,0.902615480843468,0.889404044653229,0.891798046446346,0.881824461286848,1,-0.0357252936906582
"enclave",500,0.880713921171497,0.887348599926058,0.976917265435373,0.888603904454196,0.873486501583321,3,-0.0883133609811769
"enclave",500,0.981680390372138,0.936631558575476,0.981912730740193,0.982868299802737,0.989566355098737,5,-0.00669805529599965
"enclave",500,0.912511164486072,0.869243751911038,0.888551775052704,0.891399724810505,0.889829656093597,1,-0.0211114396755661
"enclave",200,0.791259181248379,0.736905990623789,0.782869544934434,0.786618127140456,0.7713550056011,1,-0.00464105410792348
"enclave",200,0.872994166213328,0.81896075844236,0.870850702949754,0.851512446513604,0.86284339744187,1,-0.0214817196997248
"enclave",200,0.840985470422541,0.66378664129836,0.883197410184853,0.699881286759209,0.683291537843232,3,-0.183316123425645
"enclave",200,0.698209979790579,0.8032243986471,0.775435193220685,0.8063388916749,0.767668229168231,4,0
"enclave",200,0.882874244537424,0.874501534971705,0.874501534971705,0.874501534971705,0.874501534971705,1,-0.00837270956571923
"enclave",500,0.889007470651014,0.889007470651014,0.889007470651014,0.887940234791889,0.887940234791889,1,-0.00106723585912483
"enclave",500,0.874191429072946,NA,0.897967351237493,0.906870784121969,NA,4,0
"enclave",500,0.898138572905894,0.895057717854744,NA,NA,NA,1,NA
"enclave",500,0.893667133723181,NA,0.894164193867458,NA,0.89333859396987,3,NA
"enclave",500,0.877067581229901,0.882115114891002,0.883211466309784,0.877152417946831,0.867614562197361,3,-0.00605904836295257
"enclave",1000,0.891545245937153,0.891516161125843,0.891516161125843,0.891516161125843,0.891516161125843,1,-2.90848113098097e-05
"enclave",1000,0.885456329124092,0.885089827935223,0.885089827935223,0.8850958526123,0.884357327613907,1,-0.000360476511792385
"enclave",1000,0.897432842244129,0.897123649102485,0.897123649102485,0.897123649102485,0.897123146349409,1,-0.000309193141643682
"enclave",1000,0.899928368410469,NA,NA,NA,NA,1,NA
"enclave",1000,0.898523192960402,0.899091389063482,0.899091389063482,0.899091389063482,0.899091389063482,2,0
"enclave",1000,0.893911842997703,0.893897817063751,0.893897817063751,0.89405961623041,0.894065627344961,5,-6.01111455078573e-06
"enclave",1000,0.893815751549215,NA,NA,NA,NA,1,NA
"enclave",1000,0.890669104937498,0.892550915604098,0.892727773741827,0.892386081815677,0.893230792354518,5,-0.000844710538841165
"enclave",1000,0.898228675056152,0.898083976964464,0.898083976964464,0.898083976964464,0.898113517405328,1,-0.00014469809168749
"enclave",1000,0.885025623974065,0.880695037151507,0.883112213677003,0.881235859742669,0.881817744789825,1,-0.00378976423139599
"enclave",300,0.974727890917591,0.871964512701768,0.870406450557862,0.873719715355189,0.882710927804437,1,-0.101008175562402
"enclave",300,0.894511000285096,0.905065572058995,0.932116556041423,0.893203474154651,0.771290340067218,3,-0.0389130818867727
"enclave",300,0.906262737548983,0.94454752190354,0.949856431428099,0.969705820631096,0.935340165704162,4,0
"enclave",300,0.926267691362804,0.861199386622734,0.866683971667812,0.917123548705576,0.851517588583101,1,-0.00914414265722796
"enclave",300,0.897380328315619,0.844181335064685,0.868961309094407,0.870731235672262,0.86954443803203,1,-0.0266490926433576
"enclave",500,0.893456945002007,0.976649437976716,0.93082948615014,0.984124849458049,0.986700120433561,5,-0.0025752709755118
"enclave",500,0.827656851606863,0.865475117803821,0.862971880772789,0.8705393511473,0.873910986418031,5,-0.00337163527073037
"enclave",500,0.920509716655676,0.896641904526744,0.881288775533761,0.876047773766184,0.88414490318475,1,-0.0444619428894919
"enclave",500,0.885730325814536,0.848461654135338,0.915142857142857,0.869399498746867,0.899223558897243,3,-0.04574335839599
"enclave",500,0.755330933259485,0.810566746535345,0.840004274379011,0.840915339201072,0.871680332638998,5,-0.0307649934379252
"enclave",200,0.747515927138016,0.730489775068111,0.730489775068111,0.693189227689547,0.724399773240747,1,-0.0543266994484684
"enclave",200,0.916067929123141,0.906133156496499,0.912357635415471,0.88780820036406,0.915587743321471,1,-0.028259728759081
"enclave",200,0.75697330754352,0.753808897485493,0.753808897485493,0.753808897485493,0.605010960670535,1,-0.00316441005802715
"enclave",200,0.81350916803503,0.816726377071205,0.816726377071205,0.820503371149923,0.843538007331111,5,-0.0230346361811878
"enclave",200,0.885034045709584,0.881845947396121,0.881845947396121,0.881845947396121,0.846009978260401,1,-0.00318809831346267
"enclave",200,0.830918880837359,0.843669484702093,0.840707024959742,0.94691173510467,0.840715579710145,4,0
"enclave",200,0.730277783611397,0.727690156817684,0.873255789533687,0.857613023038129,0.815938480985568,3,-0.0156427664955582
"enclave",200,0.604946967061327,NA,NA,0.600091337569017,NA,1,-0.00485562949230955
"enclave",200,0.908551682692308,NA,0.909469150641026,NA,0.923773036858974,5,NA
"enclave",200,0.808661358173077,0.831802383814103,0.792978265224359,0.739784655448718,0.687916165865385,2,-0.0920177283653846
"enclave",500,0.908113655568014,0.90611543086498,0.908662088269228,0.921600021937308,0.909049038008417,4,0
"enclave",500,0.894872359311926,0.882879260846834,0.841942926792977,0.887221255749156,0.848628406562777,1,-0.00765110356276966
"enclave",500,0.900909314885199,0.906129035915928,0.917974045198753,0.916799904336899,0.918498749060636,5,-0.00169884472373671
"enclave",500,0.912883740443402,0.9062974775061,0.907710856132719,0.907745477799365,0.907192040275181,1,-0.00513826264403627
"enclave",500,0.906899622713163,0.910160635856284,0.913912348920151,0.914588286771019,0.908753549963675,4,0
"enclave",300,0.932663811109087,0.944100453039254,0.939432635502589,0.900967533730888,0.923083178665876,2,-0.0431329193083663
"enclave",300,0.904192443433751,0.906878627086594,0.899860825834637,0.915387507335681,0.933839800958529,5,-0.0184522936228482
"enclave",300,0.911756824288601,0.894707354598137,0.884978546545254,0.904803980503067,0.918595339318435,5,-0.0137913588153679
"enclave",300,0.844536091039145,0.873035975538093,0.901503945272765,0.876975675883786,0.90320505286706,5,-0.0262293769832747
"enclave",300,0.871497184992249,0.822019810494892,0.870971524856729,0.893029191110892,0.841946547256435,4,0
"enclave",500,0.886606815152027,0.8867398259259,0.887102855331282,0.886728825034828,0.885637236616166,3,-0.000374030296453998
"enclave",500,0.889615364611464,0.894669855291637,0.894669855291637,0.894669855291637,0.896960304219627,5,-0.00229044892798991
"enclave",500,0.886837455035297,0.885991413579265,0.885991413579265,0.885991413579265,0.885840406179903,1,-0.000846041456031399
"enclave",500,0.894185262677826,NA,NA,NA,NA,1,NA
"enclave",500,0.896398776640886,0.8940329218107,0.8940329218107,0.8940329218107,0.896398776640886,1,-0.00236585483018681
"enclave",500,0.880276214751759,NA,NA,NA,NA,1,NA
"enclave",500,0.899701329180712,0.899716418646153,0.899716418646153,0.899542386811405,0.899327110437786,2,-0.000174031834748178
"enclave",500,0.881282522606,0.881343694437675,0.881343694437675,0.881343694437675,0.881393835283311,5,-5.01408456353714e-05
"enclave",500,0.882478632478632,0.88523793458004,0.88523793458004,0.88523793458004,0.885149572649573,2,0
"enclave",500,0.888842388842389,0.881451381451381,0.881451381451381,0.874259874259874,0.882940882940883,1,-0.0145825145825146
"enclave",500,0.896794639277601,0.887987709484857,0.882655321987985,0.886064553338444,0.888167565780682,1,-0.0107300859391563
"enclave",500,0.884160433649887,0.882820285017949,0.876552251289624,0.878430160197536,0.874624818412111,1,-0.00573027345235089
"enclave",500,0.892628205128205,0.862179487179487,0.848163075959129,0.859508547008547,0.898789441552599,5,-0.0392808945440524
"enclave",500,0.919172550045033,0.897432352419624,0.914652191902828,0.918692662733394,0.914808480881149,1,-0.000479887311639282
"enclave",500,0.893274248031856,0.912079847424281,0.929793398752547,0.929351964532767,0.941316838407988,5,-0.0119648738752206
"enclave",300,0.818381992247813,0.805674114610139,0.856158324755533,0.892365020265054,0.931740643495883,5,-0.0393756232308287
"enclave",300,0.903348781282096,0.913359553095017,0.903253087502192,0.904051203687467,0.896762443948997,2,-0.00930834940755021
"enclave",300,0.594955834495583,0.896636889017137,0.766710852209878,0.864615896375383,0.919776687667324,5,-0.0551607912919412
"enclave",300,0.862358133353394,0.87179668497204,0.87083176609243,0.890160234709998,0.875567591965696,4,0
"enclave",300,0.817239362641243,0.834692595980996,0.842554250128403,0.862493780495634,0.766354287044171,4,0
"enclave",200,0.870543554056918,0.851634409901381,0.758906236080406,0.959975568073021,0.880288677655231,4,0
"enclave",200,0.801749278582191,0.78591741362139,0.888629944584898,0.910872085599734,0.802095048392451,4,0
"enclave",200,0.857000485328726,0.85369373824197,0.85486330925004,0.85876425335177,0.836418274000116,4,0
"enclave",200,0.832063534050819,0.865375644255248,0.81681107621769,0.836964846501413,0.737451440558322,2,-0.0284107977538343
"enclave",200,0.906436226259926,0.906410526586312,NA,0.905481226388425,0.906436226259926,1,-0.000954999871501605
"enclave",500,0.777097038609471,0.8239069057077,0.953940764182678,0.891812013903693,0.887674534283332,3,-0.0621287502789846
"enclave",500,0.876055449904914,0.889350415373836,0.916526874186768,0.895736162546292,0.912233009708738,3,-0.0207907116404764
"enclave",500,0.894385358028234,0.912082857203053,0.880302603157659,0.975149259945563,0.881498990219222,4,0
"enclave",500,0.896430126905459,0.903268503917299,0.906769292383169,0.905029160721884,0.900281344647193,3,-0.00174013166128506
"enclave",500,0.819193818609187,0.843480283063689,0.869353604561026,0.879209822209997,0.863790852941912,4,0
"enclave",500,0.893049537328399,0.8864018011019,0.894804567796772,0.896968620235898,0.897850401343399,5,-0.000881781107501034
"enclave",500,0.900758913025205,0.886797475093163,0.85547930400951,0.8782141727808,0.8582216578407,1,-0.0225447402444052
"enclave",500,0.882510092198603,0.896592625513118,0.880804953560371,0.880804953560371,0.880804953560371,2,-0.0157876719527467
"enclave",500,0.88198426290118,0.882258351705953,NA,0.882789023643661,0.882399397404759,4,0
"enclave",500,0.970364929588607,0.888025707193147,0.887258657101572,0.866119217208358,0.86552139879495,1,-0.104245712380248
"enclave",1000,0.887906507418864,NA,NA,NA,NA,1,NA
"enclave",1000,0.900184853063844,NA,NA,NA,NA,1,NA
"enclave",1000,0.894412515229084,0.89856403623546,0.899724800307535,0.899641209276902,0.898573546592239,3,-8.35910306323795e-05
"enclave",1000,0.875785886303439,0.882184673764521,0.881252028578412,0.883930252966232,0.885161925636823,5,-0.00123167267059099
"enclave",1000,0.888665470643244,0.884426209769665,0.881490333481833,0.880714222644978,0.893055739507704,5,-0.0123415168627262
"enclave",500,0.922145244925887,NA,NA,NA,NA,1,NA
"enclave",500,0.922509225092251,0.922509225092251,0.922509225092251,0.922509225092251,0.922509225092251,1,0
"enclave",500,0.895252500769586,0.887091314268065,0.887091314268065,0.884730910954092,0.884377566350549,1,-0.0105215898154938
"enclave",500,0.881192705685564,NA,NA,NA,NA,1,NA
"enclave",500,0.908869987849332,0.908869987849332,0.908869987849332,0.908869987849332,0.906905440546894,1,0
"enclave",500,0.871451653020207,0.873487088349628,0.873487088349628,0.873487088349628,0.873487088349628,2,0
"enclave",500,0.727479646283725,0.85220721961973,0.847311305393422,0.924680978982439,0.868991708209124,4,0
"enclave",500,0.879237288135593,0.899601149203903,0.938178628177966,0.915862645255521,0.873682367905752,3,-0.0223159829224449
"enclave",500,0.876799900632964,0.945459317112065,0.94201352473508,0.901158347181612,0.879073222086327,2,-0.0443009699304532
"enclave",500,0.87468813948925,0.861438322701042,0.875981634769794,0.835759638141692,0.8688674107268,3,-0.0402219966281021
"enclave",200,0.73188940868883,0.732538517643825,0.732538517643825,0.732538517643825,0.732538517643825,2,0
"enclave",200,0.689643695143827,0.851781724485874,0.816845449740534,0.886746528445128,0.798082736722404,4,0
"enclave",200,0.665411362138529,0.680729191782804,0.680729191782804,0.687006719068975,0.740980795196991,5,-0.053974076128016
"enclave",200,0.69302775499659,0.804775237299864,0.800906941603055,0.806923678515888,0.889187297410154,5,-0.0822636188942663
"enclave",200,0.747664591081699,0.60852873998663,0.60852873998663,0.60852873998663,0.551947752585461,1,-0.139135851095069
"enclave",300,0.849782074139062,0.84993500456779,0.832257454352279,0.898988445703661,0.685851218815272,4,0
"enclave",300,0.869232300024423,0.878479414729652,0.873516898686278,0.988828182869847,0.87254248667533,4,0
"enclave",300,0.803829691371931,0.78803634452204,0.867467147255388,0.839271107106205,0.809569222297314,3,-0.0281960401491828
"enclave",300,0.874872300718736,0.925756442277914,0.921103462560984,0.891167533412969,0.820022945650381,2,-0.0345889088649445
"enclave",300,0.859084186986005,0.897858754548806,0.894276819923372,0.897980490229084,0.883977881177961,4,0
"enclave",200,0.833133279807306,0.891500903251706,0.891500903251706,0.891500903251706,0.891500903251706,2,0
"enclave",200,0.592972972972973,0.580327844123193,0.580327844123193,0.525571841609051,0.507253299811439,1,-0.0674011313639221
"enclave",200,0.775624138881234,NA,NA,NA,NA,1,NA
"enclave",200,0.85124901809904,0.818050245274852,0.818050245274852,0.753597464691643,0.756476538578688,1,-0.0976515534073967
"enclave",200,0.828926148649462,NA,NA,NA,NA,1,NA
"enclave",200,0.828013904578377,0.819861888663699,0.844038121303741,0.801087281546947,0.803485177586551,3,-0.0429508397567945
"enclave",200,0.73940173202738,0.801608968193698,0.72678867651072,0.678954017361157,0.698452868025156,2,-0.12265495083254
"enclave",200,0.648475955102461,0.749527855009783,0.71454124189064,0.743006899392442,0.696854082998661,2,-0.00652095561734112
"enclave",200,0.794233699917847,0.739872097533266,0.678767213234912,0.682877927662421,0.690706405608814,1,-0.111355772255426
"enclave",200,0.726734202683552,0.782269295871216,0.835140936967858,0.862915115409455,0.774202418277781,4,0
"enclave",1000,0.912939714286006,0.912219654514402,0.912219654514402,0.912219654514402,0.912220676600664,1,-0.000720059771604609
"enclave",1000,0.984309297297741,0.92042755344418,0.92042755344418,0.92042755344418,0.989816786251995,5,-0.0693892328078143
"enclave",1000,0.915361226177238,0.915395847843885,0.915395847843885,0.915395847843885,0.915395847843885,2,0
"enclave",1000,0.924531102855878,0.924965233813445,0.924965233813445,0.924965233813445,0.924965233813445,2,0
"enclave",1000,0.915476653854263,0.912006965730875,0.912006965730875,0.912006965730875,0.912161545759743,1,-0.00346968812338821
"enclave",500,0.882252664634933,0.882470854295666,0.882470854295666,0.882470854295666,0.882470854295666,2,0
"enclave",500,0.891044846386776,0.860344739507111,0.971556686790495,0.883944410554142,0.978184327855124,5,-0.0942399173009829
"enclave",500,0.865624346223789,0.89260166722992,0.958454030480053,0.887182868246995,0.960794046412076,5,-0.0736111781650814
"enclave",500,0.881471795550847,0.881419631965845,0.881419631965845,0.881463770383924,0.88162176585773,5,-0.000157995473805905
"enclave",500,0.798248808993454,0.888057926865977,0.9076036787754,0.923748489920091,0.873738757179151,4,0
"enclave",200,0.820813978040541,NA,NA,NA,NA,1,NA
"enclave",200,0.873172035100196,0.868588328817065,0.868588328817065,0.84985960739115,0.822421230959125,1,-0.0233124277090461
"enclave",200,0.825861594055239,0.859310089894337,0.859310089894337,0.827214770564136,0.850884863776136,2,-0.0320953193302007
"enclave",200,0.72221828817734,0.857253694581281,0.862758107553366,0.901119663382594,0.953184010673235,5,-0.0520643472906404
"enclave",200,0.853978265983165,0.858559465965342,0.858559465965342,0.858559465965342,0.828882699105003,2,0
"enclave",1000,0.877145748256297,0.903017198109533,0.894757949558101,0.897303233630074,0.980792667011994,5,-0.0834894333819201
"enclave",1000,0.884702198813059,0.878916638889973,0.892478171522833,0.878099853959655,0.87894766870963,3,-0.0143783175631783
"enclave",1000,0.875846572282863,0.953751235835425,0.908166420500258,0.988237548582842,0.908839875756011,4,0
"enclave",1000,0.880765249723646,0.901663149432218,0.896336549090544,0.903534820621043,0.909972867048538,5,-0.00643804642749479
"enclave",1000,0.895347219998719,0.919957895747951,0.887532718846055,0.865480516777664,0.877993724385246,2,-0.0544773789702869
"enclave",1000,0.890453562588508,NA,NA,NA,NA,1,NA
"enclave",1000,0.874469044863449,0.875015572004951,0.873200679944061,0.875617856970632,0.872740049991159,4,0
"enclave",1000,0.886645962732919,0.888635762941961,0.885279883545378,0.888619744424555,0.88768115942029,2,-1.6018517406069e-05
"enclave",1000,0.889670936313533,0.888585159983457,0.888585159983457,0.888585159983457,0.888585159983457,1,-0.001085776330076
"enclave",1000,0.894636884603018,0.906052073535613,0.906052073535613,0.906052073535613,0.990080825868285,5,-0.0840287523326713
"enclave",1000,0.899259810437063,0.904211409580559,0.90350182372067,0.903954378479796,0.90313227900576,2,-0.000257031100763139
"enclave",1000,0.88957321609468,0.894208111996514,0.89629891037528,0.897265747752831,0.896425412462062,4,0
"enclave",1000,0.892346536327014,0.898590021691974,0.910520607375271,0.900216919739696,0.900216919739696,3,-0.0103036876355749
"enclave",1000,0.890684261856887,0.898089171974522,0.894904458598726,0.894904458598726,0.894904458598726,2,-0.00318471337579618
"enclave",1000,0.892948947826794,0.896758549127031,0.894359781057166,0.896375831105834,0.89638386717977,2,-0.000382718021197159
"enclave",200,0.841359723751376,0.783823941547393,0.783823941547393,0.783823941547393,0.783823941547393,1,-0.0575357822039836
"enclave",200,0.757281188370953,0.647764836339319,0.647764836339319,0.647764836339319,0.633141300522659,1,-0.109516352031634
"enclave",200,0.770736468697282,NA,NA,NA,NA,1,NA
"enclave",200,0.7568335839599,0.762908771929825,0.745588471177945,0.746481704260652,0.732171428571429,2,-0.0164270676691729
"enclave",200,0.711809547250496,0.703606207683865,0.703606207683865,0.70865437816605,0.701925818758123,1,-0.00315516908444569
"enclave",500,0.930696122231651,0.939147281984725,0.91217043960798,0.969937103778765,0.921051618995324,4,0
"enclave",500,0.776545980696822,0.798983459116395,0.798983459116395,0.798983459116395,0.798983459116395,2,0
"enclave",500,0.927453850250053,0.943613034052848,0.943613034052848,0.943613034052848,0.943613034052848,2,0
"enclave",500,0.983631687504774,0.920327977387894,0.920327977387894,0.920327977387894,0.920327977387894,1,-0.0633037101168801
"enclave",500,0.904799535310963,0.919671247054129,0.898952994916684,0.864964296253808,0.843588288838735,2,-0.0547069508003208
"enclave",500,0.861192268260359,0.892376784776575,0.955191418069065,0.946320922207497,0.881954939861469,3,-0.00887049586156885
"enclave",500,0.904982863856119,0.986091104742487,0.983910368795478,0.976799796310943,0.970975812926837,2,-0.00929130843154413
"enclave",500,0.779723160872068,0.889983730069335,0.905651923606418,0.901660033541088,0.894444194137819,3,-0.00399189006533007
"enclave",500,0.825802499608684,0.870028275117495,0.866286688419844,0.88294673280917,0.878831388791896,4,0
"enclave",500,0.891747671570602,0.886552514542613,0.887456895857168,0.832325387937285,0.963687277429543,5,-0.131361889492257
"enclave",500,0.898307773294263,NA,NA,NA,NA,1,NA
"enclave",500,0.896347860208854,NA,NA,NA,NA,1,NA
"enclave",500,0.885134,NA,NA,NA,NA,1,NA
"enclave",500,0.886827067669173,0.887471679197995,0.887471679197995,0.885363909774436,0.884149373433584,2,-0.00210776942355884
"enclave",500,0.891475852705106,NA,NA,NA,NA,1,NA
"enclave",300,0.902879482538428,0.903159712970534,0.921688099956,0.907186557922967,0.882688599164311,3,-0.0145015420330334
"enclave",300,0.833013827099176,0.889223705848327,0.855832528258383,0.914266836666192,0.92812371604426,5,-0.0138568793780682
"enclave",300,0.847894655545258,0.835832046133251,NA,NA,0.850692513644321,5,NA
"enclave",300,0.864882363405442,0.865284690074012,0.823618540536739,0.856540032020652,0.819588034039525,2,-0.00874465805335944
"enclave",300,0.925153914620888,0.934652117538721,0.92119684337718,0.94777374319742,0.935009378089457,4,0
"linear",500,0.982650599517505,0.960790314901721,0.952347660141388,0.949115526643222,0.955885853627311,1,-0.0335350728742834
"linear",500,0.87061450925748,0.920018098532898,0.91252943013646,0.918176712954065,0.933172568710359,5,-0.0149958557562944
"linear",500,0.966605864458154,0.963438540186053,0.979075325622371,0.990241596123083,0.971957360322702,4,0
"linear",500,0.852135475532855,0.835489848444957,0.798976585501611,0.823016264712272,0.878572265196799,5,-0.0555560004845277
"linear",500,0.987127294036705,0.932923426774828,0.946364141826269,0.975915114641834,0.97101403622458,1,-0.0112121793948704
"linear",1000,0.977079342852142,0.974036158135581,0.974092670850941,0.979488884999125,0.979127803755845,4,0
"linear",1000,0.855458940969355,0.843256678866927,0.836147700215882,0.895730809610883,0.907859509847782,5,-0.0121287002368992
"linear",1000,0.908712630433391,0.959235064176429,0.894785064976634,0.967877276582805,0.970567465271109,5,-0.00269018868830417
"linear",1000,0.979083081075021,0.97415403373054,0.975447358094689,0.98134940178743,0.97922722868217,4,0
"linear",1000,0.997258036608187,0.99614684881745,0.996358884651506,0.992257191465358,0.993575414245007,1,-0.00500084514282917
"linear",300,0.952712243395894,0.977323637178195,0.910844073505176,0.949855697691163,0.949537692603082,2,-0.0274679394870317
"linear",300,0.937800780078008,0.884442944294429,0.948368336833683,0.921486148614861,0.959051905190519,5,-0.0375657565756576
"linear",300,0.861090741016788,0.831934883283528,0.825231427059333,0.947594389125604,0.902672078386568,4,0
"linear",300,0.914267723372055,0.956049798391735,0.873868047865833,0.840827999291795,0.896940215722344,2,-0.11522179909994
"linear",300,0.847246684689713,0.862730801505454,0.92575295224893,0.841208164179746,0.813332953269102,3,-0.0845447880691836
"linear",500,0.922644386174303,0.962972170727291,0.97536463580439,0.976550658840549,0.938918563086321,4,0
"linear",500,0.946649385819905,0.954096250716285,0.980760057242805,0.985545291719294,0.988570439951558,5,-0.0030251482322633
"linear",500,0.904407058654112,0.952578292818541,0.981085819089487,0.979137248940962,0.995202827301783,5,-0.016065578360821
"linear",500,0.958847106813869,0.97960010443018,0.96606219197348,0.966483813822195,0.964480234787854,2,-0.0131162906079857
"linear",500,0.979289555972483,0.99021038148843,0.97669693558474,0.985664540337711,0.987172482801751,2,-0.0045458411507191
"linear",500,0.880462269775407,0.919725491059103,0.965616359700543,0.940725795157631,0.95806241222156,3,-0.0248905645429118
"linear",500,0.816500412510313,0.894949873746844,0.940746518662967,0.947476186904673,0.919690992274807,4,0
"linear",500,0.939464045402842,0.955811732004678,0.88435712683638,0.974494444800461,0.988972207981544,5,-0.0144777631810826
"linear",500,0.878278822579726,0.972975189829861,0.951720547238152,0.964054111638263,0.971705822982842,2,-0.00892107819159738
"linear",500,0.975405540554055,0.975230523052305,0.972371237123712,0.957276727672767,0.971584658465847,1,-0.0181288128812881
"linear",200,0.958129964253861,0.849619413474378,0.944474096339005,0.759733373731253,0.876928139525318,1,-0.198396590522608
"linear",200,0.956735424268613,0.923638951571602,0.937587022277703,0.932822802637475,0.99576491581845,5,-0.0629421131809743
"linear",200,0.826644400231667,0.840474897245304,0.769047754801138,0.874554746321687,0.892408406029342,5,-0.0178536597076555
"linear",200,0.890319964073929,0.962220615283983,0.906049622386183,0.962006079027356,0.932195040961923,2,-0.000214536256627373
"linear",200,0.91375300120048,0.881983293317327,0.920670768307323,0.823487394957983,0.916629151660664,3,-0.0971833733493398
"linear",500,0.9212495,0.9211745,0.912127,0.930232,0.9518345,5,-0.0216025000000001
"linear",500,0.951761150854619,0.90191238957173,0.952922948274758,0.960221816785097,0.952952455828692,4,0
"linear",500,0.939174669867947,0.948323329331733,0.977316426570628,0.967682573029212,0.962152861144458,3,-0.00963385354141655
"linear",500,0.93775061188356,0.938409062686519,0.940497578503359,0.945682565624762,0.955986444425751,5,-0.0103038788009886
"linear",500,0.985781978666715,0.971288311516792,0.960613664628589,0.973448454232289,0.98897166601132,5,-0.0155232117790312
"linear",500,0.922955224806015,0.929141027910368,0.911650670882873,0.975906819434152,0.976647855744932,5,-0.000741036310779264
"linear",500,0.9573304638967,0.991608697913125,0.909463740694665,0.915807469068886,0.919734110427975,2,-0.0758012288442385
"linear",500,0.835891075491986,0.805861318796729,0.841014228201345,0.868837488434898,0.885879322847641,5,-0.0170418344127429
"linear",500,0.920741927483359,0.931041086629544,0.816776773713518,0.891924083141321,0.889512428795443,2,-0.0391170034882233
"linear",500,0.815749707981311,0.877178639432924,0.906858538946493,0.902866783474142,0.910320760528674,5,-0.00745397705453144
"linear",300,0.903373030379207,0.8911849923734,0.934382696080739,0.943431960011177,0.917390851485109,4,0
"linear",300,0.913661408778084,0.924276702762767,0.912720249722203,0.95821293798652,0.946991041486011,4,0
"linear",300,0.93463496349635,0.964164416441644,0.984945494549455,0.961755175517552,0.971638163816382,3,-0.0231903190319032
"linear",300,0.897815897815898,0.918335918335918,0.874263874263874,0.866101366101366,0.883047383047383,2,-0.0522345522345522
"linear",300,0.933347933347933,0.947555447555448,0.90958640958641,0.939386939386939,0.926629926629927,2,-0.00816850816850812
"linear",200,0.870819168439466,0.952211923815125,0.931576936502269,0.935287063513734,0.952420959142095,5,-0.0171338956283612
"linear",200,0.948138696937808,0.898226025232175,0.953925071723238,0.970105814283828,0.928957482224241,4,0
"linear",200,0.677051325139236,0.849634506433647,0.786098741277767,0.802146349465463,0.760124091767493,2,-0.0474881569681839
"linear",200,0.836924390790253,0.885628670058721,0.85656270500328,0.891711267380278,0.872129454071265,4,0
"linear",200,0.800745413131086,0.90686691196716,0.861959400265325,0.838382017972016,0.91505794598383,5,-0.0766759280118144
"linear",500,0.970019351073319,0.974255964745608,0.977881913403697,0.97877188258013,0.964740101971046,4,0
"linear",500,0.965217130428261,0.946589164729118,0.920108502712568,0.935666391659791,0.961158028950724,1,-0.0295507387684693
"linear",500,0.959267423977771,0.9674122326222,0.957292331723144,0.946933512421749,0.961354948421733,2,-0.0204787202004506
"linear",500,0.911340088602884,0.952468994993577,0.907109040775736,0.903467278162631,0.945025392289868,2,-0.0490017168309461
"linear",500,0.909384686011936,0.978736906537205,0.975630381534479,0.816533994245027,0.909535211450735,2,-0.162202912292177
"linear",500,0.972022233800938,0.911935366764708,0.957135527977766,0.951327057491657,0.936974894966492,1,-0.0206951763092811
"linear",500,0.931812909006544,0.944469111505784,0.963980923694779,0.944191107057713,0.934670454727276,3,-0.0197898166370662
"linear",500,0.958475958475958,0.972483972483972,0.95967845967846,0.983401983401983,0.984752984752985,5,-0.00135100135100141
"linear",500,0.955448999042894,0.978947162920336,0.968007016110624,0.979335611967434,0.969571825029734,4,0
"linear",500,0.937744389375956,0.930153854476928,0.915668571188127,0.911916132929787,0.935844877177902,1,-0.025828256446169
"linear",1000,0.651188746288449,0.729070554714932,0.800887871917625,0.922700238719336,0.873035715892987,4,0
"linear",1000,0.797375498572072,0.898195066354317,0.97953386079978,0.968258288149848,0.941006356261384,3,-0.0112755726499324
"linear",1000,0.977723143570297,0.977467639482232,0.961706387302197,0.969468011488184,0.97312356997712,1,-0.00825513208211326
"linear",1000,0.926405837652539,0.951583064247578,0.903505131546184,0.965587690289213,0.959224633021697,4,0
"linear",1000,0.974745362704953,0.974598798069949,0.968763724802638,0.984496663028396,0.977224455985089,4,0
"linear",200,0.813052604827954,0.887667075883142,0.796789001381731,0.798412360138513,0.857179447927954,2,-0.089254715744629
"linear",200,0.909632877468766,0.78570714027764,0.731544587596122,0.801733925947267,0.975468644180549,5,-0.173734718233282
"linear",200,0.908131481659305,0.800296876000256,0.815512771269445,0.920421627936752,0.981156175981051,5,-0.0607345480442993
"linear",200,0.906990406990407,0.885935885935886,0.912497412497412,0.908637408637409,0.906424406424406,3,-0.00386000386000385
"linear",200,0.935240055569391,0.930688786404902,0.8596267769253,0.892413817935231,0.838269167489306,1,-0.0428262376341603
"linear",200,0.840693849966209,0.877774273485019,0.865762058521689,0.817514455207629,0.837239117919451,2,-0.0602598182773898
"linear",200,0.832551471852987,0.854875275509918,0.881023716853807,0.871060358172894,0.933251097039493,5,-0.0621907388665992
"linear",200,0.885543416066806,0.864393563514579,0.833442535381464,0.909544192318311,0.896038816576571,4,0
"linear",200,0.619499535365721,0.704003957143615,0.815013038768204,0.898436648191327,0.961560891097527,5,-0.0631242429061999
"linear",200,0.897647837899479,0.949831245323485,0.921987724022583,0.922040241038096,0.927352462197752,2,-0.0277910042853885
"linear",300,0.809601474826225,0.831428782918263,0.829454212267345,0.82723207006825,0.839952746343693,5,-0.0127206762754436
"linear",300,0.777485497369476,0.773032457292116,0.805728751558764,0.83592152329371,0.775335978023802,4,0
"linear",300,0.791947805442467,0.895689888804551,0.945021806068497,0.84216176592653,0.889315576463247,3,-0.102860040141967
"linear",300,0.782865545789912,0.819808378275404,0.851841166570499,0.854594191347722,0.832697994281949,4,0
"linear",300,0.761706743084016,0.700799160316342,0.710398689645236,0.696660776607326,0.856162649686219,5,-0.159501873078893
"linear",500,0.926909207636831,0.937872251489006,0.936734246936988,0.918865675462702,0.932902231608926,2,-0.0190065760263042
"linear",500,0.969141257474471,0.975550165119672,0.971043941069911,0.963748316741211,0.962987844466888,2,-0.0118018483784607
"linear",500,0.960144090056285,0.961531457160725,0.962247404627892,0.952921575984991,0.948606879299562,3,-0.00932582864290177
"linear",500,0.915698628765889,0.942520268241417,0.882925132619357,0.896750575517966,0.832530277249525,2,-0.0457696927234511
"linear",500,0.954946873671842,0.905864646616165,0.949508237705943,0.907077176929423,0.934830870771769,1,-0.0478696967424186
"linear",200,0.875965312761335,0.900117638114749,0.857130210188101,0.88968125672718,0.900333708121431,5,-0.0106524513942517
"linear",200,0.937255925540352,0.973146184163024,0.985688298726638,0.963154694580034,0.980783558394361,3,-0.0225336041466032
"linear",200,0.885570350309687,0.88300860101808,0.899689560921788,0.876258180997518,0.886411895985356,3,-0.0234313799242709
"linear",200,0.91432091555296,0.896472273001828,0.929275453916341,0.954677368385262,0.960645083222996,5,-0.00596771483773417
"linear",200,0.916113889580589,0.908424012776626,0.889803100351917,0.89791349776139,0.867239994759743,1,-0.0182003918191992
"linear",300,0.883530553327505,0.869123830523987,0.948008824080166,0.912911275536209,0.935764060999508,3,-0.0350975485439566
"linear",300,0.728617136296034,0.818605844387702,0.785612768557886,0.791139702609741,0.879074063516734,5,-0.0879343609069932
"linear",300,0.829754631907854,0.94244871994911,0.940913919128149,0.924669235170093,0.969762573464399,5,-0.0450933382943056
"linear",300,0.865860162601626,0.826439024390244,0.824274171357098,0.929960725453408,0.907442651657286,4,0
"linear",300,0.761275339866455,0.887990184304495,0.933905682054731,0.895727250164129,0.933113060639541,3,-0.0381784318906022
"linear",500,0.938502879769979,0.955735979566989,0.962273862773483,0.972351807146952,0.986489541887973,5,-0.0141377347410208
"linear",500,0.648134080761921,0.682017576782074,0.837080985108476,0.872490764733141,0.859714019490391,4,0
"linear",500,0.956568326273305,0.96561336245345,0.967992371969488,0.979504918019672,0.959436837747351,4,0
"linear",500,0.878557855755525,0.936672045708837,0.884892003457813,0.899808077378073,0.887042117800022,2,-0.036863968330764
"linear",500,0.914042564702134,0.929548234685934,0.975685041641996,0.979911857023637,0.982227137978122,5,-0.00231528095448486
"linear",500,0.897779380519288,0.935541115321364,0.915876744065077,0.938909706744985,0.959561397892917,5,-0.0206516911479319
"linear",500,0.973056068897102,0.982063713019408,0.959897358357734,0.970739531832509,0.970053520856334,2,-0.011324181186899
"linear",500,0.951522451522452,0.921669421669422,0.93986393986394,0.937022937022937,0.941669441669442,1,-0.0144995144995145
"linear",500,0.945077126928173,0.98065651641291,0.990242756068902,0.979451986299657,0.972316807920198,3,-0.0107907697692443
"linear",500,0.96782981294751,0.99391431621345,0.992020481032135,0.988851083327748,0.992682773102938,2,-0.00506323288570265
"linear",300,0.927796350167151,0.970574735172616,0.97876830891478,0.964970184731663,0.973168258514327,3,-0.0137981241831177
"linear",300,0.968568696812314,0.964379189881976,0.981911811329171,0.95936208281202,0.973179754750325,3,-0.0225497285171505
"linear",300,0.943623391897081,0.931048087077573,0.934834829429083,0.955992183499744,0.952986491135433,4,0
"linear",300,0.957300312695435,0.961897185741088,0.974297936210131,0.973182238899312,0.971216510318949,3,-0.00111569731081917
"linear",300,0.94151003596705,0.95824031510176,0.949936187492749,0.94505623102128,0.934287120275574,2,-0.0131840840804798
"linear",200,0.947570528134753,0.975600780407024,0.957946621519594,0.926635339718057,0.967220704986345,2,-0.0489654406889662
"linear",200,0.907375989820702,0.946191566067406,0.945673398181011,0.948787407119907,0.951821890292455,5,-0.00303448317254795
"linear",200,0.954032425919922,0.955681540721528,0.956316469933675,0.9499566707094,0.954871993467584,3,-0.00635979922427554
"linear",200,0.966804906618013,0.975823012850714,0.960000940271739,0.962479156476222,0.889490062628099,2,-0.0133438563744922
"linear",200,0.911803356071842,0.900631451147543,0.892535795399427,0.928837235816101,0.941109229847618,5,-0.0122719940315166
"linear",500,0.990217647835322,0.983730914312915,0.986007996287866,0.980997315903372,0.980516298586749,1,-0.0092203319319496
"linear",500,0.962958071706706,0.974097463172175,0.981215908499714,0.981503547717095,0.972815842867948,4,0
"linear",500,0.990734649946184,0.92709018547721,0.98477985532277,0.95687717453881,0.980370954419163,1,-0.033857475407374
"linear",500,0.978977474436861,0.95476836920923,0.971030275756894,0.980934523363084,0.980526013150329,4,0
"linear",500,0.994612365309133,0.982444061101527,0.98859171479287,0.979910997774944,0.986135653391335,1,-0.0147013675341884
"linear",500,0.977837300535705,0.976884291958628,0.987612388511497,0.991653924885324,0.979673817064354,4,0
"linear",500,0.696358990993589,0.765425832262095,0.716154374456872,0.768405276499634,0.768739663050486,5,-0.000334386550852828
"linear",500,0.963598532754867,0.993913494172643,0.994478319512039,0.993823942590932,0.993372682665215,3,-0.000654376921106481
"linear",500,0.964012462592712,0.894890897284664,0.866942112377448,0.847926052881975,0.928984933029573,1,-0.116086409710737
"linear",500,0.890228717674839,0.92041186983625,0.905628581058308,0.937963493582723,0.922814160513422,4,0
"linear",500,0.919704565523711,0.853489821001229,0.985436286378032,0.939087015263748,0.977367391002159,3,-0.0463492711142846
"linear",500,0.798267301965932,0.837029629066342,0.914326652151639,0.919459108446465,0.886139916591957,4,0
"linear",500,0.786410286410286,0.706197206197206,0.823454323454323,0.760693760693761,0.825670825670826,5,-0.064977064977065
"linear",500,0.960600808665502,0.967955904428259,0.968566953923268,0.967961904914298,0.956897508698205,3,-0.000605049008969738
"linear",500,0.950435642118174,0.90238645242552,0.925820286746455,0.949274129891282,0.950571201900038,5,-0.00129707200875595
"linear",500,0.763482382180173,0.887690088056582,0.789816312829487,0.970669484157119,0.943094396935979,4,0
"linear",500,0.980727672193342,0.898972602739726,0.955404915979334,0.9540037378091,0.958103722201545,1,-0.0267239343842419
"linear",500,0.911416068615438,0.931577104848591,0.925086144382486,0.911370058263109,0.930990472856393,2,-0.0202070465854817
"linear",500,0.967429309820614,0.886023087324575,0.88379726680642,0.925106715367013,0.960068249827975,1,-0.0423225944536013
"linear",500,0.913011217100954,0.918494266448398,0.941555974003766,0.935243917195255,0.919239273153458,3,-0.00631205680851121
"linear",300,0.908504036064577,0.900774412390598,0.886174178786861,0.950358205731292,0.956987811804989,5,-0.00662960607369723
"linear",300,0.765235309478714,0.818657069589813,0.820986802018268,0.873877781346332,0.881246179228812,5,-0.00736839788247978
"linear",300,0.830096941729949,0.967773100545166,0.91397309074398,0.967841608834669,0.96130931842753,4,0
"linear",300,0.915683153979528,0.894820049519099,0.934487475318169,0.927079666783996,0.938110151415326,5,-0.0110304846313294
"linear",300,0.660379094589621,0.805457985949977,0.885940575442864,0.922997411627274,0.93430654014178,5,-0.0113091285145061
"linear",300,0.946225912179158,0.958241942888348,0.918946301925025,0.926967657534123,0.915871782331214,2,-0.0312742853542249
"linear",300,0.891637066548266,0.892923071692287,0.900762103048412,0.914674158696635,0.97999091996368,5,-0.065316761267045
"linear",300,0.907621631843245,0.932993553589849,0.923242895491715,0.927042405432474,0.939642070655377,5,-0.012599665222903
"linear",300,0.948689343836851,0.828909641680976,0.968372938207995,0.959848247708064,0.970514111643043,5,-0.0106658639349788
"linear",300,0.905011625290632,0.949337233430836,0.974002350058751,0.971940298507463,0.969412735318383,3,-0.0020620515512888
"linear",200,0.611368009248333,0.8175154305555,0.851529655067582,0.815844870415335,0.905666603997744,5,-0.089821733582409
"linear",200,0.892403024141906,0.849127597496158,0.850719014152152,0.944618100025615,0.974407758869109,5,-0.0297896588434938
"linear",200,0.640420136833004,0.832702166305499,0.897406805182783,0.753763709098122,0.875961653096576,3,-0.143643096084661
"linear",200,0.620921651884224,0.878854685065413,0.939200677293747,0.899425180956918,0.872452017520773,3,-0.0397754963368295
"linear",200,0.742989964284423,0.849128302887377,0.837769825359265,0.863478311525003,0.841923418410597,4,0
"linear",500,0.861085861085861,0.821979821979822,0.892263392263392,0.912617912617913,0.909219909219909,4,0
"linear",500,0.812949679871949,0.84968737494998,0.922023309323729,0.908160764305722,0.919521808723489,3,-0.0138625450180072
"linear",500,0.94949594959496,0.943583358335834,0.96021802180218,0.945871587158716,0.968010301030103,5,-0.0221387138713871
"linear",500,0.907186059907834,0.897559943836406,0.95354252672171,0.947815160170251,0.940150169610855,3,-0.00572736655145922
"linear",500,0.933798418576719,0.975261735562006,0.980995896306676,0.984266339705735,0.979885396857171,4,0
"linear",500,0.954586842021004,0.977503041752049,0.978122898789703,0.97655499567751,0.978297499359631,5,-0.00174250368212092
"linear",500,0.947681364465932,0.930973740874744,0.931202872854764,0.887942454853996,0.880289046490779,1,-0.0597389096119365
"linear",500,0.994124495870943,0.998402591063312,0.991644360956405,0.98787139507714,0.989603838582677,2,-0.0105311959861725
"linear",500,0.990100059611684,0.982916651663726,0.982960660289417,0.985499657932955,0.987972142539938,1,-0.00460040167872899
"linear",500,0.985426368837319,0.984522360701246,0.976062784565061,0.986805381248431,0.979846318616868,4,0
"linear",500,0.962429855810688,0.949389521462144,0.978428189275889,0.970526671066692,0.957135302795552,3,-0.00790151820919616
"linear",500,0.985869611964422,0.978077295062866,0.95508840994128,0.981739413960959,0.976426015996703,1,-0.00413019800346259
"linear",500,0.921660081503899,0.966118436854494,0.986425357480264,0.973313077452723,0.988704144048934,5,-0.0153910665962115
"linear",500,0.973497536945813,0.964981620864695,0.961334300217549,0.968585931834663,0.971682628591433,1,-0.00491160511114996
"linear",500,0.92040532822633,0.913787202179309,0.898989640452122,0.879188962128079,0.899953727821223,1,-0.0412163660982515
"linear",300,0.927721272127213,0.902650265026503,0.910625562556256,0.947007700770077,0.928635363536354,4,0
"linear",300,0.883553647158397,0.934939808455529,0.883058928987684,0.92952041850456,0.906258159848493,2,-0.00541938995096847
"linear",300,0.840730583468606,0.871572295717976,0.861626614897918,0.838471201633076,0.809453297607296,2,-0.0331010940849004
"linear",300,0.835493957753791,0.809667493905739,0.784627257277353,0.807332319040203,0.789396635627696,1,-0.0281616387135882
"linear",300,0.976165332101273,0.986127820263193,0.847261015789774,0.950193059459914,0.978807461565617,2,-0.0359347608032794
"linear",300,0.955258755728692,0.923088270268806,0.913137632097331,0.919716533252251,0.954950181582087,1,-0.0355422224764405
"linear",300,0.949306893858403,0.969442024804009,0.957493056937612,0.979913873023715,0.983721681456198,5,-0.00380780843248307
"linear",300,0.893358573434294,0.901414105656423,0.860919943679775,0.876426005704023,0.946109784439138,5,-0.0696837787351149
"linear",300,0.946236236476538,0.95706100761795,0.939357475513731,0.823758882273862,0.951022961878241,2,-0.133302125344088
"linear",300,0.780833160783466,0.761738142323131,0.775324068655842,0.908515060852586,0.80169118875355,4,0
"linear",1000,0.875969259899761,0.916785259643561,0.971543189860851,0.887738486973787,0.906454160061488,3,-0.0838047028870634
"linear",1000,0.983401531811936,0.958703367662905,0.976417947516213,0.963789211621582,0.951936095722223,1,-0.0196123201903549
"linear",1000,0.968134496553256,0.960937398400823,0.968317062459548,0.960288164027214,0.952317786721006,3,-0.00802889843233401
"linear",1000,0.957214721472147,0.957781778177818,0.973610861086109,0.971315631563156,0.974974497449745,5,-0.00365886588658859
"linear",1000,0.997831800131303,0.98179873020448,0.949400329858609,0.982871571311908,0.959333617556164,1,-0.0149602288193944
"linear",300,0.980427692279995,0.987136826123615,0.980873767666736,0.985372527957225,0.975551368181223,2,-0.00176429816639012
"linear",300,0.990517897524682,0.985378528971396,0.981476869590961,0.980091135401883,0.989015143559262,1,-0.0104267621227987
"linear",300,0.941946763004854,0.939776450279562,0.930588042102565,0.93641259071757,0.951186738012464,5,-0.0147741472948941
"linear",300,0.936274877468996,0.964640267373101,0.945913349754138,0.939056513769175,0.936477387391982,2,-0.0255837536039266
"linear",300,0.914822370559264,0.903489587239681,0.90209655241381,0.927489187229681,0.922347058676467,4,0
"linear",500,0.935217915786441,0.894438976377953,0.977114641348185,0.981439248447603,0.993515339927021,5,-0.0120760914794188
"linear",500,0.993336294091287,NA,NA,NA,NA,1,NA
"linear",500,0.876813587602383,0.95107814932038,0.802705576606821,0.938936215333768,0.900129642004009,2,-0.0121419339866117
"linear",500,0.948909890989099,0.884717471747175,0.88537803780378,0.942738273827383,0.957635763576358,5,-0.0148974897489749
"linear",500,0.993362287347076,0.986110277374249,0.981901740442374,0.984113811084565,0.969573773706474,1,-0.00924847626251102
"linear",200,0.849628851540616,0.848985094037615,0.889357242897159,0.925419667867147,0.833834033613445,4,0
"linear",200,0.916731297115597,0.885771727589413,0.906400265793764,0.913541972097659,0.89946771196202,1,-0.00318932501793812
"linear",200,0.922430243024302,0.962647764776478,0.973841884188419,0.968131313131313,0.947281228122812,3,-0.00571057105710571
"linear",200,0.762446948090131,0.837513150473417,0.832768979683269,0.867488229576265,0.821659579744871,4,0
"linear",200,0.734599445580041,0.804131948750155,0.805359992959747,0.783832217959847,0.709947558112092,3,-0.0215277749999
"linear",500,0.908387175545628,0.962865886855295,0.927054310579494,0.950702350642904,0.931452258570719,2,-0.0121635362123905
"linear",500,0.955896550378717,0.984839814358132,0.949715824678683,0.993545153412655,0.968883777745986,4,0
"linear",500,0.956906448632151,0.957921985191467,0.957460968594869,0.979595265429555,0.976340148245337,4,0
"linear",500,0.904883888509718,0.922866612346674,0.955160950539742,0.945752166535878,0.968606652094477,5,-0.0228544855585989
"linear",500,0.941640541013525,0.97044826120653,0.978806970174254,0.986430660766519,0.990033750843771,5,-0.0036030900772519
"linear",500,0.965362134053351,0.920612515312883,0.954884872121803,0.95500787519688,0.92886372159304,1,-0.0103542588564715
"linear",500,0.941094372419063,0.909064996864621,0.967489066177007,0.963351065478923,0.971544056830877,5,-0.00819299135195362
"linear",500,0.84726651435065,0.83562824355091,0.937545264665752,0.934691339994158,0.914544812519256,3,-0.00285392467159362
"linear",500,0.918474918474918,0.931098931098931,0.956590456590457,0.940638940638941,0.936237436237436,3,-0.015951515951516
"linear",500,0.911123415553015,0.936671638461485,0.957343601039975,0.944736549894512,0.93619746728569,3,-0.0126070511454635
"linear",1000,0.980413823724414,0.990223912015208,0.991289921609295,0.989367904311139,0.974758272824455,3,-0.00192201729815578
"linear",1000,0.927124373668404,0.962466137814467,0.955115779403185,0.968865302805745,0.977738271199705,5,-0.00887296839395924
"linear",1000,0.98921394680834,0.990424621145445,0.994413695572162,0.991925837320574,0.990406618553072,3,-0.00248785825158826
"linear",1000,0.978191431380138,0.981669601810489,0.982375136381683,0.986515339251623,0.98199911795678,4,0
"linear",1000,0.968048328927152,0.982856008119677,0.983095707081851,0.978093119536569,0.980317606139503,3,-0.00500258754528204
"linear",500,0.981483836915949,0.970516155071864,0.984969138058988,0.970304332890326,0.980596487257118,3,-0.0146648051686615
"linear",500,0.981310895395077,0.994323938472875,0.989357697498308,0.987882492160938,0.993565561789429,2,-0.00644144631193655
"linear",500,0.926906172654316,0.965534138353459,0.940988024700617,0.958069951748794,0.962931573289332,2,-0.00746418660466508
"linear",500,0.86971848242353,0.968079105368807,0.918241182759886,0.958983068138515,0.949879529640509,2,-0.00909603723029195
"linear",500,0.968565953842261,0.980672934507695,0.987609496369206,0.984914278056523,0.977572683387354,3,-0.00269521831268338
"linear",200,0.77252822908286,0.729776328798268,0.678514675920923,0.743935400330624,0.922748277835817,5,-0.178812877505193
"linear",200,0.647419228368885,0.739105931254101,0.723918244227169,0.69871911555264,0.726191571586308,2,-0.0403868157014611
"linear",200,0.946934060163537,0.925628266359931,0.963795854067165,0.929094046160386,0.942405041134255,3,-0.034701807906779
"linear",200,0.86443161079027,0.956274906872672,0.950850771269282,0.888644716117903,0.935860396509913,2,-0.0676301907547688
"linear",200,0.958179902944963,0.932574159271497,0.96295462662021,0.956579325136374,0.932355580364512,3,-0.00637530148383569
"linear",500,0.831400041660157,0.784332576240091,0.841298334795445,0.82368740461226,0.8284002099031,3,-0.0176109301831845
"linear",500,0.934756824436764,0.891756072388633,0.902058731758833,0.925423227086534,0.894884772625448,1,-0.00933359735023043
"linear",500,0.978511414045656,0.977540410161641,0.974516398065592,0.97251239004956,0.971215384861539,1,-0.00599902399609598
"linear",500,0.964247331195888,0.965150441698588,0.953316441914734,0.973958896213841,0.982382090293038,5,-0.00842319407919756
"linear",500,0.943760993848945,0.960058140523265,0.994266448398036,0.989784908064173,0.99160792447132,3,-0.00448154033386294
"linear",300,0.861387674079588,0.921975224893969,0.925817257329127,0.975274420168269,0.98621070546319,5,-0.010936285294921
"linear",300,0.862052240559787,0.885075368693066,0.924519301445771,0.925891868701566,0.950581078472845,5,-0.0246892097712788
"linear",300,0.915781267034129,0.879741676343302,0.84539337147978,0.879919206345873,0.922214854310378,5,-0.0422956479645059
"linear",300,0.925253525352535,0.903935893589359,0.937116211621162,0.931030603060306,0.965732073207321,5,-0.0347014701470146
"linear",300,0.846785992513633,0.934596295218466,0.927242434879309,0.952759685224576,0.960775578003322,5,-0.00801589277874615
"linear",500,0.846847459729741,0.970025781369584,0.958312115642999,0.971482923969471,0.966795856972925,4,0
"linear",500,0.946446450451352,0.94088769973244,0.959234327723738,0.985101647870771,0.984044409992248,4,0
"linear",500,0.783200220049511,0.886603985896827,0.9277412417794,0.965639768948013,0.971428071316046,5,-0.00578830236803285
"linear",500,0.946058946058946,0.946228446228446,0.955965455965456,0.984356484356484,0.99007749007749,5,-0.00572100572100576
"linear",500,0.931759778576008,0.965092911851525,0.960337537548351,0.964871847964062,0.959806884189531,2,-0.000221063887463457
"linear",500,0.93788130393308,0.946128729709251,0.951355252397554,0.965212068798115,0.954589860856283,4,0
"linear",500,0.830832193041419,0.856260702739901,0.87682846808783,0.877953756161577,0.826639119614621,4,0
"linear",500,0.9525389624936,0.959219390040963,0.917179699500768,0.960387964829749,0.956976246479775,4,0
"linear",500,0.957878934566578,0.900036605271159,0.938529648269351,0.917032552687587,0.911968823510586,1,-0.0408463818789906
"linear",500,0.965947465947466,0.965304465304465,0.962593462593463,0.964563964563965,0.956192456192456,1,-0.00138350138350141
"linear",1000,0.971280050031269,0.984754971857411,0.942785240775485,0.979310068792996,0.934527579737336,2,-0.00544490306441525
"linear",1000,0.992642256541356,0.979622556212,0.991085493448393,0.985574062016481,0.990535900567196,1,-0.00706819452487473
"linear",1000,0.977771697318517,0.988884598107766,0.965241671577166,0.963076216611526,0.959118971466417,2,-0.0258083814962399
"linear",1000,0.992153874461991,0.983364233827741,0.970828533256532,0.98093919502712,0.97847815565049,1,-0.011214679434871
"linear",1000,0.960554244043908,0.951982995603795,0.966886360156554,0.963506896527569,0.974138146708951,5,-0.0106312501813822
"linear",500,0.980199,0.9792765,0.9819995,0.9881205,0.986971,4,0
"linear",500,0.978946468291434,0.98152583972092,0.978759941431566,0.992038353522907,0.981751372197596,4,0
"linear",500,0.980548422193689,0.982998431993728,0.988593954375818,0.989614958459834,0.992180968723875,5,-0.00256601026404102
"linear",500,0.962474046278924,0.980409255784866,0.965027141963727,0.982784740462789,0.973322826766729,4,0
"linear",500,0.963987499487315,0.96148809720309,0.96257348902954,0.958418989255121,0.959138749088421,1,-0.00556851023219374
"linear",200,0.834109113389934,0.774164973555454,0.783976515522103,0.814333474384253,0.860142511446632,5,-0.0458090370623795
"linear",200,0.879963666883745,0.869272807483502,0.880457845282147,0.907228009311361,0.916956021123626,5,-0.00972801181226424
"linear",200,0.835247155019557,0.78546862295846,0.834591101879252,0.755159667933103,0.722656035138846,1,-0.080087487086454
"linear",200,0.716961524458794,0.8653816147965,0.831798532512372,0.868726770447008,0.903920168352997,5,-0.0351933979059895
"linear",200,0.838270919324578,0.899982989368355,0.815790368980613,0.85544215134459,0.806830769230769,2,-0.0445408380237649
"linear",1000,0.987684485092614,0.985592378368157,0.989996207994029,0.990726094103781,0.987954127733571,4,0
"linear",1000,0.976639050127172,0.992671957751399,0.990528397790276,0.990898753702308,0.989859755224771,2,-0.00177320404909109
"linear",1000,0.995083669140085,0.971298149387246,0.979431523927544,0.984850939808828,0.980067131345197,1,-0.0102327293312571
"linear",1000,0.982427421524821,0.988034041838091,0.984445004606331,0.986289537676388,0.976762784444705,2,-0.00174450416170269
"linear",1000,0.993811607611713,0.989792703358256,0.99476582231002,0.99515140906704,0.99719486884549,5,-0.00204345977845011
"linear",200,0.790907389166506,0.774449536325197,0.762096386699981,0.844420186270741,0.776609247869819,4,0
"linear",200,0.945321289160244,0.945735161645481,0.990865278750876,0.978091282153939,0.96749724752277,3,-0.0127739965969372
"linear",200,0.864556850573954,0.862883965617812,0.771652704280564,0.851226798976659,0.850913133047382,1,-0.0133300515972949
"linear",200,0.868436727596352,0.843227274501933,0.79889449610626,0.833566253650225,0.810685336331265,1,-0.0348704739461273
"linear",200,0.873160358443226,0.802088718798469,0.92259330333973,0.811366302296721,0.813104817943362,3,-0.111227001043009
"linear",500,0.984619985517161,0.984689499141832,0.983271221159347,0.990865209581078,0.984356933959056,4,0
"linear",500,0.9866991560561,0.978313232524199,0.983300173750214,0.985512813203016,0.957043585596237,1,-0.00118634285308461
"linear",500,0.943456229355238,0.961107594272119,0.981010069493405,0.982509142948004,0.983907711477862,5,-0.00139856852985798
"linear",500,0.928503996695838,0.924748312667321,0.984549742937404,0.957120898924047,0.965429306035996,3,-0.0274288440133567
"linear",500,0.903084689680558,0.900672572178478,0.913383826259522,0.948010690736829,0.920305098105115,4,0
"linear",200,0.879995719276558,0.868516279251193,0.906389179771381,0.780974484687912,0.914534556340021,5,-0.133560071652109
"linear",200,0.896658629348977,0.853048096895849,0.864038487117457,0.862250342277724,0.796555520997201,1,-0.0344082870712528
"linear",200,0.938755410777828,0.90043065579229,0.931408487148525,0.960300235486679,0.930261141488581,4,0
"linear",200,0.949075393741542,0.955722017020877,0.932331063949807,0.938921677763542,0.934663458124423,2,-0.0168003392573345
"linear",200,0.921513605442177,0.909646858743497,0.969286714685874,0.961749199679872,0.945067026810724,3,-0.00753751500600242
"linear",200,0.690087028230132,0.915225536820868,0.943958063121487,0.920329037965765,0.973827480744904,5,-0.0534984427791388
"linear",200,0.753402455273793,0.85181562721804,0.908791173588037,0.889978186244821,0.95650863790668,5,-0.0665304516618598
"linear",200,0.732283527571404,0.844959111985949,0.88617268984721,0.916905213421831,0.875397577925273,4,0
"linear",200,0.845327163105881,0.900233984468393,0.828020415369949,0.867802776802426,0.874585725446886,2,-0.0324312076659674
"linear",200,0.605108605108605,0.678199178199178,0.81965831965832,0.858704858704859,0.857119857119857,4,0
"linear",300,0.723729774822355,0.750788201779656,0.862421279847641,0.889955828692145,0.959830216535433,5,-0.0698743878432879
"linear",300,0.872894351471764,0.80617323247641,0.809870785825178,0.800042340689402,0.803872521493155,1,-0.0728520107823619
"linear",300,0.981973116682717,0.957368411052142,0.959864033337634,0.951135605644677,0.94407325958972,1,-0.0308375110380409
"linear",300,0.811156744626979,0.873329993319973,0.888017552070208,0.89248156992628,0.888004052016208,4,0
"linear",300,0.816950089035563,0.894877977736605,0.959561638734824,0.956401101458502,0.933790873028981,3,-0.00316053727632248
"linear",1000,0.985292057430823,0.959762299314337,0.973268929796542,0.974785955305787,0.978830189207905,1,-0.0105061021250366
"linear",1000,0.991376713021213,0.9905519203955,0.950921335403323,0.9840912116544,0.990056444242917,1,-0.00728550136681361
"linear",1000,0.843028333228295,0.825013329812062,0.834366706381004,0.851618434254766,0.868760122404188,5,-0.0171416881494219
"linear",1000,0.952148952148952,0.917695417695418,0.931970431970432,0.912089412089412,0.888832888832889,1,-0.04005954005954
"linear",1000,0.983769530643074,0.945619933460238,0.973369560314315,0.975186923804054,0.966584770032849,1,-0.00858260683902046
"linear",1000,0.993182847901295,0.992473227975528,0.993421388214608,0.97573089852185,0.988619076623949,3,-0.017690489692758
"linear",1000,0.988807806330041,0.986122279966874,0.982142499929986,0.992841596953003,0.990558649495301,4,0
"linear",1000,0.991454923094308,0.99160392443532,0.996124465120186,0.992537932841396,0.989704907344166,3,-0.00358653227879047
"linear",1000,0.980488703143264,0.983518078173288,0.977203127251765,0.97593213079054,0.970528894653408,2,-0.00758594738274809
"linear",1000,0.915850735638347,0.941676603219443,0.957888855989341,0.970316882669985,0.965285252421785,4,0
"linear",300,0.885663229786825,0.939226942097177,0.928864789386083,0.935381957781192,0.954584873727674,5,-0.0192029159464824
"linear",300,0.851836572225239,0.949147346828966,0.780851483029447,0.846782460677742,0.920812418302615,2,-0.102364886151224
"linear",300,0.975318945928214,0.971861948120529,0.971861948120529,0.971861948120529,0.972021971163848,1,-0.00345699780768427
"linear",300,0.932196945440574,0.909493368180072,0.858531514152152,0.975818071209016,0.98383318791624,5,-0.00801511670722332
"linear",300,0.954547864332792,0.955479133469573,0.952544285298451,0.954419827330098,0.954161752746544,2,-0.00105930613947425
"linear",300,0.813180774507882,0.773502346084459,0.752462588653191,0.788237876563556,0.774805392994148,1,-0.024942897944326
"linear",300,0.966013988532284,0.972687150636806,0.861908758437734,0.946928304770746,0.933001792580796,2,-0.0257588458660606
"linear",300,0.939945352130707,0.933986994127154,0.956066673600999,0.926809960634331,0.944572018370645,3,-0.0292567129666672
"linear",300,0.938061482980121,0.942141813486892,0.913796017477416,0.946202642414036,0.943830950306975,4,0
"linear",300,0.795909163182469,0.682273640462764,0.661652454872094,0.62173109557986,0.747969231723085,1,-0.174178067602608
"linear",200,0.84929729308074,0.80595028197284,0.851388962505963,0.810124620094228,0.841962198938114,3,-0.0412643424117354
"linear",200,0.76536743406312,0.833421355867102,0.907068709589655,0.890973589238845,0.917675925036809,5,-0.0267023357979642
"linear",200,0.848035843908788,0.880196240394483,0.861652023729068,0.853255237666141,0.807471152161398,2,-0.0269410027283422
"linear",200,0.981267818245884,0.971365177942213,0.956583541546544,0.949402688352873,0.947428166442437,1,-0.0318651298930105
"linear",200,0.896177214151441,0.925195010999851,0.895832562159912,0.919963703993461,0.964637405095647,5,-0.044673701102186
"linear",500,0.954697321932306,0.885811502926948,0.955866700811063,0.964852112084315,0.923965364778188,4,0
"linear",500,0.892280016128532,0.948647334439919,0.957274898421265,0.872637125039146,0.917668446608256,3,-0.0846377733821192
"linear",500,0.796911250580009,0.846370541928671,0.780863993823901,0.867961387382198,0.829353269652314,4,0
"linear",500,0.980762940489802,0.949999049725371,0.968987037253766,0.972848153116251,0.94909878955018,1,-0.00791478737355089
"linear",500,0.872709891587528,0.926487419911237,0.950937253630757,0.919429003637761,0.957597477178955,5,-0.0381684735411939
"linear",1000,0.9855425,0.949079,0.957229,0.9791025,0.9728545,1,-0.00644
"linear",1000,0.98517016328674,0.970934460253557,0.976884799079793,0.980003500787677,0.983759845965342,1,-0.00516666249906239
"linear",1000,0.989036775196781,0.979898082688084,0.988603436252585,0.996888977059587,0.997255687010051,5,-0.000366709950464061
"linear",1000,0.992561565067921,0.98073130686133,0.989315848083636,0.989449418742515,0.98985963574731,1,-0.00311214632540613
"linear",1000,0.992649818497356,0.990209766413554,0.989008756364102,0.990563563957288,0.986803401660797,1,-0.00208625454006817
"linear",1000,0.922981196211832,0.954327512231916,0.978418208973439,0.977192266408173,0.975631703044799,3,-0.00122594256526609
"linear",1000,0.981653116042978,0.977010476213351,0.9789044610975,0.971956013514595,0.970733555107204,1,-0.00969710252838218
"linear",1000,0.962378145613242,0.981144321195563,0.973098031529135,0.979733770415735,0.983411402810501,5,-0.00367763239476626
"linear",1000,0.964452168931938,0.98233799606632,0.981258437183293,0.957455565837069,0.965830158749234,2,-0.0248824302292511
"linear",1000,0.954089135654262,0.935253601440576,0.925419167667067,0.88125350140056,0.979820928371348,5,-0.0985674269707882
"linear",500,0.950725556530009,0.917372256350307,0.974877773899965,0.960011640104761,0.972782255040295,3,-0.0148661337952042
"linear",500,0.963659433777233,0.955226232933463,0.945959968939003,0.955019092906805,0.95946259671538,1,-0.00864034087042842
"linear",500,0.723855014695132,0.711499403494631,0.784854063686573,0.718923470311233,0.738732648593837,3,-0.0659305933753404
"linear",500,0.960537525365123,0.940614329004286,0.948905858479885,0.966756297608095,0.961845449694718,4,0
"linear",500,0.975095118643254,0.95601337862221,0.956654504282839,0.952768242575545,0.96414097163044,1,-0.0223268760677092
"linear",500,0.951176222158172,0.950065851627676,0.964361059070311,0.962161334486237,0.953215320811516,3,-0.00219972458407391
"linear",500,0.938253161287998,0.941401186540265,0.925491897713703,0.946656236643414,0.977827191931446,5,-0.0311709552880317
"linear",500,0.941759315858294,0.94269172705163,0.981846994524585,0.952449530242837,0.98893161884391,5,-0.036482088601073
"linear",500,0.86187194748779,0.855124920499682,0.916094164376657,0.911768147072588,0.932726230904924,5,-0.0209580838323353
"linear",500,0.965785148438586,0.888331687739274,0.930369863520731,0.915903141033913,0.919287362737948,1,-0.0498820074046731
"linear",500,0.7517325,0.8100015,0.849109,0.866621,0.860467,4,0
"linear",500,0.884227166604595,0.981088638466067,0.967494924132297,0.965479594411139,0.984856494107188,5,-0.0193768996960486
"linear",500,0.932212409386313,0.942457870324524,0.95292189442749,0.944453947190738,0.957906835075337,5,-0.0134528878845986
"linear",500,0.988932291666667,0.989577332949309,0.984183487743216,0.989025297619048,0.988183243727599,2,-0.000552035330261047
"linear",500,0.93706766104626,0.938744976061232,0.952561808457831,0.941039775183744,0.985988014603449,5,-0.044948239419705
"linear",500,0.972873343853634,0.947811864175972,0.98719690719172,0.967988513112994,0.978839075441773,3,-0.0192083940787261
"linear",500,0.896927797848378,0.918493524730847,0.938102368064141,0.925066312997347,0.953499885977652,5,-0.0284335729803042
"linear",500,0.896530068770619,0.944759502835526,0.983185348668138,0.983758353825184,0.999606996462968,5,-0.0158486426377837
"linear",500,0.955119364668538,0.949601417714835,0.950947526749667,0.976141567466965,0.964733143384614,4,0
"linear",500,0.984205446225401,0.958342627091096,0.970408341876922,0.974768822985172,0.979038283613813,1,-0.00943662324022909
"linear",200,0.923009692038768,0.948999795999184,0.890734062936252,0.719617878471514,0.800794703178813,2,-0.22938191752767
"linear",200,0.691362056136084,0.681172588852795,0.785938175097214,0.893277131906995,0.898365364612504,5,-0.00508823270550951
"linear",200,0.773214058901127,0.877499177400465,0.839038023600856,0.706361969798346,0.792284866468843,2,-0.17113720760212
"linear",200,0.85161425891182,0.865678549093183,0.825646529080675,0.896490806754221,0.853412382739212,4,0
"linear",200,0.925027291809648,0.933496281490936,0.89954356455115,0.953149394563311,0.978351675034817,5,-0.0252022804715062
"linear",300,0.976122904491618,0.975343401373606,0.974180396721587,0.985213940855763,0.996788487153949,5,-0.0115745462981852
"linear",300,0.967988676498126,0.956260120104423,0.965246923037638,0.964594529911449,0.968276069939747,5,-0.00368154002829868
"linear",300,0.949469023982175,0.987301877792012,0.964289250173259,0.975585803704382,0.972213138443784,2,-0.0117160740876303
"linear",300,0.852322590331298,0.942882093884496,0.973901511360224,0.954219797818036,0.962192473225903,3,-0.019681713542188
"linear",300,0.763422350423374,0.849722503204195,0.895372652132978,0.870903708061565,0.856712200754199,3,-0.0244689440714138
"linear",500,0.987233394546516,0.926387891210849,0.957729842478743,0.958299896508644,0.964160232269466,1,-0.028933498037872
"linear",500,0.9598208882367,0.965980668413171,0.974099014615224,0.968823990133148,0.958842605512993,3,-0.00527502448207529
"linear",500,0.991497,0.935304,0.964569,0.96235,0.9653555,1,-0.0291469999999999
"linear",500,0.974227201120252,0.976768772973919,0.977507939286339,0.981397314395739,0.955814558275612,4,0
"linear",500,0.893761175402314,0.963568688472785,0.943126952570293,0.955442895944254,0.963992203719334,5,-0.0085493077750799
"linear",500,0.962165814448499,0.98607543531144,0.986034424812752,0.987465291114525,0.980345468439921,4,0
"linear",500,0.98532196969697,0.988941676276507,0.997446885610865,0.991728530014735,0.994651022647191,3,-0.00571835559613043
"linear",500,0.931850804882611,0.932044860964819,0.963774530839413,0.973193252850074,0.964927364008198,4,0
"linear",500,0.982038203820382,0.950947594759476,0.983561356135614,0.972263226322632,0.977526252625262,3,-0.0112981298129813
"linear",500,0.980499317538656,0.976221926021991,0.967193322686136,0.977297653213572,0.958572995344853,1,-0.00320166432508373
"linear",300,0.984026550044974,0.944970389335959,0.955768101325601,0.947928954416887,0.935199720652225,1,-0.0360975956280872
"linear",300,0.949299679530472,0.955781608470881,0.950488808579739,0.980990944209487,0.973606537858527,4,0
"linear",300,0.95370208331875,0.969739227653049,0.97394476550289,0.967379206412858,0.935004915044235,3,-0.00656555909003187
"linear",300,0.967687575030012,0.998499399759904,0.968369847939176,0.980802320928371,0.970590736294518,2,-0.0176970788315326
"linear",300,0.929080716322865,0.976838907355629,0.915241160964644,0.956701826807307,0.928838715354861,2,-0.0201370805483222
"linear",500,0.960775872413959,0.987231795708731,0.984427750844013,0.966691467063473,0.962570401126418,2,-0.0205403286452583
"linear",500,0.953666138531464,0.97480254945266,0.979907356283208,0.973751280327764,0.975438212182319,3,-0.00615607595544454
"linear",500,0.994893247922334,0.980838549800462,0.978770137630695,0.975404153231575,0.986273946810543,1,-0.0194890946907587
"linear",500,0.967406005139597,0.925907313063927,0.971396851170925,0.962225863965859,0.979421590111632,5,-0.0171957261457727
"linear",500,0.936729598532802,0.953487848266762,0.971666144431286,0.938603138818173,0.967352947359675,3,-0.0330630056131126
"linear",200,0.776877508714218,0.782050512448025,0.752946926312335,0.869151669407993,0.783296615561932,4,0
"linear",200,0.9004149004149,0.842732342732343,0.863610363610364,0.801679301679302,0.82956582956583,1,-0.0987355987355988
"linear",200,0.861935816801161,0.941651273753174,0.907485506326012,0.939098566983926,0.942156314661488,5,-0.00305774767756184
"linear",200,0.841115446178471,0.820848339335734,0.831017907162865,0.734259703881553,0.758038215286114,1,-0.106855742296919
"linear",200,0.759567203760558,0.818365930100766,0.722334262668823,0.774193984028234,0.778636087627634,2,-0.0441719460725323
"linear",500,0.986815656201997,0.976153973854327,0.987264184907834,0.962591105830773,0.979027157738095,3,-0.024673079077061
"linear",500,0.8897052645057,0.866583272980446,0.864540110995963,0.922326333732129,0.932646677523518,5,-0.0103203437913884
"linear",500,0.940670768307323,0.956755202080832,0.940892857142857,0.972392456982793,0.970878351340536,4,0
"linear",500,0.930719699812383,0.932694434021263,0.932182113821138,0.926564102564103,0.97765803627267,5,-0.0510939337085679
"linear",500,0.943130952714298,0.9487651555456,0.942570932553572,0.954847374505482,0.933645611242005,4,0
"linear",300,0.977891301021709,0.969411724705522,0.969411724705522,0.969411724705522,0.964535680821127,1,-0.00847957631618679
"linear",300,0.928790516206483,0.890410664265706,0.784764905962385,0.964167166866747,0.976758703481393,5,-0.0125915366146458
"linear",300,0.865571253532045,0.714212697857018,0.821344802580581,0.927184616538721,0.977275887074592,5,-0.0500912705358706
"linear",300,0.991404607118562,0.971489283685535,0.955399032811669,0.984183254838196,0.977532958440156,1,-0.00722135228036647
"linear",300,0.970232369868065,0.979320965388993,0.979725749050161,0.981561302681992,0.976832648006541,4,0
"linear",500,0.967276205485849,0.965240187161684,0.955474599271393,0.976038284344559,0.980089820808387,5,-0.00405153646382816
"linear",500,0.957999049786202,0.908384886599485,0.948383386261909,0.933836613237979,0.933812607836763,1,-0.0241624365482234
"linear",500,0.932252432252432,0.982887482887483,0.977268477268477,0.973109973109973,0.985350485350485,5,-0.0122405122405121
"linear",500,0.995533459801138,0.996974972774755,0.996362467262205,0.993674943074488,0.992657933921405,2,-0.00330002970026733
"linear",500,0.971446290770243,0.979860041552358,0.986868993759125,0.987809536988016,0.985748965201906,4,0
"linear",1000,0.936015864777374,0.98829242632889,0.934455788333628,0.970387048965399,0.989978008922437,5,-0.0195909599570379
"linear",1000,0.904258053289918,0.943071950590221,0.951240244648807,0.955365893172154,0.951912768859679,4,0
"linear",1000,0.915289206582992,0.918612120581455,0.99073016057249,0.970485999935963,0.979201520075563,3,-0.0202441606365267
"linear",1000,0.96165844268626,0.958973143001213,0.958932123147603,0.95988508438084,0.973267061257649,5,-0.0133819768768084
"linear",1000,0.949382931045009,0.977760796830134,0.968758225667787,0.95240347131938,0.973971610124114,2,-0.0253573255107545
"linear",500,0.933514405762305,0.962723589435774,0.944043617446979,0.949903461384554,0.950223089235694,2,-0.0128201280512205
"linear",500,0.867530508994941,0.926432895211865,0.903480770557757,0.914075789713696,0.898441023610157,2,-0.0123571054981694
"linear",500,0.959260333575054,0.959742442049461,0.966050861443825,0.969429621664875,0.984798079567903,5,-0.0153684579030282
"linear",500,0.968750468855492,0.976021604861094,0.965122652596834,0.977416418694206,0.972713360506114,4,0
"linear",500,0.959490240348433,0.9345316728315,0.956257706041537,0.949351291412467,0.953343921634561,1,-0.0101389489359659
"linear",500,0.929764634809763,0.95148279168182,0.938534350013174,0.917257008208177,0.905592440422341,2,-0.0342257834736428
"linear",500,0.906509634346837,0.893978183214596,0.900018900680424,0.882622274401878,0.892846642479129,1,-0.0238873599449581
"linear",500,0.9723615,0.958531,0.974827,0.9759805,0.9720495,4,0
"linear",500,0.962176213498975,0.971029312884221,0.976214299436475,0.971160388383709,0.97308849897541,3,-0.00505391105276642
"linear",500,0.918972988993736,0.919846120572262,0.893376315705154,0.90825209471475,0.907364444319839,2,-0.0115940258575113
"linear",300,0.975552197373007,0.976995281186033,0.925792344144945,0.954276975953277,0.970832882682594,2,-0.0227183052327561
"linear",300,0.940824582458246,0.943544854485449,0.971008600860086,0.965283528352835,0.970684568456846,3,-0.00572507250725074
"linear",300,0.860970738629829,0.944967042330429,0.913139464296608,0.981799025721083,0.956927511128401,4,0
"linear",300,0.918040143235772,0.961551660828578,0.982426703726271,0.985092113728162,0.988610975205884,5,-0.00351886147772174
"linear",300,0.916224746022714,0.937093433840905,0.936228426055834,0.937890441013969,0.93543241889177,4,0
"linear",200,0.854897684264545,0.908085228366156,0.830539563153506,0.936530766886907,0.875774283950221,4,0
"linear",200,0.957170328681315,0.971647886591546,0.952879811519246,0.973204892819571,0.965342361369446,4,0
"linear",200,0.808219191790815,0.773152628266006,0.939149640087624,0.953965440806348,0.927095852876747,4,0
"linear",200,0.792186003596622,0.857644222638303,0.925085887612069,0.875615323570883,0.957018666607957,5,-0.0814033430370741
"linear",200,0.941840124801743,0.964487976417437,0.980192329258719,0.981081982248995,0.953045647158718,4,0
"linear",200,0.631039915966387,0.76093287314926,0.849002100840336,0.861576630652261,0.81671118447379,4,0
"linear",200,0.781169781169781,0.618468118468118,0.832594832594833,0.799237299237299,0.721252721252721,3,-0.0333575333575333
"linear",200,0.858881277533921,0.820497341138529,0.879907590059179,0.835707269155206,0.90365578447417,5,-0.0679485153189633
"linear",200,0.739128735376447,0.862449150172732,0.865677782220926,0.900915121503401,0.859486104805515,4,0
"linear",200,0.684211105894319,0.801104903239628,0.840082850223894,0.949702225723813,0.892369290156981,4,0
"linear",1000,0.957996612848142,0.961930596437181,0.969737470692924,0.96404280911266,0.963468435490381,3,-0.00569466158026355
"linear",1000,0.986280628062806,0.95968596859686,0.960710071007101,0.976310631063106,0.958037303730373,1,-0.00996999699969991
"linear",1000,0.958919487054866,0.949509525966772,0.912484711750876,0.91623889570589,0.931904163304002,1,-0.0426805913489762
"linear",1000,0.961036502360468,0.979765986623514,0.993106411878368,0.996417978622064,0.986384612533669,4,0
"linear",1000,0.992621011803979,0.99680433973366,0.989923688413367,0.996139890566023,0.993663216334242,2,-0.000664449167637415
"linear",200,0.488895993691736,0.803365074790558,0.933022723360992,0.871567179413283,0.885916879810752,3,-0.0614555439477086
"linear",200,0.904559806946562,0.943667735183829,0.941630749282653,0.973177017676555,0.94739904113591,4,0
"linear",200,0.877705010820043,0.897592590370361,0.871917487669951,0.90059860239441,0.897709090836363,4,0
"linear",200,0.812480285510864,0.842241027967287,0.82664567793309,0.918926009707289,0.929749326828428,5,-0.0108233171211388
"linear",200,0.949219168119691,0.946624731528082,0.990114431309703,0.947351994069859,0.987807098362509,3,-0.0427624372398435
"linear",200,0.841504155698364,0.898402254792785,0.867484399247202,0.908803757187552,0.924326468701943,5,-0.0155227115143911
"linear",200,0.889150650774846,0.824033643378586,0.794400074442879,0.757100089651639,0.883892121862193,1,-0.132050561123207
"linear",200,0.730680175109443,0.795279049405879,0.907293058161351,0.833682551594747,0.815846404002502,3,-0.0736105065666042
"linear",200,0.802807844925519,0.825733711739388,0.912858605737692,0.91273610377766,0.887060192963087,3,-0.000122501960031385
"linear",200,0.670344691680104,0.724641283775943,0.842715039672854,0.846369223628456,0.875876283915989,5,-0.0295070602875332
"linear",200,0.961778044451111,0.906690167254181,0.98918472961824,0.87224030600765,0.884362109052726,3,-0.11694442361059
"linear",200,0.883216795804649,0.904794072586613,0.916806005016181,0.95791698501146,0.955899412378846,4,0
"linear",200,0.85990932694308,0.91167778160055,0.921510197468435,0.913960110255877,0.943819409995039,5,-0.0298592997391625
"linear",200,0.707872355986219,0.763492197072387,0.845709216341015,0.921135679872083,0.924983294110811,5,-0.00384761423872748
"linear",200,0.680903,0.8588365,0.8738565,0.899959,0.9038085,5,-0.00384950000000006
"linear",500,0.982640233124158,0.99022997302026,0.963735408482462,0.959175262269679,0.962343405969555,2,-0.031054710750581
"linear",500,0.91233320825516,0.910965853658537,0.937092182614134,0.930722701688555,0.939870919324578,5,-0.00914821763602258
"linear",500,0.864912231563026,0.903910867120947,0.885336849139121,0.95828798530724,0.913111348076777,4,0
"linear",500,0.918566009734477,0.971123085031167,0.926134380584649,0.931680652351965,0.937738949208511,2,-0.0394424326792012
"linear",500,0.971295026698231,0.924929916519899,0.97462943016105,0.949261860685143,0.911985350227377,3,-0.0253675694759066
"linear",200,0.823833351354165,0.892755024808679,0.808751416637633,0.942531566490863,0.906851820704735,4,0
"linear",200,0.699484774753963,0.843932852709783,0.968215442556685,0.957604922641209,0.989086965261298,5,-0.0314820426200884
"linear",200,0.947384750575234,0.928494864180776,0.925086497744603,0.948333048093447,0.862050984878283,4,0
"linear",200,0.949958794066346,0.91483073562593,0.979156998607799,0.941586088396729,0.908074762765838,3,-0.0375709102110704
"linear",200,0.821534644554313,0.766084757356118,0.804536872589961,0.915666150658411,0.827521240339845,4,0
"linear",200,0.920864277850065,0.92681062956661,0.939569612651386,0.938132319087178,0.981745070563507,5,-0.0436127514763287
"linear",200,0.978271808723489,NA,NA,NA,NA,1,NA
"linear",200,0.962238,0.959412,0.942797,0.9386565,0.973031,5,-0.0343745
"linear",200,0.853485946195407,0.834920728673526,0.965379798600676,0.838497123367347,0.923841563462611,3,-0.126882675233329
"linear",200,0.884143,0.788323,0.8425785,0.966014,0.9561745,4,0
"linear",300,0.923001747505029,0.923151290723019,0.914936916768946,0.934660616918289,0.937551952514277,5,-0.0028913355959872
"linear",300,0.887224180604515,0.913718842971074,0.958022950573764,0.957173929348234,0.948505212630316,3,-0.000849021225530544
"linear",300,0.906649984986488,0.833717846061455,0.904394455009509,0.912587328595736,0.896318686818136,4,0
"linear",300,0.938405590544802,0.957647342400866,0.952669001061179,0.917025977390179,0.968953253099774,5,-0.0519272757095949
"linear",300,0.961205896355686,0.938656976767446,0.927550799956792,0.930885953646915,0.929128609207405,1,-0.0303199427087709
"linear",500,0.917789738543267,0.938257548483103,0.945043482782898,0.953738539266513,0.909940736207117,4,0
"linear",500,0.842625762576258,0.886439143914391,0.890713571357136,0.941633663366337,0.90026202620262,4,0
"linear",500,0.947934335839599,0.979502756892231,0.969942355889724,0.985707769423559,0.988722807017544,5,-0.00301503759398503
"linear",500,0.931073919693766,0.910074416202191,0.967758484688321,0.927228982478058,0.910274120699596,3,-0.0405295022102633
"linear",500,0.856177424709699,0.96684336737347,0.800390701562806,0.94248126992508,0.906941627766511,2,-0.0243620974483898
"linear",500,0.93547838338717,0.950832762947753,0.926167088952132,0.903245594021559,0.827224703899836,2,-0.0475871689261941
"linear",500,0.880948713460529,0.825922332524818,0.894897351904178,0.800075516991323,0.88425895826561,3,-0.0948218349128553
"linear",500,0.894120311895283,0.803198856743981,0.794042408077996,0.734593495081259,0.79847962550165,1,-0.159526816814024
"linear",500,0.885380883663299,0.897410473113183,0.895034856707979,0.878836562991587,0.961068592361026,5,-0.0822320293694391
"linear",500,0.973121473121473,0.931520931520932,0.923422923422923,0.937166937166937,0.925948425948426,1,-0.0359545359545359
"linear",500,0.963043658760813,0.918320513705448,0.967053606351893,0.90117732501433,0.955025764300913,3,-0.065876281337563
"linear",500,0.651572103723338,0.78591783151209,0.851550598884749,0.824607036583231,0.927907279137806,5,-0.103300242554575
"linear",500,0.81255850374424,0.951238379256272,0.926653805843574,0.912054871511777,0.956863739279314,5,-0.0448088677675371
"linear",500,0.802658082763918,0.876835264278056,0.904837296570706,0.914682714310861,0.917451112960266,5,-0.00276839864940548
"linear",500,0.900954637209824,0.878183125330428,0.948675483426521,0.967408261106394,0.975617400150595,5,-0.00820913904420129
"linear",300,0.871300319607142,0.850146991258599,0.739559216406967,0.799960261811601,0.941549328905078,5,-0.141589067093477
"linear",300,0.950274096322278,0.864851659930528,0.900703218843985,0.897470172459146,0.889547333499361,1,-0.0528039238631328
"linear",300,0.841370155975077,0.857026180566184,0.860579707535478,0.926248685870216,0.919281172258783,4,0
"linear",300,0.958632994592346,0.79514721281275,0.906799222705947,0.893204077693401,0.952491751501932,1,-0.0654289168989447
"linear",300,0.863766820269124,0.874260988175811,0.870168922702763,0.931336901390422,0.963908422534761,5,-0.0325715211443384
"linear",300,0.927304182604565,0.956809420235506,0.948771219280482,0.963406085152129,0.927343183579589,4,0
"linear",300,0.819419106144804,0.828400366471828,0.815101759944949,0.838274801861165,0.877489988037655,5,-0.0392151861764907
"linear",300,0.987195487195487,0.966543966543967,0.987875987875988,0.983553483553484,0.982701982701983,3,-0.00432250432250425
"linear",300,0.93748991328179,0.91375392316953,0.944821015257634,0.954184496977242,0.949563401727548,4,0
"linear",300,0.871105437687003,0.948922682762924,0.908402534440551,0.952157734523752,0.958172330757292,5,-0.00601459623353973
"linear",300,0.910844946732076,0.920682914910512,0.945544450352533,0.959502058317837,0.960774800702161,5,-0.00127274238432418
"linear",300,0.868337068785323,0.811215157034001,0.919735287969844,0.933654972251642,0.935988754639311,5,-0.0023337823876689
"linear",300,0.909717387651239,0.939551525190449,0.962781972184879,0.948648854106651,0.992864173228346,5,-0.0442153191216951
"linear",300,0.948644,0.9338205,0.9137915,0.9808555,0.985087,5,-0.00423150000000005
"linear",300,0.887533916023376,0.919791544689084,0.967978569977351,0.974618654288256,0.978328774499354,5,-0.00371012021109751
"linear",500,0.952670919324578,0.977065666041276,0.97735784865541,0.986081300813008,0.974575609756098,4,0
"linear",500,0.96257740123842,0.899407390518248,0.976845129522072,0.969283008528136,0.967472479559673,3,-0.00756212099393594
"linear",500,0.937845940613465,0.963737173634563,0.973988765898893,0.989686407177665,0.977950301552714,4,0
"linear",500,0.913753577646057,0.88401218927412,0.8770375939398,0.920155048848196,0.977025480748535,5,-0.0568704319003395
"linear",500,0.929745014723769,0.934372199283016,0.940798844504193,0.970254385122591,0.972403935407464,5,-0.00214955028487285
"linear",300,0.948402279985318,0.931883488309524,0.957778364543608,0.936293733640985,0.93451593319271,3,-0.0214846309026225
"linear",300,0.963202287648379,0.973362779104704,0.98255258030574,0.986062268204568,0.975278154518286,4,0
"linear",300,0.976324088558478,0.971774262154472,0.961923477644699,0.969692010981235,0.965800238000158,1,-0.00663207757724238
"linear",300,0.96374799919968,0.980703281312525,0.965394157663065,0.967120848339336,0.974041116446579,2,-0.0135824329731893
"linear",300,0.966328738227041,0.963039514711945,0.962862394979006,0.949599429214149,0.950105771501535,1,-0.0167293090128927
"linear",300,0.957625108704245,0.911166240189098,0.945774969953096,0.957436971552262,0.945796986002796,1,-0.000188137151983847
"linear",300,0.797953599726387,0.881039670943876,0.906376912468711,0.932108173300492,0.937547939849053,5,-0.00543976654856093
"linear",300,0.874870437291649,0.894204795120839,0.938952452987246,0.958706513952753,0.948895265308409,4,0
"linear",300,0.952806463133191,0.936409543845328,0.948260321976233,0.939560681405988,0.921952324789249,1,-0.0132457817272035
"linear",300,0.924849199396798,0.947453789815159,0.938966255865023,0.941097764391058,0.939520758083032,2,-0.00635602542410174
"linear",1000,0.964937443699329,0.95532178961065,0.966953257932139,0.962754479031128,0.983115804223801,5,-0.0203613251926734
"linear",1000,0.963804683499744,0.935188852086534,0.992741535458269,0.975310919898874,0.983712457597286,3,-0.0174306155593958
"linear",1000,0.942746335765489,0.887459297395033,0.92473868327573,0.860381064388121,0.959891933083717,5,-0.0995108686955966
"linear",1000,0.951343740361081,0.984671365451712,0.980721161356999,0.989394685926478,0.984216208204648,4,0
"linear",1000,0.94943897290889,0.944789447123472,0.984510425511463,0.993777435556481,0.994218006536471,5,-0.000440570979990063
"linear",200,0.711152973845864,0.785627346639472,0.810786226904259,0.797956094550788,0.826568566952103,5,-0.0286124724013158
"linear",200,0.822735959459852,0.821271364515958,0.839198887588584,0.824293655791157,0.787672775652686,3,-0.0149052317974274
"linear",200,0.969319324577861,0.93781263289556,0.927227517198249,0.953897686053784,0.97507292057536,5,-0.0211752345215759
"linear",200,0.948424625109717,0.932884055490668,0.9544391833532,0.876816402594582,0.863710380429942,3,-0.0776227807586179
"linear",200,0.940241,0.969478,0.978709,0.9783785,0.975545,3,-0.000330500000000011
"linear",1000,0.971567651676573,0.984741224627117,0.981372859225556,0.98315366715263,0.983350922795943,2,-0.00158755747448691
"linear",1000,0.948508266713661,0.975016621541518,0.979743747897275,0.984608552684279,0.988211221743379,5,-0.00360266905910056
"linear",1000,0.92032042032042,0.926392426392426,0.958217458217458,0.94970144970145,0.951677451677452,3,-0.00851600851600853
"linear",1000,0.92839229910491,0.952265033870974,0.968827400077625,0.993066753628176,0.970683001292419,4,0
"linear",1000,0.950276801107204,0.973253893015572,0.98873545494182,0.979612418449674,0.987346449385798,3,-0.00912303649214596
"linear",1000,0.992227476585411,0.95995315081756,0.983380242527535,0.966009337830215,0.978693323891483,1,-0.0262181387551961
"linear",1000,0.986871,0.9781015,0.9782345,0.97844,0.9488705,1,-0.00843100000000008
"linear",1000,0.993937210756723,0.997412883051907,0.998445028142589,0.995699312070044,0.997668042526579,3,-0.00274571607254526
"linear",1000,0.969332102659797,0.983793851504288,0.996797512491103,0.984896552345504,0.986703520133425,3,-0.0119009601455986
"linear",1000,0.997411741174117,0.986877187718772,0.992279227922792,0.991521152115212,0.993700370037004,1,-0.00589058905890594
"linear",300,0.941022102210221,0.956657665766577,0.981257125712571,0.977055205520552,0.961442644264426,3,-0.00420192019201926
"linear",300,0.927265826795656,0.960801005920008,0.912132406025894,0.896080501676533,0.977108601658886,5,-0.0810280999823523
"linear",300,0.80484547443708,0.898802356884848,0.975634122828422,0.916132480769308,0.978267217619834,5,-0.0621347368505266
"linear",300,0.942574051460227,0.959703124078013,0.963136039460775,0.961724868709114,0.960330199954194,3,-0.00141117075166097
"linear",300,0.888124141537703,0.965292325509868,0.84240460611671,0.954135195977362,0.926560710754184,2,-0.0111571295325056
"linear",500,0.854013758599124,0.851925953721076,0.856202626641651,0.843244527829894,0.848300187617261,3,-0.0129580988117574
"linear",500,0.930891523161714,0.907499207150353,0.958412159762455,0.929539927107855,0.941961905200193,3,-0.0288722326546006
"linear",500,0.943716874029239,0.950733374965973,0.932163316039775,0.963399805447471,0.936234507854158,4,0
"linear",500,0.891277261372916,0.833894773502426,0.764717538550223,0.857688928119646,0.906481681638404,5,-0.0487927535187587
"linear",500,0.873115389386161,0.963608209059735,0.94835876824091,0.938087440330667,0.906373164905429,2,-0.0255207687290682
"linear",500,0.924685786431816,0.916535192019681,0.979454939628376,0.988823571194897,0.973682393935726,4,0
"linear",500,0.969447011614276,0.981273829670615,0.979213425831463,0.986698392885005,0.980973770859088,4,0
"linear",500,0.972131037683386,0.979151413677081,0.988180683413949,0.966128861256806,0.986748902784946,3,-0.0220518221571429
"linear",500,0.943843772612767,0.946076650463039,0.952965944359206,0.93776516049998,0.949672174298585,3,-0.0152007838592256
"linear",500,0.987948951795807,0.992010468041872,0.986475945903784,0.984309437237749,0.980545922183689,2,-0.00770103080412321
"linear",200,0.603953057751977,0.624735762185967,0.670561505354819,0.764474527074367,0.752260034030628,4,0
"linear",200,0.91468888034568,0.926252247598224,0.846950574864543,0.844433164738438,0.915403706684928,2,-0.0818190828597859
"linear",200,0.855970203731834,0.855395698561287,0.792197629778668,0.85074015666141,0.823191908727179,1,-0.00523004707042363
"linear",200,0.890930093009301,0.883852885288529,0.900074507450745,0.865534053405341,0.797683268326833,3,-0.0345404540454045
"linear",200,0.841380052020808,0.91687224889956,0.869428771508603,0.955909863945578,0.914436274509804,4,0
"linear",200,0.757468115937681,0.887563990635541,0.884851357716528,0.85307380061623,0.840758697176162,2,-0.034490190019311
"linear",200,0.781981,0.7430375,0.9212005,0.92233,0.932346,5,-0.010016
"linear",200,0.887389955697196,0.905222109189556,0.878456373892055,0.877494095793684,0.844506062251991,2,-0.0277280133958714
"linear",200,0.935387173938262,0.938266277585993,0.904822073594649,0.91994561804225,0.948493645771248,5,-0.0285480277289982
"linear",200,0.941850650681883,0.945728840713195,0.957880436141371,0.953528222882921,0.930769107686277,3,-0.0043522132584497
"linear",500,0.961464378614668,0.978277240456477,0.954721332427927,0.974150406182901,0.98417771839519,5,-0.0100273122122891
"linear",500,0.828457105025507,0.849729328075574,0.934972232750853,0.922933757634368,0.87785860654713,3,-0.0120384751164845
"linear",500,0.878648816506797,0.919173720020122,0.907310784604937,0.939549685511947,0.971108504129,5,-0.0315588186170527
"linear",500,0.926685172644545,0.962112666744137,0.966501909368125,0.943440729446744,0.949588073361409,3,-0.0230611799213813
"linear",500,0.996981489871788,0.986075646784307,0.96477154639134,0.947590142734122,0.960131762267823,1,-0.0493913471376662
"linear",200,0.979725,0.9839315,0.9727835,0.978976,0.9556745,2,-0.0049555
"linear",200,0.958083217972472,0.961552051521512,0.955952670516366,0.962282253245369,0.940623439124999,4,0
"linear",200,0.959374984374609,0.961601040026001,0.94060851521288,0.936180904522613,0.929786744668617,2,-0.0254201355033876
"linear",200,0.974766366356755,0.981699864780528,0.982699508729257,0.97681566145525,0.980799735161863,3,-0.00588384727400748
"linear",200,0.825153803971485,0.829823960997634,0.93020381778082,0.823998523001549,0.928711308844779,3,-0.106205294779271
"linear",200,0.896630239526947,0.802159723305768,0.872004912962941,0.936271009117787,0.887979043892603,4,0
"linear",200,0.752286316918545,0.911234370997695,0.792014200179303,0.772992243532275,0.85601806640625,2,-0.13824212746542
"linear",200,0.968272861393814,0.971375059388362,0.95380760671151,0.907559200820184,0.959405366207397,2,-0.0638158585681778
"linear",200,0.867119172560651,0.855665429830565,0.870791655158887,0.844874134915203,0.843646304902114,3,-0.0259175202436848
"linear",200,0.865267880310694,0.848530933696405,0.859246246309426,0.912807280661944,0.88356320837228,4,0
"linear",500,0.947784935217774,0.970097200859427,0.956329163960527,0.986999022287247,0.971665344035802,4,0
"linear",500,0.984060071268623,0.995557462452957,0.974292889439622,0.987629503169884,0.981609774782749,2,-0.00792795928307333
"linear",500,0.929343854594882,0.964284747679178,0.975026037516076,0.969107827894775,0.938539934382452,3,-0.00591820962130074
"linear",500,0.803096738695478,0.923821028411365,0.931015906362545,0.909929471788716,0.962175370148059,5,-0.0522458983593437
"linear",500,0.947411632270169,0.910871794871795,0.961226766729206,0.945334333958724,0.959594246404002,3,-0.0158924327704815
"linear",300,0.956245924853295,0.958357000852031,0.956218423863259,0.955808409102728,0.972420507138257,5,-0.0166120980355293
"linear",300,0.800281304500872,0.860801272820365,0.755969595513528,0.574981699707195,0.728172150754412,2,-0.28581957311317
"linear",300,0.872966491865967,0.893890075560302,0.891021064084256,0.944847779391118,0.926771707086828,4,0
"linear",300,0.950689253960997,0.925447622401479,0.964680924287611,0.968185469792178,0.94648489984083,4,0
"linear",300,0.800631009615385,0.861666666666667,0.907685797275641,0.927530048076923,0.940950020032051,5,-0.0134199719551282
"linear",500,0.86067731804726,0.936424196539803,0.937350033448299,0.939409507328583,0.983223274408246,5,-0.043813767079663
"linear",500,0.988395032783469,0.964186164414306,0.989777208675997,0.989087874124305,0.977666261883006,3,-0.000689334551692067
"linear",500,0.857779124708443,0.85893585142688,0.887425435385335,0.909658293025433,0.895515020944105,4,0
"linear",500,0.927889274602227,0.890623765475622,0.830351972588683,0.849914339635096,0.898363702007943,1,-0.077974934967131
"linear",500,0.871794794722583,0.890271565751295,0.880866858237548,0.848773725933407,0.903547768479777,5,-0.0547740425463698
"linear",200,0.618219318665365,0.861522364896999,0.831111111111111,0.8682030487347,0.869350954919777,5,-0.00114790618507676
"linear",200,0.787320222600359,0.781473111793357,0.851827009550448,0.869062731646124,0.8573645085876,4,0
"linear",200,0.786898313357123,0.846462390584244,0.931141084316142,0.873107227440751,0.879454141396361,3,-0.0580338568753901
"linear",200,0.609131246099938,0.739661334581353,0.679323369173907,0.795361225779612,0.778692459079345,4,0
"linear",200,0.788331726133076,0.906509010835834,0.885971394839535,0.913280781389723,0.915952438888839,5,-0.00267165749911624
"linear",500,0.853941848546214,0.86516862921573,0.951270281757044,0.970682267056676,0.952904322608065,4,0
"linear",500,0.917688966759371,0.944308771129785,0.894703840488184,0.920848621582458,0.788368130038372,2,-0.0234601495473279
"linear",500,0.929287472777673,0.940740107178691,0.938255210130857,0.902161680366612,0.855388795355123,2,-0.0385784268120791
"linear",500,0.893282355870825,0.930814395966073,0.880457817083184,0.890152102320288,0.950121459838247,5,-0.059969357517959
"linear",500,0.887795494173397,0.945051663650578,0.926844090716749,0.949375224456029,0.961828219987415,5,-0.0124529955313868
"linear",300,0.993583685600594,0.993666189643293,0.989468483955714,0.996570831970767,0.993024658208252,4,0
"linear",300,0.909161782837745,0.969867376022802,0.988736169156619,0.988809226433524,0.989191025764199,5,-0.000381799330675281
"linear",300,0.926627404742832,0.961755126001174,0.909003041149016,0.923520752516873,0.917592962055141,2,-0.0382343734843007
"linear",300,0.936872839446898,0.96507705972729,0.966681470456437,0.976062872095256,0.973316168939248,4,0
"linear",300,0.857919667867147,0.925846338535414,0.973292817126851,0.906174969987995,0.943841036414566,3,-0.0671178471388556
"linear",200,0.923316788659881,0.837298821204518,0.746777488976607,0.809356557881188,0.831149323095171,1,-0.113960230778693
"linear",200,0.916683250149251,0.847882630943678,0.824679922119299,0.861184750662756,0.912259710337393,1,-0.0554984994864953
"linear",200,0.855727306183023,0.924890796068658,0.95358832917985,0.879396658279698,0.908315199347177,3,-0.0741916709001524
"linear",200,0.775338991610589,0.790827750559777,0.723277440594589,0.62408558019343,0.770604759633222,2,-0.166742170366348
"linear",200,0.803061212244849,0.823681794727179,0.851470905883624,0.890421061684247,0.893605074420298,5,-0.00318401273605096
"linear",500,0.977141093714363,0.976919521925104,0.964395464130378,0.965389786290758,0.958535065361177,1,-0.0117513074236052
"linear",500,0.929691723632519,0.847169327742871,0.903196595264125,0.878020491688392,0.896135432560039,1,-0.0516712319441274
"linear",500,0.942426028574831,0.974052584333979,0.937345825106503,0.948244770437649,0.943283153418842,2,-0.0258078138963304
"linear",500,0.938292001652134,0.926264027386218,0.837568343035786,0.870314495474133,0.857650969728548,1,-0.0679775061780004
"linear",500,0.973960973960974,0.951698951698952,0.973931973931974,0.982298982298982,0.964779464779465,4,0
"linear",500,0.949545270897337,0.944610455069124,0.943911410330261,0.923899129544291,0.937941528257809,1,-0.0256461413530465
"linear",500,0.927822850405654,0.962385161466453,0.973960265642391,0.938912450212052,0.938196943772494,3,-0.0350478154303389
"linear",500,0.948480402158823,0.979110905737525,0.956477469584038,0.963065260791115,0.94842539137671,2,-0.0160456449464095
"linear",500,0.936423901344035,0.982558849067098,0.954322200392927,0.940812323192714,0.944289449781729,2,-0.0417465258743833
"linear",500,0.891271544715447,0.896310694183865,0.883348592870544,0.860004502814259,0.862637148217636,2,-0.036306191369606
"linear",500,0.767192344750373,0.911910400601918,0.896633819290405,0.907901780041642,0.866613438508971,2,-0.0040086205602764
"linear",500,0.79826090609313,0.788090687326158,0.751590518797677,0.866926010495774,0.906495197688409,5,-0.0395691871926356
"linear",500,0.859485507072453,0.874784486207117,0.909241191436252,0.937167478718638,0.942954849110343,5,-0.00578737039170507
"linear",500,0.885835741387039,0.854101462442367,0.935372774718238,0.93365478515625,0.94152581887167,5,-0.00787103371542008
"linear",500,0.901107964754129,0.908799856662252,0.868667789745946,0.866636838001319,0.924949376350673,5,-0.0583125383493537
"linear",300,0.979311486759592,0.935662860824639,0.976687216612841,0.955897154222644,0.982276421788145,5,-0.0263792675655017
"linear",300,0.986682986682987,0.885182385182385,0.990529990529991,0.981841481841482,0.987933487933488,3,-0.00868850868850879
"linear",300,0.917376146274882,0.946057534893588,0.942368040795578,0.9450358442307,0.897761887035636,2,-0.00102169066288804
"linear",300,0.899174047139017,0.947758656554019,0.93572988671275,0.979104662698413,0.976078469022017,4,0
"linear",300,0.885405716286164,0.918745217673977,0.900332074716811,0.888410392338276,0.901389312595334,2,-0.0303348253357005
"linear",1000,0.907292662535851,0.997238400582421,0.974894096187463,0.975649123368441,0.974948098131533,2,-0.0215892772139797
"linear",1000,0.984405859652737,0.973903265129386,0.957817620358583,0.992117429056862,0.991579424214818,4,0
"linear",1000,0.971810048960783,0.983428234851758,0.981286700587209,0.964148426374822,0.982253716059457,2,-0.0192798084769357
"linear",1000,0.929979879678075,0.924526292420679,0.942699583193331,0.944565613049809,0.957923826781228,5,-0.0133582137314197
"linear",1000,0.827852641056423,0.858340336134454,0.818662464985994,0.85265706282513,0.83547318927571,2,-0.00568327330932372
"linear",200,0.762855051420206,0.815852763411054,0.89874059496238,0.809525738102952,0.821414785659143,3,-0.0892148568594275
"linear",200,0.922941068228367,0.894729762704813,0.946130052323349,0.900210113447261,0.988380756368408,5,-0.088170642921147
"linear",200,0.919367487980769,0.851558493589744,0.860853365384615,0.802498497596154,0.866277043269231,1,-0.116868990384615
"linear",200,0.88851599664397,0.922388301494713,0.947927531347782,0.972761754855794,0.962571163140468,4,0
"linear",200,0.92970950140809,0.886529737903226,0.875488531266001,0.882354970718126,0.943372875864055,5,-0.0610179051459293
"linear",500,0.919093822004608,0.859056979646697,0.911479334677419,0.97755856374808,0.956366207437276,4,0
"linear",500,0.918119162138401,0.952150913504382,0.938017524961719,0.734828185963428,0.837501537759881,2,-0.217322727540954
"linear",500,0.949167449167449,0.986193486193486,0.995326995326995,0.987563987563988,0.967627967627968,3,-0.00776300776300776
"linear",500,0.957515524839744,0.915994591346154,0.973059395032051,0.950102163461538,0.954686498397436,3,-0.0229572315705129
"linear",500,0.823473675578809,0.924424790796653,0.963097909566553,0.971350041600666,0.957704323269172,4,0
"linear",500,0.869004288930232,0.912573348120675,0.932668504064014,0.921818943226025,0.966550652155836,5,-0.0447317089298113
"linear",500,0.853282810857732,0.846117959780029,0.945707339659643,0.938059464913781,0.875315890478633,3,-0.00764787474586259
"linear",500,0.975157422668864,0.96268612680226,0.966565185386696,0.972403526107759,0.970229713078683,1,-0.00275389656110481
"linear",500,0.969789516632266,0.962456899310389,0.952601241619866,0.964084925358806,0.967191475063601,1,-0.00570459127346035
"linear",500,0.948732873287329,0.972429742974297,0.944624462446245,0.966529652965297,0.976459645964596,5,-0.00992999299929986
"linear",500,0.913087311755687,0.939839832931765,0.93901719390577,0.959208106169943,0.947897194625892,4,0
"linear",500,0.964876464876465,0.95949045949046,0.951469451469451,0.966336966336966,0.966768466768467,5,-0.00043150043150042
"linear",500,0.982890150283814,0.975332949913731,0.969684679052787,0.98763871871171,0.988342377034833,5,-0.000703658323122691
"linear",500,0.88410408266129,0.855614259312596,0.898577508960573,0.912815920218894,0.972466237839222,5,-0.0596503176203277
"linear",500,0.952762697828487,0.968121409482966,0.967236782096622,0.949076667040054,0.969067045654574,5,-0.0199903786145205
"linear",500,0.889002501022509,0.865271787446087,0.893028037252335,0.868556317006853,0.875227377046393,3,-0.0244717202454822
"linear",500,0.913978494623656,0.919354338677675,0.938734579013057,0.965731306803635,0.973272789458525,5,-0.00754148265488996
"linear",500,0.625243212799821,0.877563300351427,0.795312107670869,0.810102446983361,0.834354201866874,2,-0.0674608533680658
"linear",500,0.915647150354406,0.944837617401878,0.893531796508744,0.970086521384342,0.948719179506872,4,0
"linear",500,0.870846234158986,0.874426963325653,0.91906982046851,0.883568548387097,0.971801195276498,5,-0.0882326468894009
"linear",500,0.924959824638422,0.959097631878687,0.939122452102069,0.964462680164122,0.965961193650743,5,-0.00149851348662133
"linear",500,0.997142714196373,0.995022889305816,0.992627392120075,0.994774734208881,0.992565853658537,1,-0.00236797998749216
"linear",500,0.966761444156562,0.97045155681792,0.97184417499016,0.972183190632953,0.970475593377527,4,0
"linear",500,0.987343874435227,0.985067272559919,0.987390396952125,0.983360946698202,0.982021798550498,3,-0.00402945025392287
"linear",500,0.962262726272627,0.971326132613261,0.987370737073707,0.957453245324532,0.982835283528353,3,-0.0299174917491749
"linear",500,0.890254744075905,0.924708295332725,0.853615157842526,0.949186186978992,0.982815225043601,5,-0.033629038064609
"linear",500,0.800853705937273,0.844977540381233,0.861096975064013,0.942351808590353,0.888921056744097,4,0
"linear",500,0.846952500672533,0.808119597860295,0.723691460881583,0.817440054562674,0.888098016802823,5,-0.0706579622401498
"linear",500,0.940137032634061,0.963127574240186,0.935353298830009,0.988169002245518,0.966269197977833,4,0
"linear",500,0.839409468667848,0.898633157142914,0.928317774959087,0.854707425205767,0.910536513830481,3,-0.07361034975332
"linear",500,0.906798661187951,0.96234616111545,0.934257908321175,0.874034366309297,0.892370031330282,2,-0.0883117948061533
"linear",500,0.898867772786335,0.926293698878976,0.865372092534743,0.854655495438182,0.935860963818544,5,-0.0812054683803619
"linear",500,0.996063315427477,0.957792552445732,0.989314570239426,0.996949595215491,0.982082126590797,4,0
"linear",500,0.831669208384868,0.765652581144854,0.790174157730626,0.789308572595074,0.837466127101921,5,-0.0481575545068467
"linear",500,0.905735093946368,0.925021927653246,0.931205675886782,0.916737425228453,0.868977146234694,3,-0.0144682506583296
"linear",300,0.871264034407742,0.908519416868795,0.925914830836938,0.954393238478658,0.922226500962717,4,0
"linear",300,0.931127665790243,0.927351838289732,0.910524693951873,0.933961537384094,0.948881258529128,5,-0.0149197211450341
"linear",300,0.962004050101253,0.959523988099703,0.978171954298858,0.965857646441161,0.965330133253331,3,-0.0123143078576965
"linear",300,0.722690448157519,0.847249179588667,0.959627746186027,0.920859239960921,0.96475162203462,5,-0.0438923820736992
"linear",300,0.946534119288636,0.960842869998068,0.976738145357689,0.970153817818924,0.969056763549771,3,-0.00658432753876481
"linear",500,0.919077834687956,0.943185006171949,0.925590443097837,0.939362606005226,0.951475556677728,5,-0.012112950672502
"linear",500,0.980586325276927,0.983342850085651,0.932324390919518,0.935069915629241,0.934745912713214,2,-0.0482729344564101
"linear",500,0.956178290292502,0.958693007415589,0.961816018953173,0.932330247839955,0.945913822289988,3,-0.0294857711132188
"linear",500,0.875321717481017,0.894736842105263,0.905396047728264,0.915093603275814,0.954576793912685,5,-0.0394831906368706
"linear",500,0.902991246571082,0.932820708214703,0.962103643078511,0.980938565989734,0.953986745350522,4,0
"linear",1000,0.909383243072317,0.975960749466639,0.924712605721468,0.988677345885819,0.952733547878366,4,0
"linear",1000,0.986000100010001,0.975996099609961,0.98957695769577,0.989410441044104,0.995608060806081,5,-0.00619761976197619
"linear",1000,0.980287790360453,0.985785988295579,0.981005816209384,0.982938385781888,0.986585017060614,5,-0.003646631278726
"linear",1000,0.982237863223246,0.988297251024066,0.985635580677163,0.992763536866359,0.990535394265233,4,0
"linear",1000,0.948830883412595,0.960347412371299,0.949786632720052,0.965307801316232,0.971590226737762,5,-0.00628242542153046
"linear",300,0.831479932441086,0.856098612800973,0.842637359118853,0.808411645107582,0.960911985303535,5,-0.152500340195953
"linear",300,0.914649333657427,0.981661200086825,0.973422319050205,0.974663677802885,0.899712516917389,2,-0.00699752228394013
"linear",300,0.935583558355836,0.962993799379938,0.952670267026703,0.978556855685569,0.926285128512851,4,0
"linear",300,0.722941,0.76837,0.7761545,0.772841,0.95293,5,-0.180089
"linear",300,0.932874873901139,0.971529178876239,0.988484471825911,0.977802096843926,0.975046436406142,3,-0.0106823749819859
"linear",200,0.885456888031722,0.96580141965997,0.939576422760975,0.989197499989997,0.944293451078149,4,0
"linear",200,0.928575929584156,0.954175189417619,0.937864519516891,0.95005926333425,0.912366782526068,2,-0.00411592608336875
"linear",200,0.979072929579748,0.96963793846945,0.974422969750998,0.971926649197425,0.973109775071013,1,-0.00714628038232223
"linear",200,0.952472123943391,0.883827584688781,0.892293961321721,0.894468213691086,0.892989361872438,1,-0.0580039102523053
"linear",200,0.953905266326572,0.951812096779839,0.890892662305647,0.9654016975375,0.911585838452915,4,0
"linear",500,0.812110475070404,0.750841553859447,0.781924543170763,0.878600230414747,0.946732090853815,5,-0.068131860439068
"linear",500,0.959972493811107,0.908656447700733,0.949019529394114,0.939744942612088,0.956511715135906,1,-0.0202275511990198
"linear",500,0.889449134497357,0.719598687341867,0.753685212555425,0.741047621433403,0.778931836969864,1,-0.148401513063955
"linear",500,0.951659740022979,0.947680050164326,0.95868655209407,0.972062537124907,0.966509702810424,4,0
"linear",500,0.93509849565718,0.999434307026107,0.994876723986884,0.997767264899502,0.983983379640059,2,-0.00166704212660518
"linear",500,0.911004804307476,0.9857910906298,0.98324942796339,0.991612463197645,0.989006796434972,4,0
"linear",500,0.821059622714198,0.900538850726009,0.891523058416796,0.93323156936888,0.933314338285088,5,-8.27689162087308e-05
"linear",500,0.896066,0.917794,0.9103745,0.9168225,0.911715,2,-0.000971500000000014
"linear",500,0.888950579951617,0.938653995578269,0.954548594979093,0.956528160496003,0.977997985389064,5,-0.0214698248930614
"linear",500,0.830550158702513,0.932125272386764,0.955100851918694,0.915253558669882,0.975082554334716,5,-0.0598289956648339
"linear",500,0.904796288499368,0.931713468790972,0.951187046150738,0.93347661160554,0.963875073880984,5,-0.0303984622754443
"linear",500,0.800634810156962,0.955754292068673,0.971022036352582,0.965591949471192,0.94167856685707,3,-0.00543008688139013
"linear",500,0.84281912765106,0.843774009603842,0.964098639455782,0.928834533813525,0.959488295318127,3,-0.0352641056422569
"linear",500,0.850317881735785,0.882728008718356,0.943489804067165,0.927101356889172,0.924814189544178,3,-0.0163884471779928
"linear",500,0.9326803120176,0.93260477870741,0.950179529172365,0.945288372172128,0.908680227980539,3,-0.00489115700023712
"linear",300,0.914535577381768,0.987847515648768,0.966821812566818,0.967720385351213,0.962395454031777,2,-0.0201271302975542
"linear",300,0.809776107759517,0.840852082699909,0.833260489510489,0.867031852586773,0.813793686290826,4,0
"linear",300,0.813993595590118,0.803257908506144,0.902480758768561,0.82347420234895,0.728435619879672,3,-0.0790065564196109
"linear",300,0.784431724034044,0.901783033315759,0.948069091913334,0.947875273028546,0.939533027039241,3,-0.00019381888478831
"linear",300,0.876452847360318,0.963077430399641,0.952806265636025,0.966336940310475,0.974585946019629,5,-0.00824900570915388
"linear",300,0.979731027281347,0.976647422894887,0.971944001024201,0.974712043560538,0.989419926305556,5,-0.014707882745018
"linear",300,0.963817463817464,0.971244971244971,0.965277965277965,0.973117473117473,0.957750957750958,4,0
"linear",300,0.976018447117563,0.962360638947982,0.959088085886515,0.943821505834486,0.95986871781331,1,-0.0321969412830769
"linear",300,0.965817139950088,0.962953504861019,0.982038563685963,0.953694635053017,0.984398972115735,5,-0.0307043370627186
"linear",300,0.9181925933335,0.893984146432947,0.926431447075592,0.907136605736291,0.910807431672126,3,-0.0192948413393014
"linear",1000,0.971443195600226,0.962301015486469,0.961156241619335,0.962321529353843,0.969461355876573,1,-0.00912166624638255
"linear",1000,0.854262358855584,0.925291339275624,0.830989718496206,0.820943726242586,0.855593924102281,2,-0.104347613033039
"linear",1000,0.891288673144984,0.897523478650454,0.865277898617032,0.911068642363476,0.867727518648414,4,0
"linear",1000,0.923079423567019,0.956442962820713,0.941716076350965,0.964047953398866,0.985375133526171,5,-0.0213271801273049
"linear",1000,0.948223139462164,0.974063789868668,0.970995872420263,0.96214684177611,0.964124577861163,2,-0.0119169480925578
"linear",500,0.923997155519283,0.965678699700249,0.956395130777101,0.934285394231625,0.936000184031101,2,-0.0313933054686242
"linear",500,0.948848158533707,0.927306383029789,0.932200059202131,0.937600753627131,0.938076270745747,1,-0.0112474049065766
"linear",500,0.917444223740107,0.85858578270072,0.947174700671829,0.819720450076579,0.809769222062287,3,-0.127454250595251
"linear",500,0.864029281949406,0.900068488761435,0.892855140261779,0.868835510822025,0.832799808551883,2,-0.0312329779394095
"linear",500,0.9300956950249,0.869677827416695,0.920698827881059,0.907256789322829,0.962564650686138,5,-0.0553078613633089
"linear",300,0.870535624982497,0.934442650759549,0.937031158106989,0.950260251009198,0.947197150641526,4,0
"linear",300,0.961751536009586,0.961146933831818,0.979905604047084,0.95899406999783,0.959544162963541,3,-0.0209115340492543
"linear",300,0.858565177164862,0.80988622440049,0.827390162786627,0.820704158435648,0.809748693456028,1,-0.0378610187292141
"linear",300,0.886495524884483,0.937047774246503,0.908840591453515,0.910656747085698,0.968483622587754,5,-0.0578268755020563
"linear",300,0.948388174210787,0.9507817125074,0.944824617193875,0.94945119121906,0.937458999343989,2,-0.00133052128834055
"linear",1000,0.894370933840456,0.900666099489541,0.9539365428886,0.965368331498349,0.95259233309979,4,0
"linear",1000,0.987042047407559,0.994810012421937,0.993629878313059,0.993258020958141,0.997011628174676,5,-0.00375360721653506
"linear",1000,0.945867346938775,0.964200680272109,0.945558223289316,0.965395158063225,0.947624049619848,4,0
"linear",1000,0.955098377459436,0.960737518437961,0.962591064776619,0.962177054426361,0.961962549063727,3,-0.000414010350258676
"linear",1000,0.931494383449451,0.901986617879561,0.958833129498165,0.971128740158661,0.958531126780141,4,0
"linear",500,0.940025167273342,0.922646144735829,0.945424227601777,0.947664375004376,0.944082839940743,4,0
"linear",500,0.875405540554055,0.962696269626963,0.967932293229323,0.961089108910891,0.969257425742574,5,-0.00816831683168318
"linear",500,0.914768913090673,0.942406101090581,0.947664920229821,0.990090629967816,0.956417780241086,4,0
"linear",500,0.959186491557223,0.938810756722952,0.958053783614759,0.981399874921826,0.974262914321451,4,0
"linear",500,0.958655974142733,0.950981098073806,0.972523653659029,0.981440590588939,0.992218618712317,5,-0.010778028123378
"linear",1000,0.990670766769169,0.980754518862972,0.976619415485387,0.98083202080052,0.969227730693267,1,-0.0098387459686492
"linear",1000,0.960230454749104,0.937454497087814,0.946420070884537,0.931713129640297,0.954412082373272,1,-0.028517325108807
"linear",1000,0.917804342151714,0.895508536191432,0.919593987112956,0.927280609729388,0.960995840663094,5,-0.0337152309337057
"linear",1000,0.968765506202481,0.9868737494998,0.989665866346539,0.975865846338535,0.971527611044418,3,-0.0138000200080032
"linear",1000,0.93149234229367,0.975864818572189,0.977631173487968,0.97071882791271,0.9833754537196,5,-0.0126566258068905
"linear",500,0.986751087526363,0.984677583950632,0.984677583950632,0.969090539821273,0.985159317109481,1,-0.0176605477050893
"linear",500,0.958344461549388,0.95518204761176,0.964155640980243,0.931313149500206,0.92974569650629,3,-0.0328424914800377
"linear",500,0.979179485948066,0.916664415475787,0.962213010682651,0.984284186334571,0.969174193148175,4,0
"linear",500,0.994637540621657,0.994651064477739,0.994651064477739,0.994651064477739,0.994651064477739,2,0
"linear",500,0.848335160263078,0.851760153462099,0.932995351330592,0.83082463874798,0.900941735609928,3,-0.102170712582612
"linear",1000,0.991670306420526,0.995726962361606,0.94033525138344,0.970385259597931,0.994445201335155,2,-0.0253417027636751
"linear",1000,0.970421963050717,0.990586577868853,0.991456078701332,0.983688104348104,0.986397665055072,3,-0.00776797435322751
"linear",1000,0.984321496575781,0.972469238031234,0.963963693676395,0.969403541826677,0.982332369271633,1,-0.014917954749104
"linear",1000,0.980630886281717,0.983607246563948,0.986270806244801,0.985321894340461,0.986437466405215,5,-0.00111557206475432
"linear",1000,0.998363441083879,0.953290818469465,0.940006840246249,0.958783016188583,0.997814421319168,1,-0.0395804248952962
"linear",1000,0.972669816745419,0.964703117577939,0.963731593289832,0.961677541938548,0.966123653091327,1,-0.0109922748068702
"linear",1000,0.985753346021028,0.973600861669795,0.98351016432331,0.989710666563992,0.980319405871876,4,0
"linear",1000,0.982744335170575,0.94620413399458,0.991775440197574,0.980730974138518,0.97974230579872,3,-0.011044466059056
"linear",1000,0.95961391490843,0.922654440038572,0.989562618288325,0.966143030341831,0.983849267162561,3,-0.0234195879464946
"linear",1000,0.836826303844887,0.7818934820019,0.879232484175267,0.907152889496662,0.918648408116439,5,-0.0114955186197769
"linear",200,0.691843447690435,0.622849297680825,0.622849297680825,0.622849297680825,0.657428206483439,1,-0.0689941500096098
"linear",200,0.923450741777124,0.878142260736985,0.886118778381266,0.85210827975137,0.827711520780664,1,-0.0713424620257533
"linear",200,0.917298710760144,0.868028292625324,0.839383910871025,0.870232899783942,0.806046607977215,1,-0.0470658109762017
"linear",200,0.84469934595401,0.918490381411767,0.905624075135747,0.943427072921575,0.940864217170883,4,0
"linear",200,0.919441486037151,0.89958448961224,0.865348633715843,0.873980849521238,0.878722468061702,1,-0.0454606365159129
"radial",200,0.533367924050242,0.490923792464511,0.490923792464511,0.490923792464511,0.492375721282544,1,-0.042444131585731
"radial",200,0.79365410581937,0.808598058406781,0.808598058406781,0.808598058406781,0.808598058406781,2,0
"radial",200,0.869714799937559,0.861767805746037,0.861767805746037,0.861767805746037,0.861767805746037,1,-0.00794699419152167
"radial",200,0.781954644906722,NA,NA,NA,NA,1,NA
"radial",200,0.866393024757907,0.809300123807443,0.845174434777833,0.772810357322369,0.833246178624173,1,-0.0935826674355383
"radial",500,0.85934140833766,0.911265193716232,0.907340758600262,0.907963954437696,0.921320198445939,5,-0.0133562440082428
"radial",500,0.789311904761905,0.858607738095238,0.849927380952381,0.857831547619048,0.883148809523809,5,-0.0253172619047618
"radial",500,0.87675867439647,0.971087652504975,0.960609154624903,0.969376135675348,0.958516916154711,2,-0.001711516829627
"radial",500,0.89889957193124,0.966648843808798,0.92026672387057,0.969450874547358,0.968330809317833,4,0
"radial",500,0.869097497920448,0.910069405058984,0.929322396778584,0.900590309286146,0.918274775030248,3,-0.0287320874924381
"radial",200,0.841024438808597,0.828306231535917,0.828306231535917,0.828306231535917,0.828306231535917,1,-0.0127182072726794
"radial",200,0.68025078369906,0.694667862650796,0.694667862650796,0.694667862650796,0.692956871842593,2,0
"radial",200,0.643781646831964,0.609850471636461,0.736615183010563,0.653079428774153,0.593896139829135,3,-0.0835357542364107
"radial",200,0.805242598328019,0.842060126514552,0.803462691252111,0.844152396326655,0.873387612091342,5,-0.0292352157646875
"radial",200,0.724925516131164,0.669694826374498,0.669694826374498,0.669694826374498,0.598561229944918,1,-0.055230689756666
"radial",1000,0.840006846609612,0.841897564186965,0.841897564186965,0.841897564186965,0.841897564186965,2,0
"radial",1000,0.855302600710657,0.859799653360528,0.80442193980912,0.853815778040984,0.811630828962231,2,-0.00598387531954392
"radial",1000,0.842004208667439,0.841970889182517,0.841970889182517,0.841970889182517,0.841970889182517,1,-3.33194849224672e-05
"radial",1000,0.840566128336072,0.832236831690692,0.832236831690692,0.832236831690692,0.832236831690692,1,-0.0083292966453804
"radial",1000,0.82234843229396,0.818588270305377,0.817880475107527,0.818561124750914,0.814710477580788,1,-0.0037873075430459
"radial",500,0.872249918602242,0.934713360085358,0.881842873432476,0.914036215307289,0.931900732791245,2,-0.0206771447780696
"radial",500,0.859305139233051,0.860186368161098,0.860186368161098,0.860186368161098,0.860186368161098,2,0
"radial",500,0.898490434894683,NA,NA,NA,NA,1,NA
"radial",500,0.835519944222083,0.83438670411985,0.83438670411985,0.83438670411985,0.832681820739098,1,-0.0011332401022327
"radial",500,0.801529024633533,0.801492432127678,0.801492432127678,0.801371134747159,0.801632025761124,5,-0.000260891013964759
"radial",300,0.688174295854642,0.734021786140407,0.734021786140407,0.734021786140407,0.732523210670598,2,0
"radial",300,0.811632493972918,0.812198332381909,0.812198332381909,0.81189384309622,0.810556498062204,2,-0.000304489285689269
"radial",300,0.829612247242647,0.829577780330882,0.829577780330882,0.829577780330882,0.829577780330882,1,-3.44669117646745e-05
"radial",300,0.574122422006067,0.684707956168253,0.684707956168253,0.485523667980333,0.48993690713053,2,-0.19918428818792
"radial",300,0.666725363829976,NA,NA,NA,NA,1,NA
"radial",300,0.797729265755433,0.722747973306137,0.79518626391071,0.860666264441566,0.829733724941325,4,0
"radial",300,0.807216391570035,0.791858726918618,0.791858726918618,0.885472243797153,0.873847150612967,4,0
"radial",300,0.694607733601243,0.613190616362072,0.613190616362072,0.613190616362072,0.622524637064068,1,-0.0814171172391709
"radial",300,0.762154065885146,0.76029713030288,0.812499484757053,0.849790193071837,0.815586820497601,4,0
"radial",300,0.78834697445514,0.779589087648473,0.795016043160264,0.754877434622928,0.741491529402452,3,-0.040138608537336
"radial",300,0.786835279102303,0.809044725757422,0.809044725757422,0.808217445162131,0.875707509653694,5,-0.0674900644915638
"radial",300,0.840833647291246,0.775952135944713,0.775952135944713,0.775952135944713,0.775952135944713,1,-0.0648815113465326
"radial",300,0.815610416666667,NA,NA,NA,NA,1,NA
"radial",300,0.794355673498579,NA,NA,NA,NA,1,NA
"radial",300,0.808193800844403,0.721710946349501,0.748146946761405,0.756862321079188,0.752473483678303,1,-0.0513314797652148
"radial",500,0.866990372642267,0.894666122668272,0.899470712452749,0.918665843936421,0.902436277960289,4,0
"radial",500,0.869071039586821,NA,NA,NA,NA,1,NA
"radial",500,0.874392448814099,0.872242045747065,0.872242045747065,0.876116535872101,0.875922200889464,4,0
"radial",500,0.80936291085692,0.828821212880243,0.828821212880243,0.828821212880243,0.78901575241435,2,0
"radial",500,0.74623851699583,0.795399667558423,0.746114343181997,0.841414671689354,0.847505335785664,5,-0.00609066409630965
"radial",1000,0.854270253729134,0.878628630630703,0.879424159269734,0.879289654427559,0.879258653311519,3,-0.000134504842174366
"radial",1000,0.862325448350412,0.800239109683863,0.85809480311775,0.855686322230721,0.838742406331586,1,-0.00663912611969075
"radial",1000,0.9494535417257,0.950327850108621,NA,NA,0.952613977003266,5,NA
"radial",1000,0.949963048189361,0.939762048340369,0.953662729473744,0.969130487393882,0.961210599319367,4,0
"radial",1000,0.949391107803412,NA,0.947392155241324,0.95183715096888,0.948395490504148,4,0
"radial",200,0.693711303422417,0.701308310405847,0.850372889605702,0.860490201335638,0.825737013830739,4,0
"radial",200,0.780362118395131,0.75866877276781,0.810293443374599,0.766680018743293,0.77928828393065,3,-0.0436134246313064
"radial",200,0.791047164188657,0.81996977987912,0.754695018780075,0.841817867271469,0.846204384817539,5,-0.00438651754607011
"radial",200,0.717848301509491,0.72850450482943,0.680641005218649,0.76600233832356,0.738702360664869,4,0
"radial",200,0.651035960943082,0.635756132412479,0.694466407345664,0.673543436267894,0.721547458389564,5,-0.0480040221216692
"radial",1000,0.690709929259912,0.869655612732124,0.931266245754958,0.897913449347805,0.95182616382815,5,-0.053912714480345
"radial",1000,0.864656834509352,0.856345201523224,0.856345201523224,0.856345201523224,0.860176762828205,1,-0.0083116329861278
"radial",1000,0.837782289395193,0.847978108847674,0.85088832003278,0.860931572712779,0.935170564202822,5,-0.0742389914900434
"radial",1000,0.804637295389453,0.840291233632787,0.866316488233874,0.887548196426125,0.886581821384534,4,0
"radial",1000,0.87014595441634,0.870323204132967,0.870323204132967,0.870323204132967,0.870323204132967,2,0
"radial",300,0.771459237506172,NA,NA,NA,NA,1,NA
"radial",300,0.742033291662683,0.739255051533492,0.739255051533492,0.739255051533492,0.762375770110221,5,-0.0231207185767288
"radial",300,0.716571248430806,0.743602896886382,0.804919668541255,0.66949895574733,0.701984783746812,3,-0.135420712793925
"radial",300,0.75268007957107,NA,NA,NA,NA,1,NA
"radial",300,0.875109164154717,0.881721392954737,0.875143372276933,0.806410199654699,0.847673244016597,2,-0.0753111933000374
"radial",300,0.879871679495625,0.879836630514674,0.879836630514674,0.881037058112241,0.90650581246115,5,-0.0254687543489084
"radial",300,0.819348970123402,NA,NA,NA,NA,1,NA
"radial",300,0.790227976777946,0.796011476498494,0.796011476498494,0.796011476498494,0.792462371785229,2,0
"radial",300,0.654088340218188,0.70537723067234,0.811170245824546,0.808200504659189,0.744469672800196,3,-0.00296974116535664
"radial",300,0.879956479690522,0.910508005587793,0.72028222959074,0.75552830739001,0.721571720241933,2,-0.154979698197783
"radial",500,0.893373833247206,0.870436946902655,0.856403615722499,0.862958021122667,0.85736699421872,1,-0.0304158121245397
"radial",500,0.88200777216602,0.892022771977375,0.862187831084381,0.869583727193098,0.866416023999698,2,-0.0224390447842771
"radial",500,0.855977527451454,0.858220165632058,0.876210397223367,0.866761012543148,0.877057971220365,5,-0.0102969586772164
"radial",500,0.875448145423978,0.884146965080032,0.89937235123113,0.89330111029386,0.887317431963854,3,-0.00607124093727018
"radial",500,0.836969328879441,0.910269764146169,0.90162111549752,0.846686911630732,0.840425650369471,2,-0.0635828525154368
"radial",500,0.85168673860217,0.849690472900113,0.851738687911749,NA,0.842203215611827,3,NA
"radial",500,0.936543275499997,NA,0.887501243774581,NA,NA,1,NA
"radial",500,0.857490498625998,0.925378284517725,0.872351800088592,0.85196116413181,0.9061984922774,2,-0.0734171203859147
"radial",500,0.901906710286382,0.824767606853783,0.878790063597064,0.908918809850686,0.916783576716525,5,-0.00786476686583926
"radial",500,0.873362463065736,0.947203202114802,0.950978985363724,0.879407354112183,0.918646599218267,3,-0.071571631251541
"radial",300,0.646862637362637,0.723126373626374,0.66460989010989,0.713190659340659,0.631169230769231,2,-0.00993571428571427
"radial",300,0.798787088401854,0.812808701955456,0.818860946666367,0.830515733694808,0.822280290936034,4,0
"radial",300,0.66506391008338,0.582544993077988,0.802241435985612,0.758360937095031,0.752447990087932,3,-0.0438804988905817
"radial",300,0.792152617637463,0.844173565373194,0.750314520187357,0.698819616105646,0.799665848222926,2,-0.145353949267548
"radial",300,0.65468044700679,0.640804836466912,0.694478787399478,0.654245473320446,0.705526318160477,5,-0.0512808448400308
"radial",500,0.881826301297202,0.812047090850943,0.79760275041147,0.859976481875834,0.774633577485004,1,-0.0218498194213683
"radial",500,0.839276447694304,0.841256634037033,0.949762943743366,0.836395801391674,0.838661988442033,3,-0.113367142351692
"radial",500,0.862686537866436,0.863225771438865,0.864232648687596,0.854379800564406,0.837421655250773,3,-0.00985284812318998
"radial",500,0.648667772173789,0.75347764559093,0.709656444166156,0.801638306509877,0.823632623010603,5,-0.0219943165007259
"radial",500,0.903324060653529,0.974957262648906,0.943848772295193,0.937311883134226,0.948556132722357,2,-0.0376453795146798
"radial",1000,0.936575736902301,0.929055387229033,0.929055387229033,0.928701734320552,0.940018627391965,5,-0.0113168930714128
"radial",1000,0.921359641365137,0.916915133751095,0.923243674617613,0.924999789434674,0.922508275217303,4,0
"radial",1000,0.892569943742274,0.894969600645829,0.894969600645829,0.894969600645829,0.894969600645829,2,0
"radial",1000,0.923060170273681,NA,NA,NA,NA,1,NA
"radial",1000,0.901792724502601,0.943199028237942,0.939614617440066,0.929270179181607,0.935300865994687,2,-0.0139288490563344
"radial",500,0.875968920171206,0.886618648103897,0.929462404915911,0.913269570302048,0.901871876804699,3,-0.0161928346138628
"radial",500,0.790472567670779,0.84953794342766,0.832706042095014,0.933415317916063,0.907278265698534,4,0
"radial",500,0.912543700669183,0.950023056794784,0.886033078457447,0.878226610758408,0.880147563486616,2,-0.0717964460363761
"radial",500,0.91931208423973,0.947492670008512,0.9190422144456,0.918688483243482,0.936242630599956,2,-0.0288041867650304
"radial",500,0.853562166423882,0.90292613197576,0.872588686955565,0.881186079825074,0.892725655694429,2,-0.0217400521506858
"radial",500,0.768631894117247,0.767658126637406,0.767658126637406,0.770405226089619,0.766616991596067,4,0
"radial",500,0.8697279519276,0.866937949022739,0.866937949022739,0.866937949022739,0.861258886259524,1,-0.00279000290486031
"radial",500,0.843432277667407,0.858511828244211,0.857894643483197,0.884353766340006,0.859593336282743,4,0
"radial",500,0.834176092996391,0.834206784542329,0.834206784542329,0.834206784542329,0.833962761595115,2,0
"radial",500,0.699025488889179,0.719985428074807,0.719985428074807,0.719985428074807,0.719985428074807,2,0
"radial",500,0.86969172858044,0.910399016762591,0.861753411093341,0.917120230522269,0.871377867821015,4,0
"radial",300,0.907748114512383,0.849516949816018,0.872813486782014,0.854602155588611,0.894683577337613,1,-0.0531459589237715
"radial",300,0.853118293608375,0.881529934476259,0.836938295077152,0.875946544703838,0.641343195893954,2,-0.00558338977242123
"radial",300,0.779208516436451,0.659846532030263,0.721796807664368,0.750121183387318,0.770203096716959,1,-0.0290873330491334
"radial",300,0.88008612056472,0.797321021478237,0.77911072527723,0.805135175294328,0.806022638452395,1,-0.0749509452703913
"radial",300,0.762353500158378,0.788283708161757,0.721332488649562,0.792796431211065,0.651032625910675,4,0
"radial",500,0.834873667331195,0.914241498367571,0.892110709023143,0.907872497182976,0.901588367859929,2,-0.00636900118459449
"radial",500,0.957597840755736,0.83691019506809,0.83691019506809,0.896365476628635,0.914729481045271,1,-0.061232364127101
"radial",500,0.912592667950918,0.904962637463614,0.906024278264751,0.849613466484202,0.868810513799143,1,-0.0629792014667161
"radial",500,0.903376863210658,0.896002058178794,0.896002058178794,0.896002058178794,0.896002058178794,1,-0.0073748050318645
"radial",500,0.930618489583333,0.983681175595238,0.983839285714286,0.976473214285714,0.98196056547619,3,-0.00736607142857137
"radial",500,0.888235094561666,0.809742536313856,0.813088780460414,0.734876391928773,0.837019602521644,1,-0.153358702632894
"radial",500,0.89432860040568,0.891126436781609,0.891126436781609,0.891126436781609,0.885022853279243,1,-0.00320216362407033
"radial",500,0.920766727787503,0.920754603692191,0.900526994009542,0.888395970643524,0.890071405148006,1,-0.0323707571439787
"radial",500,0.878055095006721,0.884015788253302,0.884015788253302,0.884015788253302,0.835160419183704,2,0
"radial",500,0.792254399989207,0.762892187615945,0.762892187615945,0.762892187615945,0.767603329758026,1,-0.0293622123732621
"radial",300,0.866998467371138,0.866998467371138,0.866998467371138,0.866998467371138,0.866998467371138,1,0
"radial",300,0.745620467118838,NA,NA,NA,NA,1,NA
"radial",300,0.796221399078501,0.80869762942858,0.80869762942858,0.80869762942858,0.80869762942858,2,0
"radial",300,0.88690869042365,0.744122501919913,0.768523954710299,0.881447904561767,0.795995918582193,1,-0.00546078586188226
"radial",300,0.852274177358403,0.845712939304026,0.86158902534969,0.864712898107892,0.831168694152862,4,0
"radial",500,0.904412147094003,0.906257297239974,0.898503995700938,0.89638862461621,0.960545703538059,5,-0.064157078921849
"radial",500,0.952113466169194,0.932110290809981,0.932110290809981,0.92442645074224,0.962048635918605,5,-0.0376221851763648
"radial",500,0.848626440356646,0.859068692793033,0.859068692793033,0.859068692793033,0.862222814656832,5,-0.00315412186379926
"radial",500,0.917681148913805,0.943108681352539,0.943108681352539,0.943108681352539,0.852265300922496,2,0
"radial",500,0.955100528492647,0.964436465992647,0.949901769301471,0.909712775735294,0.913685661764706,2,-0.054723690257353
"radial",500,0.794699944989539,0.845646620914797,0.839550379662362,0.849044756871799,0.846899010713513,4,0
"radial",500,0.900313857086459,0.908126727200947,0.947306224503224,0.914026845637584,0.906467298328727,3,-0.0332793788656403
"radial",500,0.894333005050591,0.891391997797911,0.905279147502739,0.942732711288301,0.870141612827169,4,0
"radial",500,0.812169284634824,0.884665943655053,0.902227944329493,0.885747859066857,0.891900049542255,3,-0.0164800852626364
"radial",500,0.897015274588818,0.909266518106949,0.907203032084107,0.90616001319278,0.906535640942156,2,-0.00310650491416942
"radial",200,0.560258107956458,0.565153742565369,0.642377959824936,0.617955336101448,0.736487487375154,5,-0.118532151273707
"radial",200,0.802116070410838,0.777959669277491,0.777959669277491,0.777959669277491,0.777959669277491,1,-0.0241564011333474
"radial",200,0.526735221399216,NA,NA,NA,NA,1,NA
"radial",200,0.771619481194903,0.703141773921058,0.78246946574338,0.744018322169114,0.698610224278597,3,-0.0384511435742658
"radial",200,0.683828130979555,0.610994052523288,0.597822147484816,0.549260842551697,0.564173994084039,1,-0.134567288427858
"radial",1000,0.860268372779993,0.858683228763799,0.862172457229786,NA,0.859927297679079,3,NA
"radial",1000,0.870559635170025,0.870422326591158,0.870790464946309,0.871142926337731,0.872639806081364,5,-0.001496879743633
"radial",1000,0.908991179955242,0.906431080553637,0.908883787422833,0.908643597672931,0.909093953453998,5,-0.000450355781067113
"radial",1000,0.859739823769073,NA,0.859694994557942,NA,0.859970225063491,5,NA
"radial",1000,0.777451326540906,0.777349398096775,NA,0.777543797706715,0.77726323178318,4,0
"radial",1000,0.863645429934022,0.858521698400746,0.858521698400746,0.858521698400746,0.858521698400746,1,-0.00512373153327594
"radial",1000,0.868084962891863,NA,NA,NA,NA,1,NA
"radial",1000,0.905792954234165,0.905792954234165,0.905792954234165,0.905792954234165,0.905792954234165,1,0
"radial",1000,0.897856292055327,NA,NA,NA,NA,1,NA
"radial",1000,0.899874441964286,0.875713355654762,0.87568359375,0.894104352678571,0.894370349702381,1,-0.00577008928571421
"radial",200,0.693582901655815,0.758804264147497,0.758804264147497,0.758804264147497,0.758804264147497,2,0
"radial",200,0.801520934254203,0.779041126357191,0.779041126357191,0.779041126357191,0.812634767643634,5,-0.0335936412864429
"radial",200,0.692452394807071,0.754163573248791,0.766538080810108,0.730665302218566,0.675360843014895,3,-0.0358727785915418
"radial",200,0.724491293622909,0.751133808778286,0.703507582239537,0.778619995994976,0.87542724053813,5,-0.0968072445431541
"radial",200,0.809659750154703,0.80461578872731,0.80461578872731,0.80461578872731,0.80461578872731,1,-0.00504396142739272
"radial",1000,0.930055751135439,0.862228881636437,0.864601590567755,0.862609618650997,0.858025725582417,1,-0.067446132484442
"radial",1000,0.856593588189931,0.839524806286952,0.858493628585069,0.845790459402886,0.843424038779332,3,-0.0127031691821821
"radial",1000,0.727719534922754,0.74509897062945,0.714174310546575,0.741076334294459,0.766336368717649,5,-0.0252600344231899
"radial",1000,0.847432846499619,0.843335718248228,0.838448586937925,0.846082906900181,0.807800486315255,1,-0.00134993959943797
"radial",1000,0.852706664327827,0.860432713365734,0.850750862097036,0.85286579646422,0.85066840749171,2,-0.00756691690151357
"radial",500,0.865681216472002,0.859801521294398,0.946491553787186,0.948045753547892,0.951495282055307,5,-0.00344952850741476
"radial",500,0.822307367829021,0.920071571935861,0.854323816140629,0.892545600917532,0.917612320518759,2,-0.0275259710183287
"radial",500,0.858937654547335,0.663092686091445,0.936210146767081,0.975045600278303,0.932969941424797,4,0
"radial",500,0.887802099510945,0.957869606041323,0.933742251434013,0.846575055958775,0.848480769316346,2,-0.111294550082548
"radial",500,0.936380494181406,0.872808175649151,0.874363850121131,0.850034286081457,0.872512502120918,1,-0.0863462080999488
"radial",300,0.86291025221094,0.802987771590785,0.868810459657168,0.846035047494268,0.878209957418932,5,-0.0321749099246642
"radial",300,0.729915528396837,0.83982511355467,0.915760714169009,0.88631308819685,0.81633502303771,3,-0.0294476259721588
"radial",300,0.638149577483532,0.569187449718423,0.569187449718423,0.589441473756797,0.567317579951488,1,-0.0487081037267344
"radial",300,0.606686773476222,0.828845506033617,0.844435104642511,0.864355118158989,0.8325536172843,4,0
"radial",300,0.502594960598026,0.493744476358816,0.493744476358816,0.55407644719399,0.553717410517013,4,0
"radial",1000,0.822885534298549,0.822854215509065,0.899925282316517,0.883993712380168,0.927227064206501,5,-0.0432333518263328
"radial",1000,0.870708413033994,0.869419779187221,0.869410382898755,0.87140642303433,0.870155374341421,4,0
"radial",1000,0.852051366313608,0.852051366313608,0.852051366313608,0.850694911398165,0.852769786900579,5,-0.00207487550241414
"radial",1000,0.857363692539805,0.855603673118901,0.853223709553159,0.857856237159733,0.856876163649204,4,0
"radial",1000,0.8931800940073,0.895627095535184,0.877261321195145,0.875503326330532,0.914717023172905,5,-0.0392136968423733
"radial",200,0.88161425894982,0.882065375001726,0.911370656281791,0.920733040568222,0.889080689931366,4,0
"radial",200,0.756733884617245,0.802636491126263,0.848691909666812,0.839245611489917,0.859535760916872,5,-0.020290149426955
"radial",200,0.851583289054057,0.878441984602478,0.841649352674097,0.882000765739825,0.867651628681941,4,0
"radial",200,0.7232032,0.756992533333333,0.9011264,0.8540688,0.872693866666667,3,-0.0470576
"radial",200,0.886074172402601,0.87109167500525,0.836989395118588,0.82430239466151,0.8304561008671,1,-0.0617717777410918
"radial",500,0.891063368055556,0.915629340277778,0.867501085069444,0.911330837673611,0.931165364583333,5,-0.0198345269097222
"radial",500,0.907647011046134,0.940739116309292,0.90542803768681,0.916614684860299,0.967409031838856,5,-0.0507943469785576
"radial",500,0.912726657658697,0.923571418794327,0.923145137162959,0.904806227622659,0.902322843806891,2,-0.0187651911716683
"radial",500,0.899697974673954,0.897870440203922,0.900021122257694,0.896155404715085,0.895265170430217,3,-0.003865717542609
"radial",500,0.804741221565191,0.91440745163755,0.93048198727456,0.851553120044173,0.842415136981464,3,-0.0789288672303869
"radial",1000,0.873216380759108,0.873274136048813,0.873938888108752,0.869300911854103,0.873104833778011,3,-0.00463797625464879
"radial",1000,0.902068001092014,NA,NA,NA,NA,1,NA
"radial",1000,0.828759283626812,NA,NA,NA,NA,1,NA
"radial",1000,0.881597019981081,0.881279974718997,0.879539840300067,0.878590769955263,0.868014677026921,1,-0.003006250025818
"radial",1000,0.843608695652174,0.834743222506394,0.834743222506394,0.843453708439898,0.843402557544757,1,-0.000154987212276136
"radial",1000,0.815732243372822,0.865461691691082,0.780552217120725,0.841117578751678,0.826286620476267,2,-0.0243441129394042
"radial",1000,0.904616882593888,0.879625368188513,0.894425539626289,0.883459706369661,0.89247672933542,1,-0.0211571762242267
"radial",1000,0.87147183657822,0.870957036063419,0.868249404419617,0.872108217640133,0.870386921876284,4,0
"radial",1000,0.893909158136084,0.896005997475882,0.911597756819372,0.877913492043516,0.881459361827336,3,-0.0336842647758557
"radial",1000,0.747407599667774,0.741864617940199,0.766079734219269,0.764115448504983,0.885898048172758,5,-0.121782599667774
"radial",1000,0.847506742689888,0.847129540590507,0.858608572147052,0.861355833789322,0.8402001383614,4,0
"radial",1000,0.842180362200111,0.842133342013983,0.842072456901177,0.8322506634066,0.83219279240829,1,-0.00992969879351024
"radial",1000,0.844379856512314,0.846032024878728,0.846032024878728,0.846032024878728,0.844903740279133,2,0
"radial",1000,0.828667231751097,0.82080175508576,0.82080175508576,0.817023363992585,0.82104372462986,1,-0.0116438677585115
"radial",1000,0.836402559359158,NA,NA,NA,NA,1,NA
"radial",500,0.955560399081786,NA,NA,NA,NA,1,NA
"radial",500,0.91978359375,0.906328125,0.919459375,0.91975390625,0.917103125,1,-2.96874999999863e-05
"radial",500,0.764113996608797,0.764049639255583,0.764049639255583,0.764049639255583,0.764049639255583,1,-6.43573532137509e-05
"radial",500,0.860156597873671,0.855023889931207,0.855023889931207,0.855023889931207,0.853916197623515,1,-0.00513270794246401
"radial",500,0.937212531637616,0.877340307944608,0.877340307944608,0.877340307944608,0.877560754007946,1,-0.0598722236930073
"radial",200,0.809821000592424,0.807962768534451,0.807962768534451,0.807962768534451,0.807962768534451,1,-0.00185823205797275
"radial",200,0.842502132417768,0.836197036425689,0.836197036425689,0.836197036425689,0.836197036425689,1,-0.00630509599207851
"radial",200,0.780625835903218,0.78027704396375,0.78027704396375,0.78027704396375,0.74207204518575,1,-0.000348791939467463
"radial",200,0.703579333285874,0.697423132430316,0.697423132430316,0.697423132430316,0.697423132430316,1,-0.00615620085555812
"radial",200,0.60355536889165,0.585579808364818,0.655494889786341,0.504005560578897,0.61603543220311,3,-0.151489329207444
"radial",500,0.837638101485767,0.836938683851438,0.836938683851438,0.836938683851438,0.835049452310436,1,-0.000699417634328348
"radial",500,0.842668934903009,0.840882524839275,0.840882524839275,0.840882524839275,0.755687985305168,1,-0.00178641006373326
"radial",500,0.87076424089593,NA,NA,NA,NA,1,NA
"radial",500,0.634159971820682,0.588119075682242,0.588119075682242,0.588119075682242,0.587414592732084,1,-0.0460408961384399
"radial",500,0.819963004637207,0.817576739804965,0.806935778096017,0.820913461538462,0.770766204650846,4,0
"radial",500,0.899955947435892,0.93548167911614,0.934525885694354,0.931847625691365,0.931296685525845,2,-0.00363405342477541
"radial",500,0.87857734375,0.890040625,0.8769421875,0.8927375,0.8856890625,4,0
"radial",500,0.902776977410432,0.871610329952582,0.883958340193625,0.822443135043467,0.846082842136459,1,-0.0803338423669653
"radial",500,0.924077845210397,0.950752243732814,0.884903333329975,0.960950433833687,0.907024266674459,4,0
"radial",500,0.889281884273273,0.885636989099552,0.949392188631595,0.956860132588067,0.936261629310505,4,0
"radial",200,0.713932490166187,0.686801673787163,0.691828367806573,0.712067672946505,0.77848590643605,5,-0.0664182334895451
"radial",200,0.845038795470549,0.863236560842461,0.860993285334537,0.80412021486031,0.810518744125089,2,-0.0591163459821503
"radial",200,0.621032549675677,0.607307094009568,0.737440638666314,0.688678348155323,0.618737342608083,3,-0.0487622905109918
"radial",200,0.769635906945692,0.777404256234186,0.752371258797183,0.737900513111425,0.711626975878336,2,-0.0395037431227607
"radial",200,0.730463922592967,0.674672262947983,0.706908809403438,0.688160915908325,0.720403606336367,1,-0.0423030066846422
"radial",1000,0.849224678833779,0.846929052421868,0.932638790884246,0.799794799739173,0.843319505665155,3,-0.132843991145073
"radial",1000,0.86903159929804,0.848339194761707,0.854012130082383,0.873754509469508,0.852147863224602,4,0
"radial",1000,0.857430078012838,0.943583650884032,0.864848110999178,0.867358099854486,0.869627188179814,2,-0.0762255510295456
"radial",1000,0.888358882662073,0.902348094158181,0.882322717460041,0.887471652238383,0.889801483896291,2,-0.0148764419197976
"radial",1000,0.858286717783029,0.862687064988507,0.924275851537509,0.852281449422128,0.844288992300397,3,-0.0719944021153816
"radial",500,0.7814304,0.754704533333333,0.754704533333333,0.754704533333333,0.754704533333333,1,-0.0267258666666667
"radial",500,0.876339723232819,0.87981579109448,0.855590828886048,0.9223946509399,0.91666729697635,4,0
"radial",500,0.590588180559917,0.590509255797647,0.590509255797647,0.660229729213295,0.695283123891938,5,-0.0350533946786433
"radial",500,0.763065924645817,0.759384436224652,0.759384436224652,0.759384436224652,0.759384436224652,1,-0.00368148842116522
"radial",500,0.756276654637907,0.886427321687307,0.886427321687307,0.886427321687307,0.886427321687307,2,0
"radial",500,0.8873216,0.948448581818182,0.968873309090909,0.888599854545455,0.897537745454545,3,-0.0802734545454545
"radial",500,0.905409841730596,0.910950782707858,0.920973827666045,0.883750388762181,0.869589726311424,3,-0.0372234389038634
"radial",500,0.86781564170781,0.836204305338825,0.838002993016295,0.828978377375867,0.834747768028446,1,-0.0388372643319435
"radial",500,0.826222142958796,NA,NA,NA,NA,1,NA
"radial",500,0.924798540872161,0.904363289670038,0.904363289670038,0.904363289670038,0.952676173105621,5,-0.0483128834355828
"radial",300,0.798250679961914,0.806864200457192,0.74457687687567,0.745762039443817,0.840051765490477,5,-0.0942897260466593
"radial",300,0.705839071065319,0.822626168185721,0.726412348920151,0.86121705963939,0.825737030248993,4,0
"radial",300,0.61139123526646,0.664663463703656,0.634088497615792,0.633394942633095,0.588593992913129,2,-0.0312685210705607
"radial",300,0.579192325415776,0.761459511541201,0.65600603242428,0.701640484269616,0.654664655858573,2,-0.0598190272715847
"radial",300,0.703279710045505,0.669849477487366,0.839055818526903,0.762321065148293,0.854397481191832,5,-0.0920764160435389
"radial",1000,0.905493731341977,0.937848889297282,0.936106288785988,0.921941232903536,0.926343131495781,2,-0.0159076563937468
"radial",1000,0.922687023212798,0.932408628028062,0.929572175299293,0.933130355473121,0.933045408791534,4,0
"radial",1000,0.96679220505705,0.974280459922007,0.963321316336096,0.962160223876796,0.950679380181728,2,-0.0121202360452103
"radial",1000,0.919203761733059,0.919954069368132,0.924247546073718,0.921708662431319,0.922603844722985,3,-0.00253888364239929
"radial",1000,0.887197472676161,0.912996236815604,0.918143489030963,0.916968931477642,0.917515958281956,3,-0.00117455755332019
"radial",300,0.673529294677447,NA,0.67321815069426,0.672215575637321,NA,1,-0.001313719040126
"radial",300,0.808951086761798,0.808141131917324,0.902355383431103,0.850984594572,0.8561271563962,3,-0.0513707888591036
"radial",300,0.777258125472411,0.82296981292517,0.867217763841648,0.87700036611867,0.839717527636054,4,0
"radial",300,0.872121342267672,0.872713662861702,0.872369669114654,0.872327942062497,0.890978407777108,5,-0.0186504657146114
"radial",300,0.895948159901556,0.888389349944408,0.828862431104059,0.887052982901315,0.843727127167015,1,-0.00889517700024056
"radial",1000,0.878690284487386,0.866393760113567,0.866393760113567,0.866393760113567,0.866393760113567,1,-0.0122965243738191
"radial",1000,0.890387975291468,0.890181484333598,0.890181484333598,0.890181484333598,0.892614351483837,5,-0.00243286715023849
"radial",1000,0.88771547813464,0.88846942478679,0.88846942478679,0.88846942478679,0.882532208310651,2,0
"radial",1000,0.888609486895125,0.889226013492353,0.889226013492353,0.889226013492353,0.895295484495339,5,-0.0060694710029856
"radial",1000,0.889970699287557,0.891162375493328,0.891162375493328,0.891162375493328,0.891154366916677,2,0
"radial",200,0.510114206269894,0.51044211266563,0.51044211266563,0.493895851839514,0.497902440039973,2,-0.0165462608261159
"radial",200,0.61221286525974,0.61041700487013,0.561333198051948,0.594621550324675,0.53871195211039,1,-0.0175913149350649
"radial",200,0.820256037950993,0.751156963873664,0.751156963873664,0.751156963873664,0.753410538478937,1,-0.0690990740773293
"radial",200,0.851442304529997,0.850990916326276,0.850990916326276,0.850990916326276,0.850990916326276,1,-0.000451388203721592
"radial",200,0.629178080312433,0.645345061759447,0.645345061759447,0.645345061759447,0.645345061759447,2,0
"radial",200,0.485497417011918,0.486959234821748,0.485058564779295,0.49057541813718,0.49458032837195,5,-0.00400491023477056
"radial",200,0.833516440354618,0.828982156884749,NA,0.808176411177197,NA,1,-0.0253400291774212
"radial",200,0.764481907894737,0.701837993421053,0.719471628289474,0.773804139254386,0.700584566885965,4,0
"radial",200,0.709097853513937,0.745075388464962,NA,NA,0.694192122727204,2,NA
"radial",200,0.760135140844951,0.743174085948631,0.761685812746439,0.77576692767531,0.754664268970168,4,0
"radial",500,0.935319316805993,0.878061551974595,0.85692615005378,0.879949565784068,0.866730199829779,1,-0.0553697510219249
"radial",500,0.932094170732418,0.932768196433791,0.937125757525532,0.918404216527994,0.948655012350441,5,-0.0302507958224469
"radial",500,0.840204568273092,0.837938808806655,0.915874435240964,0.924408011510327,0.910621840038726,4,0
"radial",500,0.699314191215811,0.701130044261418,0.744606033748205,0.798843834836636,0.756083017630708,4,0
"radial",500,0.844093406593407,0.849446855100889,0.843744962250463,0.819169140761439,0.929726752465139,5,-0.1105576117037
"radial",500,0.876470833333333,0.872707738095238,0.872707738095238,0.872707738095238,0.872707738095238,1,-0.00376309523809526
"radial",500,0.838070173330289,0.856406150481295,0.856406150481295,0.856406150481295,0.856406150481295,2,0
"radial",500,0.822692303621016,0.822419436600171,0.822419436600171,0.822419436600171,0.820200627829378,1,-0.000272867020844947
"radial",500,0.806027035938015,0.796736847063257,0.796736847063257,0.796736847063257,0.796480617964297,1,-0.00929018887475863
"radial",500,0.806854171469556,0.794941468787623,0.794941468787623,0.794941468787623,0.79488460257691,1,-0.0119127026819335
"radial",300,0.777834238954298,0.811169773662023,0.796512900665427,0.795585265956601,0.778843813709915,2,-0.0155845077054219
"radial",300,0.605185082095288,0.846352181563801,0.839308212902661,0.806230237930311,0.806675691718566,2,-0.0401219436334901
"radial",300,0.846416387432012,0.86429878715035,0.786673070852758,0.885067623348873,0.783076407099845,4,0
"radial",300,0.625989139722705,0.766650679456435,0.747461065630254,0.800255795363709,0.702388709721878,4,0
"radial",300,0.755792330025238,0.790360704187935,0.841194804455493,0.851835423822084,0.91972570637014,5,-0.067890282548056
"radial",200,0.763813538647413,NA,0.756057626961123,0.901633083370605,0.897784170447087,4,0
"radial",200,0.81728375985251,0.763448117059101,0.76828821213402,0.775700601868474,NA,1,-0.041583157984036
"radial",200,0.779047084207726,NA,0.753606910669927,0.768494613568692,0.826959528836652,5,-0.0584649152679593
"radial",200,0.812451896590835,0.812235178073757,0.797184380873679,0.829682537753581,0.799985011990408,4,0
"radial",200,0.830240949150474,0.874925625130315,0.880528531979923,0.829328108869553,0.831551091085695,3,-0.0512004231103698
"radial",300,0.850272686075039,0.920082776910867,0.920082776910867,0.920082776910867,0.921837433112104,5,-0.00175465620123627
"radial",300,0.884611796871859,0.863307466527281,0.871325640303969,0.863369386031925,0.911398013750955,5,-0.0480286277190303
"radial",300,0.913634713987661,0.914947083804187,0.914947083804187,0.914947083804187,0.914947083804187,2,0
"radial",300,0.889658635019963,0.885351682470823,0.885351682470823,0.885351682470823,0.892786874232187,5,-0.00743519176136365
"radial",300,0.912087280985308,0.911834040546912,0.792534821927668,0.787491344427781,0.885955383738573,1,-0.124595936557527
"radial",300,0.896487599385188,0.934207717413993,0.888370747072999,0.884007523861933,0.920694059659576,2,-0.0502001935520598
"radial",300,0.813870478631049,0.806071507568039,0.763919243688908,0.776099047505533,0.855260036376097,5,-0.0791609888705647
"radial",300,0.753690667175672,0.848445943182283,0.720178121558344,0.780109708821698,0.717097579043524,2,-0.0683362343605848
"radial",300,0.710337484347082,0.819230445607036,0.855646063383802,0.82375432466009,0.806105504382817,3,-0.0318917387237118
"radial",300,0.834634400208171,0.771646500130107,0.856877222655911,0.837377482869286,0.833935076762946,3,-0.019499739786625
"radial",300,0.687316513537765,0.850982170724095,0.828693137484395,0.819925410619538,0.736234248205368,2,-0.0310567601045568
"radial",300,0.738667997859298,0.826153437939889,0.751629886473854,0.782038193835439,0.859879982790438,5,-0.0778417889549988
"radial",300,0.582514922753707,0.665174647129193,0.812004514945267,0.746514271913909,0.703028247061243,3,-0.065490243031358
"radial",300,0.769371058896706,0.803428089610501,0.791244182180851,0.830891145118394,0.836507217312972,5,-0.00561607219457783
"radial",300,0.652205800132868,0.737303576244319,0.737028961198703,0.755382948214509,0.754111825877617,4,0
"radial",500,0.841183970625329,0.83947014101086,0.83947014101086,0.83947014101086,0.841183394741722,1,-0.00171382961446898
"radial",500,0.871781840314226,0.878644454958085,0.887457432076132,0.884547905239243,0.885198436753059,3,-0.00290952683688905
"radial",500,0.880369309975702,0.86943741185666,0.884127968554421,0.883434857469741,0.873947943746849,3,-0.000693111084679843
"radial",500,0.838776563528637,NA,NA,NA,NA,1,NA
"radial",500,0.945242901235981,0.947506297382943,0.945141441280623,0.943739310468989,0.882106583301675,2,-0.00376698691395438
"radial",200,0.729993790128646,0.727825909545475,0.758410362123575,0.793726915054088,0.81604008655914,5,-0.0223131715050521
"radial",200,0.643768888249049,0.658758580199773,0.658758580199773,0.658758580199773,0.683960157955531,5,-0.0252015777557583
"radial",200,0.876550066633362,0.870628214469245,0.863913346569348,0.834534547000497,0.82692932569328,1,-0.0420155196328652
"radial",200,0.800507012866031,0.755194297501414,0.755194297501414,0.686533087134445,0.582698824614185,1,-0.113973925731586
"radial",200,0.873851285210376,0.876191963004844,0.919265075694925,0.857424874685659,0.946982434895614,5,-0.0895575602099543
"radial",500,0.862613826603084,0.889843432934253,0.863426043357684,0.916449476630141,0.884968547077922,4,0
"radial",500,0.906419774451271,NA,NA,NA,NA,1,NA
"radial",500,0.924096406343945,NA,NA,NA,NA,1,NA
"radial",500,0.895949217295193,0.894961075002703,0.895077209253898,0.889538806860731,0.896910828918229,5,-0.00737202205749843
"radial",500,0.902351105883066,0.871419532134809,0.871419532134809,0.871419532134809,0.883341663427186,1,-0.0309315737482562
"radial",200,0.707568945054499,0.690524314604358,0.757996347467791,0.711156754767241,0.70392655010379,3,-0.04683959270055
"radial",200,0.572956832886739,0.590648691262009,0.590648691262009,0.590648691262009,0.590648691262009,2,0
"radial",200,0.668207515696523,0.674538722097158,0.715715357696381,0.671586263000288,0.728912759692672,5,-0.0573264966923842
"radial",200,0.906092132551049,0.889791903006239,0.889791903006239,0.889791903006239,0.89846741172717,1,-0.01630022954481
"radial",200,0.763554668218038,NA,NA,NA,NA,1,NA
"radial",500,0.853386352107889,0.85406303366155,0.85406303366155,0.85406303366155,0.850981291562969,2,0
"radial",500,0.58195316632365,0.593581667273605,0.593581667273605,0.593581667273605,0.593581667273605,2,0
"radial",500,0.593121187086367,0.666278275113261,0.587601328263426,0.586707373432233,0.663615146199978,2,-0.0795709016810277
"radial",500,0.854946115371299,0.854284198928516,0.854284198928516,0.854284198928516,0.854284198928516,1,-0.000661916442783239
"radial",500,0.846197143098222,0.849131836900173,0.849131836900173,0.843275826231553,0.844886203440548,2,-0.0058560106686204
"radial",500,0.880583570783029,0.945581734238495,0.929243994199122,0.933569131639709,0.961097783235701,5,-0.0275286515959923
"radial",500,0.87040337104522,0.906805276510026,0.84220882102782,0.861434838970141,0.841768831499255,2,-0.0453704375398856
"radial",500,0.928520501482246,0.933258968831065,0.841567900681628,0.842881888753448,0.924133681793367,2,-0.0903770800776167
"radial",500,0.857928153918168,0.909383739212886,0.864165876511796,0.894954911162588,0.841493432712812,2,-0.0144288280502979
"radial",500,0.947550060847439,0.951254563557916,0.927338201128443,0.947561677176679,0.947954972895232,2,-0.00369288638123688
"radial",1000,0.845850585058506,0.878353835383538,0.878895389538954,0.878917891789179,0.938980398039804,5,-0.060062506250625
"radial",1000,0.859398110507415,0.866697968200442,0.866684467538909,0.858661074392645,0.855676428144979,2,-0.0080368938077966
"radial",1000,0.855119228817859,0.882428335870117,0.885233384069001,0.870717909690512,0.872883054287164,3,-0.0145154743784881
"radial",1000,0.916200027055857,0.858294948760199,0.892336539378469,0.877338280267631,0.941632532672165,5,-0.0642942524045339
"radial",1000,0.874044558136927,0.840752123834611,0.846680703178509,0.846555869901028,0.83038962668842,1,-0.0274886882358988
"radial",300,0.803422785033799,0.807869935775091,0.803107031809251,0.747973707645646,0.801661293674594,2,-0.0598962281294458
"radial",300,0.846988659173023,0.860188679245283,0.828644620634283,0.842072460859093,0.819315034122842,2,-0.0181162183861903
"radial",300,0.814131422789326,0.807226995723857,0.850648710297043,0.813779126935126,0.85297829343029,5,-0.0391991664951636
"radial",300,0.863880770817324,0.911842371910204,0.832685773538207,0.851141484871584,0.900136918520622,2,-0.0607008870386201
"radial",300,0.78368425707248,0.800204711555329,0.754939826111162,0.771138425315802,0.780768712187442,2,-0.029066286239527
"radial",200,0.824937683464799,0.826552481182046,0.826552481182046,0.826275234096984,0.81556509208088,2,-0.000277247085062049
"radial",200,0.879703175850073,0.782670295140837,0.820451127819549,0.827046347211312,0.832431264728987,1,-0.0526568286387611
"radial",200,0.821796665461734,0.803402483052852,0.821652743005815,0.788492562890766,0.803237362715828,1,-0.0333041025709683
"radial",200,0.830103814791442,0.878881564875848,0.878881564875848,0.878881564875848,0.826690459397687,2,0
"radial",200,0.856198339906714,0.909644572749609,0.876109439529737,0.882253469176749,0.867474979524742,2,-0.02739110357286
"radial",1000,0.919166745971323,0.914577980269001,0.909371629552087,0.921515155119909,0.892855443471641,4,0
"radial",1000,0.799338881558133,0.750660732612604,0.77145017786729,0.692950320624117,0.726733530877916,1,-0.106388560934015
"radial",1000,0.906220535230136,0.883029568434819,0.883029568434819,0.90571783994131,0.874493955535709,1,-0.000502695288826516
"radial",1000,0.750149754402779,0.807296678608373,0.879576848806667,0.885025332648006,0.866679935228805,4,0
"radial",1000,0.872094925612318,NA,NA,NA,NA,1,NA
"radial",1000,0.846821765990693,0.84726296562794,0.85058074432348,0.847882454624028,0.847645622490644,3,-0.00269828969945207
"radial",1000,0.846150634741978,0.85087209528867,0.843955227951581,0.844187905446101,0.854040517056151,5,-0.00985261161005035
"radial",1000,0.769639967464361,0.78580761162721,0.833728327411276,0.718567575666767,0.844065242518943,5,-0.125497666852177
"radial",1000,0.870538933376345,0.88443981384846,0.892547178314579,0.886871667394068,0.89498496176398,5,-0.00811329436991215
"radial",1000,0.857114680191603,0.856801659878583,0.855997848305541,0.857393888163119,0.857099310945465,4,0
"radial",300,0.912246376811594,0.915860507246377,0.915860507246377,0.902086855877617,0.883540660225443,2,-0.0137736513687601
"radial",300,0.772707590830363,0.854651918607674,0.854651918607674,0.799837199348797,0.843282373129493,2,-0.054814719258877
"radial",300,0.7246528881823,0.856757380217588,0.884491411827052,0.909364381682721,0.911216060351008,5,-0.00185167866828762
"radial",300,0.879726368159204,0.886057779285391,0.907182270465853,0.853191994572592,0.855022048846676,3,-0.053990275893261
"radial",300,0.888340586390193,0.886944348003065,0.888646621492194,0.757082205966861,0.867631961737381,3,-0.131564415525333
"radial",500,0.713893711967546,0.687531575388776,0.687531575388776,0.687531575388776,0.800267748478702,5,-0.112736173089926
"radial",500,0.824799297202325,0.722889579672929,0.722889579672929,0.722889579672929,0.722889579672929,1,-0.101909717529396
"radial",500,0.872194871297205,0.864866731114487,0.864866731114487,0.864866731114487,0.867261129379621,1,-0.00732814018271821
"radial",500,0.818268072289157,0.817158043940468,0.817158043940468,0.817377746279235,0.81634479092842,1,-0.000890326009922116
"radial",500,0.904762782033011,NA,NA,NA,NA,1,NA
"radial",200,0.805230060901864,0.817285187615545,0.817285187615545,0.817285187615545,0.817285187615545,2,0
"radial",200,0.857232734153264,0.82996215704825,0.823464657386133,0.806592107041492,0.813920800108123,1,-0.0506406271117719
"radial",200,0.738088759352425,0.822645567272962,0.797327000290248,0.749644748935758,0.777430925083849,2,-0.0730008183372033
"radial",200,0.671867659282281,0.651950096169676,0.651950096169676,0.651950096169676,0.624035291661145,1,-0.0199175631126048
"radial",200,0.857887085441942,0.813187287587731,0.839075547266823,0.848056087092133,0.856429002362505,1,-0.00983099834980827
"radial",1000,0.818817519211652,0.925638119712413,0.844301058857984,0.853277324269586,0.833320614937859,2,-0.072360795442827
"radial",1000,0.863138558023073,0.904244572890584,0.858433958143199,0.856883634037707,0.848066287568546,2,-0.0473609388528772
"radial",1000,0.802784435274119,NA,NA,NA,NA,1,NA
"radial",1000,0.809906488339224,NA,NA,NA,NA,1,NA
"radial",1000,0.913666221466731,NA,NA,NA,NA,1,NA
"radial",1000,0.954386282530549,0.93923498978986,0.848889117230671,0.955156936044729,0.851131759732253,4,0
"radial",1000,0.937686662296037,0.945790537587413,0.959776551573427,0.953608349116162,0.957967596639472,3,-0.0061682024572649
"radial",1000,0.803109684713759,0.812981205088143,0.828563013477081,0.816764818037892,0.825197823606481,3,-0.0117981954391885
"radial",1000,0.933624842023012,0.960063525366436,0.947222465056192,0.935804411807559,0.938327726566792,2,-0.0242591135588776
"radial",1000,0.808156004303151,0.873684799219803,0.948934643381392,0.868131170698357,0.864259088898273,3,-0.0808034726830347
"radial",1000,0.925569445778119,0.944627324595096,0.850168643172652,0.868556350425709,0.868176253120799,2,-0.0760709741693874
"radial",1000,0.893483201581028,0.890965556182947,0.903244635798984,0.90048630717109,0.902588226990401,3,-0.00275832862789382
"radial",1000,0.827433628318584,0.859281396585908,0.859281396585908,0.859281396585908,0.859281396585908,2,0
"radial",1000,0.880318390998712,0.804762539317304,0.854375567330223,0.828755330265352,0.828132586392519,1,-0.0515630607333601
"radial",1000,0.873990403121106,0.889493994611134,0.917162494536107,0.892964789697219,0.888316403421212,3,-0.0241977048388885
"radial",300,0.557530030273106,0.876739792944909,0.707877685321591,0.759771980379142,0.741545385375014,2,-0.116967812565767
"radial",300,0.702953119232189,0.801106077385147,0.80013356152891,0.821584616933454,0.86230074834726,5,-0.0407161314138058
"radial",300,0.849777603785743,0.924402484039771,0.877745306008491,0.890406261285457,0.853033884948779,2,-0.0339962227543141
"radial",300,0.744801525841794,0.723195591693914,0.661665376011014,0.780092592592593,0.782917096885218,5,-0.00282450429262515
"radial",300,0.672703645924763,0.76637894962302,0.700637923667763,0.653334084091544,0.740768158136176,2,-0.113044865531476
"radial",500,0.850350451988128,0.892103635907647,0.842564153071824,0.837382763834045,0.862215457658922,2,-0.0547208720736014
"radial",500,0.860624834641503,0.888406637017626,0.793248333816285,0.764977280267429,0.777827997765823,2,-0.123429356750196
"radial",500,0.882983429152047,0.885809203019883,0.889671224072679,0.890932544406412,0.882550846366109,4,0
"radial",500,0.810747621947528,0.837337412199323,0.835041566208566,0.819100631417002,0.812736603311289,2,-0.0182367807823208
"radial",500,0.92549016645262,0.841634307874393,0.849617989977588,0.82981541638337,0.83018407997784,1,-0.0956747500692503
"radial",500,0.780543946741474,0.801231571506305,0.801231571506305,0.773147815707882,0.847374812304226,5,-0.0742269965963436
"radial",500,0.936436528627925,0.929650306053049,0.929650306053049,0.929650306053049,0.929650306053049,1,-0.00678622257487593
"radial",500,0.89290706723411,0.90420100494181,0.90420100494181,0.951931077861747,0.911084721630704,4,0
"radial",500,0.867551741358432,0.882209432100132,0.882209432100132,0.864308312217773,0.866868532741966,2,-0.017901119882359
"radial",500,0.806179800563846,NA,NA,NA,NA,1,NA
"radial",1000,0.894851216256803,0.886809321871749,0.886809321871749,0.886809321871749,0.886809321871749,1,-0.00804189438505309
"radial",1000,0.899262237676236,0.889384196947199,0.892622506217062,0.932269949292595,0.885456541410616,4,0
"radial",1000,0.880793430362463,0.875194924590367,0.875194924590367,0.875194924590367,0.874903992365938,1,-0.00559850577209531
"radial",1000,0.823624605698175,0.859455499996839,0.869430783040754,0.833501905923852,0.954731147789697,5,-0.121229241865846
"radial",1000,0.845673906954241,NA,NA,NA,NA,1,NA
"radial",200,0.771207726842496,0.805011863344504,0.805011863344504,0.805011863344504,0.796845821288788,2,0
"radial",200,0.753321513286053,0.612038948155793,0.612038948155793,0.612038948155793,0.786711146844587,5,-0.174672198688795
"radial",200,0.765277880014722,0.814147343884186,0.814147343884186,0.814147343884186,0.727805177278862,2,0
"radial",200,0.741704897044703,0.700989366620435,0.753348981115971,0.745146697962232,0.706795405242007,3,-0.00820228315373939
"radial",200,0.816442801373192,0.788745404970227,0.788745404970227,0.788745404970227,0.780126875987362,1,-0.0276973964029651
"radial",300,0.780507025148337,NA,NA,NA,NA,1,NA
"radial",300,0.748752370590324,0.576224395735582,0.576224395735582,0.53268675718355,0.572813012368626,1,-0.216065613406774
"radial",300,0.764221225424699,0.746063179996182,0.746063179996182,0.746063179996182,0.759086657759114,1,-0.018158045428517
"radial",300,0.828983481413399,0.765488834422658,0.765488834422658,0.765488834422658,0.765488834422658,1,-0.0634946469907408
"radial",300,0.946349589420308,0.902297116847742,0.902297116847742,0.902297116847742,0.902297116847742,1,-0.0440524725725667
"radial",200,0.799890523340873,0.878606363377623,0.761861427765378,0.877034118769068,0.799656465489262,2,-0.00157224460855543
"radial",200,0.684832488950359,0.723705425599086,0.746865510087495,0.708392841035509,0.764452854866352,5,-0.0560600138308428
"radial",200,0.800853768391552,0.812695425883295,NA,NA,NA,2,NA
"radial",200,0.781091794342568,0.76784102034876,0.768872482866291,0.749900770024609,0.756247254637348,1,-0.0311910243179593
"radial",200,0.665329307420269,0.678781744571218,0.693361844105551,0.714944452001088,0.648689411275224,4,0
"radial",300,0.868534047919294,NA,NA,NA,NA,1,NA
"radial",300,0.785718816201748,0.764251655087748,0.655299170236187,0.78505353928728,0.664298027143862,1,-0.00066527691446816
"radial",300,0.84086662387097,0.841462313544177,0.841462313544177,0.841105560394234,0.843214698229778,5,-0.00210913783554345
"radial",300,0.621342440079591,0.752060989605264,0.705094782816899,0.787003896993866,0.695558706726443,4,0
"radial",300,0.868790835185599,0.936371252029339,0.909961059118597,0.89851472283285,0.901234775501386,2,-0.037856529196489
"radial",1000,0.851498700019471,0.849725478681256,0.849725478681256,0.849725478681256,0.846358128236285,1,-0.00177322133821456
"radial",1000,0.90468263016457,0.877837228584754,0.877837228584754,0.877837228584754,0.877837228584754,1,-0.0268454015798163
"radial",1000,0.880494296990199,0.935671052346257,0.950627900294909,0.932161559979183,0.953831777474195,5,-0.0216702174950125
"radial",1000,0.834821818181818,0.916521890909091,0.916521890909091,0.834058472727273,0.853592436363636,2,-0.0824634181818181
"radial",1000,0.860377746400199,0.861386311444886,0.861386311444886,0.861824649329692,0.861366915963257,4,0
"radial",200,0.693581029775021,0.724658275815401,0.680537088864301,0.724705798489399,0.696413277835115,4,0
"radial",200,0.800090893533299,0.827832121230667,0.846999663399259,0.758469135298764,0.832342797820822,3,-0.0885305281004951
"radial",200,0.853111280778775,0.844829165871349,0.855337850734873,0.805355029585799,0.874334796716931,5,-0.0689797671311319
"radial",200,0.818329532731823,NA,NA,0.78371455973393,NA,1,-0.0346149729978925
"radial",200,0.914478258764534,0.90766503323688,0.881280523796328,0.909727337063061,0.88938809735475,1,-0.00475092170147273
"radial",1000,0.951681914739536,0.861764552052656,0.872925014885981,0.85835033151483,0.856620841983295,1,-0.0933315832247059
"radial",1000,0.814026374633159,0.802849369964951,0.80807370923969,0.900071843933884,0.820888623776717,4,0
"radial",1000,0.890710158290329,0.884738065469151,0.879905841632432,0.888081640928598,0.883890253969327,1,-0.00262851736173131
"radial",1000,0.865796196322511,0.865636088920093,0.863877279455018,0.863715986071842,0.86448094366117,1,-0.00208021025066885
"radial",1000,0.881866481658347,0.964904732729053,0.963521675406508,0.964277025931199,0.944359348626553,2,-0.000627706797854288
"radial",300,0.790683936403509,0.90440583881579,0.928773985745614,0.918594435307018,0.933136650219298,5,-0.0145422149122807
"radial",300,0.886408669729977,0.948660921137985,0.888575477483837,0.955778796104536,0.903930033246599,4,0
"radial",300,0.828045907580791,0.838836202557133,0.871715158226786,0.828039195946173,0.880237591865499,5,-0.0521983959193262
"radial",300,0.751670010976195,0.719035838421257,0.799387162424825,0.815902191809014,0.744314673801194,4,0
"radial",300,0.820182648903942,0.851443817043199,0.779611032609592,0.833062778000759,0.86802764475283,5,-0.0349648667520714
"radial",500,0.924776510357423,0.932379363655297,0.919168242041686,0.925355761066342,0.920115469648665,2,-0.00702360258895529
"radial",500,0.958461633976914,0.946861753740871,0.958838650112003,0.951188677299223,0.954658928072531,3,-0.00764997281278068
"radial",500,0.962223269054048,0.912572842514911,0.957368782600714,0.959312594630963,0.957615415730654,1,-0.00291067442308524
"radial",500,0.883463802009715,0.863753694328082,0.878666186939426,0.880764822286757,0.868149366503045,1,-0.00269897972295752
"radial",500,0.909921472555584,0.908542786448686,0.908903621278945,0.884233177932635,0.917862459897533,5,-0.0336292819648984
"radial",200,0.687904785527504,0.737469582824692,0.745888311212488,0.722818271866727,0.710123711373632,3,-0.0230700393457612
"radial",200,0.48594668884524,0.483908737531926,0.492593379066809,0.471146227184875,0.465742166225258,3,-0.0214471518819345
"radial",200,0.727241329555188,0.751538837022961,0.741007205287766,0.7381618278365,0.749005576141605,2,-0.0133770091864605
"radial",200,0.684937787217331,0.712328705430085,0.639657654054775,0.614277144571086,0.690909565834581,2,-0.0980515608589995
"radial",200,0.640450705072311,0.703177147539012,0.642489626867915,0.685182018401034,0.61032352145284,2,-0.0179951291379776
"radial",300,0.828801797837159,0.819790770067112,0.819790770067112,0.819790770067112,0.819790770067112,1,-0.0090110277700477
"radial",300,0.86257797962318,0.907791886459033,0.891967568089882,0.893907450759922,0.899061682412658,2,-0.0138844356991117
"radial",300,0.778971137873754,0.887756436877076,0.768140573089701,0.79172342192691,0.883783222591362,2,-0.0960330149501661
"radial",300,0.805080247961957,0.801174503429089,0.801174503429089,0.801174503429089,0.801174503429089,1,-0.00390574453286752
"radial",300,0.742274461538462,NA,NA,NA,NA,1,NA
"radial",500,0.7321440346575,0.708023380375265,0.781358281358281,0.807567268967628,0.797045353598316,4,0
"radial",500,0.585492418360103,0.66405972690567,0.701409841157157,0.732027575650013,0.778213461709114,5,-0.0461858860591002
"radial",500,0.879499214700044,0.858231677940298,0.911507414580563,0.937534928985759,0.932165500761211,4,0
"radial",500,0.773901639344262,0.723728041415013,0.768949784296808,0.77438550474547,0.766652631578947,4,0
"radial",500,0.73971784773471,0.73730062012828,0.73730062012828,0.681690437960149,0.721456577944912,1,-0.0580274097745607
"radial",200,0.632373490490643,0.743702512457691,0.783998587937654,0.826548406445149,0.80084936203873,4,0
"radial",200,0.728907155152711,0.7775014498957,0.658824018991982,0.703926013704982,0.671266700222339,2,-0.0735754361907178
"radial",200,0.616371219265837,0.727490274944383,0.601311638027004,0.700761532042452,0.587706516013533,2,-0.0267287429019313
"radial",200,0.563454569286523,0.580314434407602,0.588461446154585,0.585890697489805,0.585474393127932,3,-0.00257074866477991
"radial",200,0.711942076341079,0.619206177388124,0.719735526929145,0.650676366179002,0.751388926240677,5,-0.100712560061675
"radial",1000,0.87513538687189,0.906603132232157,0.906603132232157,0.906603132232157,0.90266063083591,2,0
"radial",1000,0.893000713155934,0.896573133012214,0.896573133012214,0.896573133012214,0.896573133012214,2,0
"radial",1000,0.934314240672622,NA,NA,NA,NA,1,NA
"radial",1000,0.958602224708882,NA,NA,NA,NA,1,NA
"radial",1000,0.832105421669791,0.831981574991978,0.831981574991978,0.831981574991978,0.831981574991978,1,-0.000123846677812844
"radial",500,0.937640488216246,0.904270441629428,0.944014789338951,0.933458478510742,0.952619395601812,5,-0.0191609170910699
"radial",500,0.741073614202378,0.903844343264302,0.891656906423433,0.907565161392369,0.932516234642524,5,-0.0249510732501547
"radial",500,0.89452231968012,0.90026201297617,0.875459332327382,0.885737952615019,0.896640991621454,2,-0.0145240603611508
"radial",500,0.892519520125845,0.911366624778631,0.89976052499671,0.914350017227333,0.899993571140851,4,0
"radial",500,0.902858697722511,0.914642322657887,0.933351473429294,0.895489102337351,0.912747952436668,3,-0.0378623710919431
"radial",1000,0.889257605415545,0.955313086208303,0.960798594119566,0.948989045550934,0.892814997757116,3,-0.0118095485686323
"radial",1000,0.831585557819694,0.895031760355082,0.891725040831363,0.921429340158074,0.908492213952795,4,0
"radial",1000,0.845397651087061,0.839856096159372,0.91431316444785,0.853530402978642,0.861476840101523,3,-0.0607827614692079
"radial",1000,0.803667596565532,0.78098803294059,0.814213827472969,0.868547094604893,0.874525428269233,5,-0.00597833366434031
"radial",1000,0.883837278588581,0.869982599884158,0.876367003290917,0.882641986967159,0.876547783715252,1,-0.00119529162142207
"radial",500,0.769686552421028,0.829698387129598,0.827656273726164,0.914510667674808,0.866949541248499,4,0
"radial",500,0.926191208791209,0.925898351648352,0.925898351648352,0.927009340659341,0.925483516483516,4,0
"radial",500,0.846887110239785,0.855874041737796,0.855874041737796,0.855874041737796,0.867069285628248,5,-0.0111952438904511
"radial",500,0.79287278515533,0.755013009354542,0.755013009354542,0.755013009354542,0.755013009354542,1,-0.037859775800788
"radial",500,0.658190686079699,0.66682755879909,0.66682755879909,0.66682755879909,0.669829834892879,5,-0.00300227609378945
"radial",300,0.899011662059078,0.862856300757069,0.912462670319875,0.858647854287933,0.87608497405921,3,-0.0538148160319423
"radial",300,0.883798828125,0.902446576286765,0.871602711397059,0.805137293198529,0.785251608455882,2,-0.0973092830882353
"radial",300,0.8203849044001,0.82466567866188,0.823123660627313,0.752065590993849,0.816434624697337,2,-0.0726000876680304
"radial",300,0.742394080528846,NA,NA,NA,NA,1,NA
"radial",300,0.808764230278327,0.820523509552042,NA,NA,0.807993530755929,2,NA
"radial",500,0.884440574325632,0.886102403343783,0.88478888501877,0.869198498393901,0.885043538836642,2,-0.0169039049498819
"radial",500,0.89046410401986,0.919135751867943,0.919135751867943,0.919135751867943,0.919135751867943,2,0
"radial",500,0.833431443270906,0.842338464539779,0.842338464539779,0.842338464539779,0.820949363930023,2,0
"radial",500,0.869082446710518,0.862723669918395,0.818187177510755,0.851849859471696,0.797902318459096,1,-0.0172325872388215
"radial",500,0.921858122586439,0.924096085870529,0.924096085870529,0.924096085870529,0.920916344663862,2,0
"radial",500,0.900047364904297,0.881021052008357,0.886247050266005,0.874653221236393,0.878811394642691,1,-0.0253941436679044
"radial",500,0.835770860027728,0.87222108820165,0.873453409270046,0.869108706987498,0.866601118032005,3,-0.00434470228254757
"radial",500,0.882871905164899,0.922913604442267,0.872041970768085,0.82450776399821,0.860257576818086,2,-0.098405840444057
"radial",500,0.922569796615598,0.917574650399078,0.91874608286822,0.973228072464714,0.960556830785838,4,0
"radial",500,0.865094317390325,0.882945755717435,0.911167655576562,0.893299197176239,0.911759430429796,5,-0.0184602332535572
"radial",200,0.564866540738232,0.564677073943723,0.564677073943723,0.564677073943723,0.564677073943723,1,-0.00018946679450893
"radial",200,0.679974996710093,NA,NA,NA,NA,1,NA
"radial",200,0.779174655078596,0.573844710357559,0.675257070062399,0.546760179821907,0.667490935165455,1,-0.232414475256689
"radial",200,0.755432411589732,0.710345562043259,0.710345562043259,0.710345562043259,0.663964599170064,1,-0.0450868495464728
"radial",200,0.887828934486302,0.798695171369483,0.819286735951693,0.70721077728401,0.778022486242142,1,-0.180618157202292
"radial",1000,0.9332125,0.9560359375,0.93883515625,0.940453125,0.895540625,2,-0.0155828125
"radial",1000,0.851617144280486,0.852951958732238,0.849834880740506,0.852782219347478,0.851974199613517,2,-0.000169739384759948
"radial",1000,0.892376132894938,0.892764217569074,0.892764217569074,0.892764217569074,0.892653628796497,2,0
"radial",1000,0.968788721492398,0.960018352231762,0.969640789395656,0.966965982827555,0.972932538902258,5,-0.0059665560747032
"radial",1000,0.940818356581948,NA,NA,NA,NA,1,NA
"radial",1000,0.742531902552204,0.678435724133293,0.798564174989072,0.715008070210834,0.749038510037325,3,-0.0835561047782374
"radial",1000,0.864144597765048,0.886811481686193,0.882499938764056,0.876743227570871,0.878052079306404,2,-0.0100682541153216
"radial",1000,0.909395259049834,0.944222231631885,0.942209287554599,0.940549205842532,0.826244056983472,2,-0.00367302578935313
"radial",1000,0.862872239985595,0.931463190885687,0.873206021053246,0.858402805152838,0.864492235216251,2,-0.0730603857328487
"radial",1000,0.931858453121701,0.858351567979461,0.87407688667305,0.864553348721474,0.865960593153778,1,-0.0673051044002276
"radial",500,0.896885339174247,0.86751715110734,0.866811702876387,0.74774881438654,0.8967052772132,1,-0.149136524787708
"radial",500,0.898372318208548,0.896525627440086,0.898860151125037,0.897237480306141,0.905855616194874,5,-0.00861813588873284
"radial",500,0.866904770743072,NA,0.87236419494484,0.866111090488387,0.856936924515528,3,-0.00625310445645277
"radial",500,0.902439395865085,0.899103923263648,0.903660984476476,0.888286614308868,0.900642200582119,3,-0.0153743701676087
"radial",500,0.925476846241416,0.900265138995997,0.904524989901216,NA,0.898452498990122,1,NA
"radial",300,0.817604313480791,0.82628625536167,0.761106965771128,0.769183106212337,0.767012984368432,2,-0.0571031491493326
"radial",300,0.801587738192467,0.876992078235884,0.864691021577497,0.891223853311949,0.895636470583257,5,-0.00441261727130771
"radial",300,0.903690297847792,0.95451641217941,0.908974927603209,0.930139810326093,0.87526247390769,2,-0.0243766018533165
"radial",300,0.821269017888179,0.815007353137784,0.820759378593011,0.813985400679163,0.804410278349688,1,-0.00728361720901627
"radial",300,0.896275320004134,0.931685152024135,0.944609478507784,0.93528428274191,0.947182930233778,5,-0.0118986474918678
"radial",300,0.680817086965201,NA,NA,NA,NA,1,NA
"radial",300,0.743160535184469,0.676718004224716,0.804245577754128,0.821105138190145,0.758162712042054,4,0
"radial",300,0.899398969183653,0.837814771912652,0.814545034945856,0.796713673646176,0.821023591936755,1,-0.102685295537477
"radial",300,0.954706281601786,0.930926209284985,0.930926209284985,0.930926209284985,0.848004862173708,1,-0.0237800723168017
"radial",300,0.80992099209921,0.8500900090009,0.928472847284728,0.884886488648865,0.851080608060806,3,-0.0435863586358636
"radial",500,0.842459699016185,0.836072249807707,0.83961859543571,0.840117953116757,NA,1,-0.00234174589942771
"radial",500,0.824066389579875,0.825598302769236,0.83704648917092,0.814538935292521,0.83850553357749,5,-0.0239665982849693
"radial",500,0.838556261689501,0.79853367547033,0.832922650288961,0.825726124295394,0.841220982532892,5,-0.0154948582374983
"radial",500,0.820666326992754,0.857739903026428,0.786059549499147,0.645009957107843,0.822656916027281,2,-0.212729945918585
"radial",500,0.841814681468147,0.839387438743874,0.867285228522852,0.80478197819782,0.747863286328633,3,-0.0625032503250325
"radial",500,0.855808186392537,NA,NA,NA,NA,1,NA
"radial",500,0.857804602597725,0.842330963696633,0.842330963696633,0.842330963696633,0.842330963696633,1,-0.015473638901092
"radial",500,0.958355510871922,0.94460079850735,0.94460079850735,0.94460079850735,0.94460079850735,1,-0.013754712364572
"radial",500,0.790399615287842,0.787561916473988,0.787561916473988,0.799582682593115,0.812926268962036,5,-0.0133435863689216
"radial",500,0.892539330167404,NA,NA,NA,NA,1,NA
"radial",500,0.901561671087533,0.896175950486295,0.903478116710875,0.903671529619805,0.901811450044209,4,0
"radial",500,0.879377736085053,0.832489594789847,0.805023613896616,0.861835791766406,0.807345916628928,1,-0.0175419443186475
"radial",500,0.922017956606543,0.921053392250307,0.855011838692164,0.855021264402485,NA,1,-0.0669966922040578
"radial",500,0.856029520901291,0.854799149506399,0.856324970279796,0.860027601982616,0.857269406767694,4,0
"radial",500,0.830235493102876,0.830235493102876,0.830120814074224,0.830235493102876,0.835259338431937,5,-0.00502384532906097
"radial",300,0.735044309004992,0.719311572518147,0.719311572518147,0.599941684698372,0.723087901463667,1,-0.13510262430662
"radial",300,0.83756435006435,0.840774882024882,0.840774882024882,0.834319498069498,0.836765336765337,2,-0.00645538395538392
"radial",300,0.704286854786544,0.700476889492828,0.700476889492828,0.700476889492828,0.700476889492828,1,-0.0038099652937158
"radial",300,0.543406369466184,0.578329833721128,0.578329833721128,0.578329833721128,0.578329833721128,2,0
"radial",300,0.729318507683049,0.714567019747643,0.714567019747643,0.714567019747643,0.7189604995985,1,-0.0147514879354054
"radial",500,0.630343360379972,0.645863110290183,0.645863110290183,0.645863110290183,0.637848069720225,2,0
"radial",500,0.833334103113607,0.725923582372648,0.725923582372648,0.725923582372648,0.725923582372648,1,-0.10741052074096
"radial",500,0.747775508114384,0.739037207631391,0.76101398995833,0.723715244212503,0.721155364726423,3,-0.0372987457458274
"radial",500,0.826941471855064,0.827545895247483,0.827545895247483,0.827545895247483,0.827545895247483,2,0
"radial",500,0.834696718554332,0.829666343804078,0.828877086617683,0.833666327593404,0.832616179873638,1,-0.00103039096092827
"radial",1000,0.898938169517008,NA,NA,NA,NA,1,NA
"radial",1000,0.86998837782807,0.867917079771092,0.867917079771092,0.867917079771092,0.867917079771092,1,-0.00207129805697781
"radial",1000,0.813692016592972,0.874508112499221,0.874508112499221,0.842940848831434,0.787375909627422,2,-0.0315672636677866
"radial",1000,0.89303113048171,0.896493494685469,0.896493494685469,0.896493494685469,0.896493494685469,2,0
"radial",1000,0.938023074317635,0.949218510511488,0.949218510511488,0.949218510511488,0.875167217945664,2,0
"radial",500,0.833366990278191,0.795556778424552,0.778869665163884,0.821936250380744,0.836050290207007,5,-0.0141140398262629
"radial",500,0.809755185605143,0.764589176819057,0.852519453250693,0.876455263917493,0.857734592988913,4,0
"radial",500,0.746748669289877,0.798583591053635,0.749464674773354,0.81920433437981,0.743401034624196,4,0
"radial",500,0.832282458230575,0.866938455981735,0.851800461208327,0.845326057289854,0.860200107539007,2,-0.0216123986918811
"radial",500,0.864806642693939,0.876858717664923,0.87343381611303,0.873020547825908,0.870635942307114,2,-0.0038381698390153
"radial",300,0.792341920073968,0.824910857989179,0.883227176220807,0.864901697657695,0.850819293199096,3,-0.0183254785631122
"radial",300,0.851125750896218,0.81169824819404,0.785676747803756,0.876624480679569,0.843980299221309,4,0
"radial",300,0.743227494314001,0.93845742190113,0.862382099137066,0.852653710114389,0.878031661816844,2,-0.0858037117867415
"radial",300,0.745581258128912,0.742855453732498,0.742855453732498,0.742855453732498,0.742855453732498,1,-0.00272580439641434
"radial",300,0.777259878100042,0.798045397225725,0.798045397225725,0.798045397225725,0.73239333753678,2,0
"radial",1000,0.832064925841135,0.911287976668102,0.895652469569554,0.890922622420684,0.851363042213508,2,-0.0203653542474178
"radial",1000,0.888197303284485,0.936527896814803,0.87442686599319,0.87680545993565,0.873196881776329,2,-0.0597224368791537
"radial",1000,0.923792557603991,0.933104944708495,0.947963235794333,0.952955260130515,0.94490953637583,4,0
"radial",1000,0.875299031369413,0.864281524926686,0.910638940726917,0.903747148908439,0.88515536597648,3,-0.0068917918184781
"radial",1000,0.873859799010958,0.912034117467709,0.880543348201507,0.900974017071895,0.837054763646494,2,-0.0110601003958144
"radial",500,0.902294130984179,0.922350150140186,0.922555452328417,0.933917580503343,0.927908516791922,4,0
"radial",500,0.904756330625896,0.965277114190158,0.901864150342411,0.904703774486383,0.922982959069916,2,-0.0605733397037745
"radial",500,0.960377013072456,0.91674933493521,0.966898938756829,0.964316485025315,0.908078034268715,3,-0.002582453731514
"radial",500,0.935644412803881,0.873155821660805,0.920383418722289,0.919174586948673,0.922440055330421,1,-0.0164698258552078
"radial",500,0.913511461005954,0.917909687595811,0.972016648916429,0.905145652805344,0.964220159429411,3,-0.0668709961110843
"radial",1000,0.835359078448492,0.812574321492901,0.812574321492901,0.812574321492901,0.812737841278795,1,-0.0227847569555916
"radial",1000,0.798971313147528,0.719530669984148,0.719530669984148,0.719530669984148,0.727279263733103,1,-0.0794406431633793
"radial",1000,0.83862709061206,0.834350333203934,0.834350333203934,0.834350333203934,0.944286401721015,5,-0.109936068517081
"radial",1000,0.873396612053839,0.87233060551657,0.87233060551657,0.87233060551657,0.87233060551657,1,-0.00106600653726951
"radial",1000,0.846284698755976,0.846830867813071,0.846830867813071,0.938989261845761,0.936175815373833,4,0
"radial",300,0.924821717595804,0.928125722560939,0.928817859880983,0.9150278477521,0.923302564913861,3,-0.0137900121288825
"radial",300,0.785516424087439,0.813664664638956,0.767755001706065,0.77871173124643,0.786522329885736,2,-0.0349529333925258
"radial",300,0.807849874249537,0.871167407634524,0.861808631412341,0.892337301274907,0.893397997107947,5,-0.00106069583303992
"radial",300,0.848230976907552,0.860925794867762,0.860718722969254,0.8574506566014,0.88398469240649,5,-0.0265340358050903
"radial",300,0.798570152956192,0.80422237833498,0.802300776103426,0.798321187417655,0.797955780632411,2,-0.00590119091732544
"radial",500,0.885460197248562,0.830669414269052,0.917659970257553,0.89416936458208,0.868818548408186,3,-0.0234906056754726
"radial",500,0.872995050036233,0.885808434460252,0.878897598199493,0.922386857606008,0.910891453416885,4,0
"radial",500,0.88140576518867,0.754362426183565,0.835993894505055,0.872992693424082,0.86695525973376,1,-0.00841307176458805
"radial",500,0.818691783885879,0.884154282021969,0.862601520950345,0.790568119687857,0.848592872409165,2,-0.0935861623341121
"radial",500,0.793391608391608,0.773593385780886,0.769562937062937,0.730044434731935,0.631074446386946,1,-0.0633471736596737
"radial",500,0.91920287796355,0.919863417475177,0.919863417475177,0.92160414032795,0.919569252477615,4,0
"radial",500,0.520070857142857,NA,NA,NA,NA,1,NA
"radial",500,0.865080036425764,0.864318729609718,0.864318729609718,0.864318729609718,0.864318729609718,1,-0.000761306816045693
"radial",500,0.864394998900314,0.863722032977961,0.863722032977961,0.863722032977961,0.862219829922201,1,-0.000672965922352664
"radial",500,0.839353548758566,0.855623665880238,0.855623665880238,0.855623665880238,0.847386354061341,2,0
"radial",500,0.858286778034372,0.882006026605449,0.882006026605449,0.882006026605449,0.880695894986107,2,0
"radial",500,0.901879159348362,0.905920676291916,0.905920676291916,0.905920676291916,0.905920676291916,2,0
"radial",500,0.893950755885382,0.89585465130728,0.89585465130728,0.89585465130728,0.903168224612116,5,-0.00731357330483617
"radial",500,0.877206317927391,NA,NA,NA,NA,1,NA
"radial",500,0.888081504702194,0.906957993730408,0.910917868338558,0.899672727272727,0.917514106583072,5,-0.0178413793103448
"radial",300,0.677197802197802,0.74206096236483,0.842525415039227,0.841763132508989,0.620642172437753,3,-0.000762282530238356
"radial",300,0.767317722289521,0.747729428347817,0.750688097977872,0.775598154825584,0.747286537952067,4,0
"radial",300,0.815270504396718,0.816055702657644,0.804320878689811,NA,0.804528129188323,2,NA
"radial",300,0.588733786260023,0.631961609285447,0.603497237867553,0.683309246277762,0.707936572254413,5,-0.0246273259766513
"radial",300,0.828275027751239,0.810023818753631,0.820175532309971,0.830376592707453,0.832246176637272,5,-0.00186958392981962
"radial",1000,0.811414283928936,0.785288033361617,0.841651538173136,0.823075556958778,0.818215528411969,3,-0.0185759812143577
"radial",1000,0.929432668803085,0.94607793127453,0.943402906969766,0.859681997671544,0.951095914799301,5,-0.091413917127757
"radial",1000,0.95343182717515,0.931164572719329,0.933691839376103,0.937441262304002,0.946764068193435,1,-0.015990564871148
"radial",1000,0.887491355305746,0.956924202591524,0.960045408193651,0.946408972736852,0.959392118469686,3,-0.0136364354567985
"radial",1000,0.853637658202531,0.836587885406166,0.843494995919935,0.848492575881214,0.840932454919279,1,-0.00514508232131716
"radial",500,0.892251060714258,0.88649990805827,0.887870573118494,0.888492166903008,0.887096683216178,1,-0.00375889381124983
"radial",500,0.919771682257809,0.919891876409724,NA,0.91485821352278,0.971704080293103,5,-0.0568458667703235
"radial",500,0.898394226685716,0.897346568530498,0.921604849648254,0.896459045953389,0.897675875550058,3,-0.025145803694865
"radial",500,0.879438730688094,0.878535037015069,0.878744873007258,0.924770998987192,0.879030949409941,4,0
"radial",500,0.930184620079341,0.943471671244024,0.905715084935408,0.933824127759129,0.904558539314414,2,-0.00964754348489472
"radial",300,0.61789325902869,0.61732394528656,0.729403777738597,0.649020137722844,0.697223956985916,3,-0.0803836400157529
"radial",300,0.850666047447657,0.837786292039166,0.870706296683308,0.866484771082472,0.831270560006192,3,-0.00422152560083588
"radial",300,0.85541900569969,0.846081875906985,0.853963329562877,0.915714301430473,0.880970097381783,4,0
"radial",300,0.795258310509926,0.837207182523649,0.754634066774058,0.872833020077847,0.765402734970933,4,0
"radial",300,0.860968918331159,0.892732141180432,0.902585804034066,0.923372931459303,0.891274597732039,4,0
"radial",200,0.591812836789565,NA,NA,NA,NA,1,NA
"radial",200,0.63067478042189,0.78950587887546,0.79261129044366,0.791160338938518,0.821283710870055,5,-0.0301233719315367
"radial",200,0.52113832516217,0.508248830156431,0.50408682226864,0.493050168907099,0.504959273215607,1,-0.0280881562550713
"radial",200,0.696852306805712,0.699499312772394,0.699499312772394,0.699499312772394,0.699499312772394,2,0
"radial",200,0.569891194010912,0.566484067694455,0.566484067694455,0.566484067694455,0.566484067694455,1,-0.00340712631645734
"radial",200,0.758628494142817,0.654375789141414,0.650561605639731,0.708188657407407,0.651435141343995,1,-0.0504398367354096
"radial",200,0.737217641025641,0.77929517948718,0.811222153846154,0.810291692307692,0.762476307692308,3,-0.000930461538461547
"radial",200,0.614427740424567,0.795143411145526,0.646920500616957,0.798365692125607,0.697848455088011,4,0
"radial",200,0.70818616502473,0.686835939078092,0.685904594536882,0.754703614569085,0.660027500274137,4,0
"radial",200,0.661078809043779,0.640714005696365,0.699875292018689,0.681380608358935,0.738852786578341,5,-0.057472178219406
"radial",300,0.756195474408118,NA,NA,NA,NA,1,NA
"radial",300,0.754544107833211,0.800687045517305,0.807894767120766,0.868535127485273,0.836645112297496,4,0
"radial",300,0.878607907122232,0.892940946926253,0.886214720994022,0.889306069862729,0.885357876926222,2,-0.00363487706352317
"radial",300,0.771388034369365,0.751338218374391,0.751338218374391,0.751338218374391,0.751338218374391,1,-0.0200498159949735
"radial",300,0.815431439427167,0.851006465528362,0.879182856287765,0.867363787881133,0.861815026376397,3,-0.0118190684066317
"radial",500,0.91437096195262,0.953105957528506,0.939899873119752,0.911852138599977,0.92806067296616,2,-0.0412538189285298
"radial",500,0.88575282543573,0.886830448325163,0.886830448325163,0.886830448325163,0.886830448325163,2,0
"radial",500,0.90285363759048,0.895925039872408,0.925165623849834,0.914562630352104,0.91234695129432,3,-0.0106029934977303
"radial",500,0.897602370581706,0.901660529173462,0.901660529173462,0.906534627082173,0.907485804959949,5,-0.000951177877776432
"radial",500,0.900627071520105,0.916732396348949,0.916732396348949,0.916732396348949,0.852794494854453,2,0
"radial",500,0.923814818939314,0.819188240226391,0.81790267005555,0.868473889005345,0.8435518420501,1,-0.0553409299339691
"radial",500,0.83425260398088,0.779719863974697,0.841110348148677,0.87366531116977,0.832952842976386,4,0
"radial",500,0.838893836444796,0.802560451803476,0.867323042417046,0.798735258115824,0.848361076294977,3,-0.0685877843012218
"radial",500,0.862321283759961,0.895354038854806,0.891905322262182,0.897240365630068,0.871123223855863,4,0
"radial",500,0.858743651234361,0.921004777973724,0.891524334307641,0.885869686817959,0.865421423791421,2,-0.0351350911557652
"radial",200,0.837248667352474,NA,NA,NA,NA,1,NA
"radial",200,0.716339274604952,0.683768374837804,0.683768374837804,0.75489921612542,0.659823317158144,4,0
"radial",200,0.780789235133819,0.763388935208241,0.763388935208241,0.763388935208241,0.764100978675068,1,-0.0174002999255781
"radial",200,0.798789100802109,0.781469012714793,0.781469012714793,0.72711216665863,0.755955538409606,1,-0.0716769341434794
"radial",200,0.768693759041874,0.783249916381558,0.812883587009522,0.803669942897671,0.797023284210017,3,-0.00921364411185133
"radial",500,0.822042651965762,0.809514966874607,0.809514966874607,0.809514966874607,0.809514966874607,1,-0.0125276850911552
"radial",500,0.72804111864311,0.733935544370939,0.733935544370939,0.733935544370939,0.733935544370939,2,0
"radial",500,0.884775166524197,0.881016585658615,0.889530346015189,0.926749312773669,0.901960298484041,4,0
"radial",500,0.865777792410238,0.877842653653956,0.877842653653956,0.877842653653956,0.877842653653956,2,0
"radial",500,0.91628540793248,0.92251196353707,0.92251196353707,0.92251196353707,0.92251196353707,2,0
"radial",300,0.854156842131611,0.816332006708218,0.831067557758254,0.791232760131161,0.858073139596005,5,-0.0668403794648444
"radial",300,0.677149367559524,0.682273995535714,NA,0.656318824404762,NA,2,-0.0259551711309525
"radial",300,0.839635754813881,0.840786368827482,0.901368741803828,0.891576174881234,0.723754862263993,3,-0.00979256692259378
"radial",300,0.875535547691931,0.872400005305736,0.878607716013447,0.866097970408733,0.874553986597122,3,-0.0125097456047139
"radial",300,0.878288033267366,0.898569102432426,0.874524912948721,0.870290838948871,0.870448157518976,2,-0.0282782634835542
"radial",1000,0.907825333623792,0.909196942924916,0.957212345290539,0.906571723064014,0.883441448419422,3,-0.0506406222265253
"radial",1000,0.78006606064028,0.843932521534012,0.845162924485097,0.854270572588285,0.910248809591026,5,-0.0559782370027415
"radial",1000,0.885071512190156,0.875036824189367,0.872878271183356,0.863884685918584,0.871431523973897,1,-0.021186826271572
"radial",1000,0.850360357214744,0.975985770562646,0.9609517168572,0.944076852928249,0.940060959829773,2,-0.0319089176343972
"radial",1000,0.873718698403963,0.873715473651624,0.873715473651624,0.873715473651624,0.873715473651624,1,-3.22475233893726e-06
"radial",200,0.603681434599156,0.553688969258589,0.553688969258589,0.553688969258589,0.571527275467149,1,-0.0499924653405667
"radial",200,0.779911820606519,0.772538379956317,0.772538379956317,0.772538379956317,0.772538379956317,1,-0.00737344065020162
"radial",200,0.869337444368486,0.840354414014723,0.840354414014723,0.847249931405239,0.874203021889867,5,-0.0269530904846278
"radial",200,0.883635692595749,0.794180659409244,0.811810114782497,0.810194798180443,0.804754731927458,1,-0.0734408944153054
"radial",200,0.681864693650563,NA,NA,NA,NA,1,NA
"radial",1000,0.925048005520095,0.850549056383618,0.84972867697795,0.950569799954191,NA,4,0
"radial",1000,0.838918569021378,NA,NA,NA,NA,1,NA
"radial",1000,0.879452934873415,0.880610720642185,0.881643647161382,0.879728760306564,0.885858214376521,5,-0.00612945406995746
"radial",1000,0.822973979768682,NA,NA,0.817297285093713,NA,1,-0.00567669467496956
"radial",1000,0.898642203760051,0.893700102061256,0.90317296044411,0.90345911349784,NA,4,0
"radial",300,0.74932878209366,0.777875968225271,0.707149613759255,0.713792834645787,0.788964742883441,5,-0.0751719082376539
"radial",300,0.750784545089375,0.789446229720381,0.797675933364576,0.777114575662226,0.772184843007297,3,-0.0205613577023499
"radial",300,0.720770822820901,0.78792167673809,0.830007815096058,0.838073671125989,0.850793201481791,5,-0.0127195303558023
"radial",300,0.773133460564526,0.820541021732575,0.81527001516034,0.836019439934897,0.80095547321329,4,0
"radial",300,0.814696037394531,0.821170537722437,0.832372721710923,0.848327347391494,0.849989436573224,5,-0.0016620891817305
"radial",200,0.88743643854889,NA,NA,NA,NA,1,NA
"radial",200,0.728667982344453,0.70598779284441,0.70598779284441,0.70598779284441,0.70598779284441,1,-0.0226801895000425
"radial",200,0.769974682904279,0.695715415619312,0.777734137990812,0.753294653433879,0.72748277281789,3,-0.0244394845569328
"radial",200,0.798981136912398,0.80417757834262,0.80417757834262,0.80417757834262,0.80417757834262,2,0
"radial",200,0.784120912539508,0.797870295824148,0.864168515347863,0.769210170734937,0.792347104396873,3,-0.0949583446129254
"radial",200,0.481489723141255,0.516433694233861,0.603345258138253,0.669828097213989,0.722865702960622,5,-0.0530376057466323
"radial",200,0.656585614210862,0.69958510391086,0.775082646413478,0.707570656698884,0.692921426644666,3,-0.067511989714594
"radial",200,0.67987518175696,0.753806531723289,0.686103959925497,0.703355450888713,0.720438077248983,2,-0.0504510808345754
"radial",200,0.733648796317759,0.677018444319348,0.711175204476969,0.693613695817742,0.652183847147257,1,-0.0400351005000165
"radial",200,0.699312980552447,0.691428600613765,0.760243637992701,0.74912772753871,0.608293118569225,3,-0.0111159104539903
"radial",300,0.698210482180293,0.839373864430468,0.747832285115304,0.750102585604472,0.744848078266946,2,-0.0892712788259958
"radial",300,0.715399109998609,0.765916423306911,0.63988527325824,0.701218884717007,0.827404394381866,5,-0.126185509664859
"radial",300,0.810713502162603,0.586025486324411,0.534149141227355,0.559000135815625,0.738534027037757,1,-0.251713366346978
"radial",300,0.787460978409986,0.814495619804471,0.777731914494713,0.805097678713086,0.712648387880401,2,-0.00939794109138492
"radial",300,0.617185842781294,0.692830736661253,0.783574426500091,0.613933274867317,0.761960468952329,3,-0.169641151632774
"radial",500,0.877891656662665,0.884942476990796,0.933314825930372,0.879197679071629,0.871489595838335,3,-0.0541171468587436
"radial",500,0.924258599487905,0.879689816218584,0.889023124284078,0.890378112155515,0.884652314534061,1,-0.03388048733239
"radial",500,0.879502410636813,0.863105024171609,0.906012076018241,0.925089216396245,0.917034460036926,4,0
"radial",500,0.841291845659662,0.789316924029568,0.787460815047022,0.798818065714617,0.836458067262665,1,-0.0424737799450443
"radial",500,0.90100345978409,0.831323285815701,0.901999983680264,0.821944537376276,0.857937715726514,3,-0.0800554463039876
"radial",500,0.909071040984221,0.88278262609087,0.88278262609087,0.951023480283064,0.95547298142082,5,-0.004449501137756
"radial",500,0.860003683530186,0.87015158181473,0.87015158181473,0.87015158181473,0.8692972074521,2,0
"radial",500,0.893536513952673,0.950252678950184,0.945194489016765,0.953276296132352,0.957840540216529,5,-0.00456424408417722
"radial",500,0.958908625166271,0.961935623464356,0.961935623464356,0.910613154119157,0.959331925719829,2,-0.0513224693451982
"radial",500,0.93540161742586,NA,NA,NA,NA,1,NA
"radial",300,0.835480318531166,0.861788599076735,0.87160658347099,0.814623560386272,0.820297184703964,3,-0.056983023084718
"radial",300,0.784804000243857,0.778588766919108,0.817964767695468,0.849893810396503,0.829132405434021,4,0
"radial",300,0.724788424371885,0.7405681009053,0.771789746719561,0.727043535754247,0.723226528328756,3,-0.0447462109653138
"radial",300,0.797379870727051,0.850055911934227,0.882492972350043,0.864043661767794,0.893796623798138,5,-0.0297529620303438
"radial",300,0.834865408972407,0.75583322244728,0.88005702007284,0.859601623371823,0.897231421657771,5,-0.037629798285948
"radial",500,0.942464127993048,0.88781319677622,0.88781319677622,0.88781319677622,0.943023289821305,5,-0.0552100930450853
"radial",500,0.80498650659717,0.738422019524491,0.636529916903424,0.639852533840315,0.641646907198143,1,-0.165133972756855
"radial",500,0.836420490289417,0.831458947989311,0.831458947989311,0.831458947989311,0.831458947989311,1,-0.00496154230010581
"radial",500,0.833660472465881,0.838404814608329,0.838404814608329,0.838404814608329,0.838404814608329,2,0
"radial",500,0.863589818533144,0.861774236598032,0.861774236598032,0.861774236598032,0.861644334704407,1,-0.001815581935112
"radial",500,0.799377792454306,0.812508457280337,0.812508457280337,0.812508457280337,0.812508457280337,2,0
"radial",500,0.798296041025448,NA,NA,NA,NA,1,NA
"radial",500,0.77893648018648,0.77931891025641,0.77931891025641,0.77931891025641,0.77931891025641,2,0
"radial",500,0.961851272231645,0.875506950756925,0.92883322452439,0.908011149532642,0.855967155317738,1,-0.0538401226990032
"radial",500,0.935490298466443,0.89204238351747,0.89204238351747,0.89204238351747,0.899406708624196,1,-0.043447914948973
"radial",200,0.541916255699922,0.8353929696753,0.763422528701024,0.756608498161088,0.774696523650631,2,-0.078784471514212
"radial",200,0.617592844439795,0.702772256512187,0.62084579976985,0.525624019248875,0.544222722042055,2,-0.177148237263312
"radial",200,0.616789884178462,0.695645437590257,0.740830307707599,0.698093709621782,0.727238378381539,3,-0.0427365980858166
"radial",200,0.597908119864061,0.606796794573627,0.6378041404588,0.703116728196661,0.640171753192785,4,0
"radial",200,0.678594518289175,0.766654606349263,0.765286452309353,0.700002570231578,0.770811461651156,5,-0.0708088914195785
"radial",500,0.908179960870544,0.869763982432144,0.91681094932216,0.946398272070918,0.921230327059923,4,0
"radial",500,0.954931559379845,0.968743137638353,0.95833747578713,0.937238274306553,0.948832592790055,2,-0.0315048633318001
"radial",500,0.959225946687334,0.95520448687035,0.956917943571229,0.940140806237022,0.960835132178797,5,-0.0206943259417746
"radial",500,0.875968134429673,0.93509208739978,0.93509208739978,0.93509208739978,0.945865416634647,5,-0.0107733292348677
"radial",500,0.866738030164997,0.868622836319466,0.867924385059217,0.866819010021257,0.865107804433647,2,-0.00180382629820841
"radial",500,0.846316052725673,0.921021971708763,0.943920216462912,0.917623668700861,0.912941774369152,3,-0.0262965477620515
"radial",500,0.83098502130119,0.847584296228836,0.903279901572304,0.877814800057796,0.936620751255522,5,-0.0588059511977267
"radial",500,0.857277298311445,0.849938211382114,0.862465540963102,0.851285053158224,0.86761976235147,5,-0.0163347091932458
"radial",500,0.877882749102684,0.85527916764201,0.868720617782459,0.831050420372971,0.911621703339575,5,-0.0805712829666042
"radial",500,0.945932255111382,0.956928593225511,0.93891516631065,0.956851286746008,0.945024921167735,2,-7.73064795036582e-05
"radial",500,0.878050905800239,0.894417659640797,0.894417659640797,0.894417659640797,0.894417659640797,2,0
"radial",500,0.914600191858785,0.923802568652932,0.923802568652932,0.923802568652932,0.904667523622487,2,0
"radial",500,0.91759212288391,0.905216327000932,0.920276098146371,0.904828485549393,0.949436575978281,5,-0.044608090428888
"radial",500,0.834172654723666,0.83533693168648,0.83533693168648,0.83533693168648,0.83533693168648,2,0
"radial",500,0.868646038705186,0.870016934894184,0.870016934894184,0.868547010085915,0.867654752223393,2,-0.00146992480826957
"radial",500,0.745132672090469,0.750732824279083,0.750732824279083,0.745169469519925,0.750995266323131,5,-0.00582579680320594
"radial",500,0.792470995670996,0.781651082251082,0.781651082251082,0.781651082251082,0.781651082251082,1,-0.0108199134199134
"radial",500,0.875183889109355,0.882908734883012,0.882908734883012,0.882908734883012,0.882908734883012,2,0
"radial",500,0.874255614455381,0.870026499143083,0.870026499143083,0.869286302843717,0.870235094665386,1,-0.00496931161166336
"radial",500,0.737202676451543,0.748345101908668,0.748345101908668,0.748345101908668,0.744345841941352,2,0
"radial",500,0.823955237967977,0.834460656116707,0.834460656116707,0.834460656116707,0.84032846134757,5,-0.00586780523086261
"radial",500,0.842302666666667,0.84137,0.84137,0.839510666666667,0.875368,5,-0.0358573333333334
"radial",500,0.885027859771356,NA,NA,NA,NA,1,NA
"radial",500,0.75810823461329,0.778786254084967,0.778786254084967,0.778786254084967,0.781843596813726,5,-0.00305734272875824
"radial",500,0.942180419203722,0.942210999128472,0.942210999128472,0.943139570305011,0.842414002782773,4,0
"radial",1000,0.837363138434294,0.848347393488939,0.848347393488939,0.848347393488939,0.848340769151787,2,0
"radial",1000,0.879896815247155,0.884048564569531,0.888327986059695,0.885362145576186,0.883784673143225,3,-0.0029658404835089
"radial",1000,0.870840361316837,0.885840147266578,0.878250781283445,0.87840832227407,0.884197097478488,2,-0.00743182499250827
"radial",1000,0.81572657303707,0.855536413811516,0.864418336486542,0.849164399578345,0.844911595063501,3,-0.0152539369081979
"radial",1000,0.90273432100627,0.842783396219518,0.842783396219518,0.842783396219518,0.911356182551568,5,-0.0685727863320504
"radial",500,0.835975872813774,0.906590233214119,0.912377795061054,0.909283821752704,0.919316963602022,5,-0.0100331418493171
"radial",500,0.714236633485535,0.709314664895835,0.646037625788677,0.681579775603052,0.623396075937061,1,-0.0326568578824824
"radial",500,0.876604070271833,0.913842599286678,0.905079706477733,0.88235060809074,0.783494694267721,2,-0.0314919911959386
"radial",500,0.733627507716049,0.806737075617284,0.794241240530303,0.861424027602413,0.850628134645062,4,0
"radial",500,0.779271410051601,0.777381628489094,0.807106110072303,0.805012626220691,0.825230078414311,5,-0.020217452193619
"radial",300,0.68083287475746,0.690489893660883,0.685050089948185,NA,0.660523432806434,2,NA
"radial",300,0.787228402280777,0.863711523073566,NA,0.844162502587977,NA,2,-0.0195490204855885
"radial",300,0.544080123697958,0.532867344969256,0.560845736004972,0.557970691728654,0.553345804938162,3,-0.00287504427631813
"radial",300,0.501549055654721,0.504155297280695,0.505435790604473,0.493035184632893,0.500458484863323,3,-0.0124006059715799
"radial",300,0.869529685235544,NA,0.869739338229307,NA,NA,3,NA
"radial",300,0.688735430798222,0.659442012259975,0.634770357163347,0.658237198300021,0.665739151157813,1,-0.0304982324982016
"radial",300,0.672588234276546,0.691163273955482,0.73057462018501,0.708852294891256,0.684886001444443,3,-0.021722325293754
"radial",300,0.711952197802198,0.74045,0.74045,0.779004945054945,0.802975824175824,5,-0.023970879120879
"radial",300,0.883358632633398,0.885178209515582,0.885178209515582,0.879223702571599,0.907400927802512,5,-0.0281772252309124
"radial",300,0.8620767786972,NA,NA,NA,NA,1,NA
"radial",300,0.840528324713043,0.843859466090013,0.917565052628029,0.864330020106984,0.903126066997989,3,-0.0532350325210449
"radial",300,0.867991145023786,0.865994065281899,NA,0.848117375535773,0.848328387734916,1,-0.0198737694880128
"radial",300,0.915024855544714,0.905562984110922,0.922232060038789,NA,NA,3,NA
"radial",300,0.752512418300654,0.764224836601307,0.800351820728291,0.732444444444444,NA,3,-0.0679073762838469
"radial",300,0.900897067366011,0.858082148775862,0.898543613640635,0.847393368471408,0.887816392168253,1,-0.0535036988946028
"radial",1000,0.916528811323465,0.896697588816962,0.848501188836111,0.875757982755227,0.885357767860467,1,-0.0407708285682371
"radial",1000,0.786153678898709,0.833407131759068,0.84552158688887,0.871797978791352,0.876278543570138,5,-0.00448056477878589
"radial",1000,0.876654123498443,0.894913096876631,0.875629201716158,0.875697311882445,0.902899422534766,5,-0.027202110652321
"radial",1000,0.868489996456131,0.896228655612022,0.910940349822528,0.91374854116918,0.89552915898983,4,0
"radial",1000,0.927443274675991,0.874061799247463,0.89132986203489,0.932169814906313,0.881292995325149,4,0
"radial",300,0.857035905271199,NA,NA,NA,NA,1,NA
"radial",300,0.508458454206526,0.571950827183482,0.571950827183482,0.571950827183482,0.762748959318366,5,-0.190798132134884
"radial",300,0.848978316185419,NA,NA,NA,NA,1,NA
"radial",300,0.726030808495488,0.720078826384937,0.720078826384937,0.720078826384937,0.720078826384937,1,-0.00595198211055104
"radial",300,0.768899813701559,0.703550080718966,0.703550080718966,0.703550080718966,0.703637092501293,1,-0.0653497329825929
"radial",500,0.872692887725197,0.865282267383878,0.865282267383878,0.865282267383878,0.906907643745666,5,-0.0416253763617885
"radial",500,0.896647401731881,NA,NA,NA,NA,1,NA
"radial",500,0.86977990569081,0.872185667659728,0.864699757111141,0.869648854816979,0.861284132526234,2,-0.00253681284274854
"radial",500,0.854326356690097,NA,NA,NA,NA,1,NA
"radial",500,0.749309149004217,0.750153645261462,0.750153645261462,0.750153645261462,0.750065953241731,2,0
"radial",300,0.472260239339289,0.485920557334682,0.485920557334682,0.485920557334682,0.485920557334682,2,0
"radial",300,0.745145218032527,NA,NA,NA,NA,1,NA
"radial",300,0.499211869337844,NA,NA,NA,NA,1,NA
"radial",300,0.872237358258639,0.852188354624615,0.852188354624615,0.852188354624615,0.852188354624615,1,-0.0200490036340237
"radial",300,0.85639595959596,0.906134848484848,0.763487373737374,0.864467171717172,0.702917676767677,2,-0.0416676767676768
"radial",200,0.618212301389265,0.71188907741957,0.617440553424684,0.640269796909681,0.636092020399337,2,-0.0716192805098884
"radial",200,0.631016698258389,0.535110797800465,0.570460879438481,0.643308145972525,0.788122959049621,5,-0.144814813077096
"radial",200,0.768039353945358,0.83080792597248,0.849625212686052,0.839423946533409,0.841645972888596,3,-0.0102012661526435
"radial",200,0.777162743181663,0.705166994461672,0.736919873225784,0.772143759225519,0.910512969018344,5,-0.138369209792826
"radial",200,0.614092891030775,0.659961759843386,0.668146628637264,0.773757838880849,0.729303364103429,4,0
"radial",200,0.61698809038523,0.611449535806353,0.61532403606376,0.654573326520184,NA,4,0
"radial",200,0.573016363402798,0.571913826985123,NA,NA,0.575417843784869,5,NA
"radial",200,0.826907058001398,0.826511250873515,0.825806848357792,0.824323689727463,0.824818448637317,1,-0.00258336827393435
"radial",200,0.819300203129917,0.816075975493622,0.81771491104381,0.711612737104111,0.815448602408949,1,-0.107687466025806
"radial",200,0.590474455878335,NA,0.58601720654357,NA,NA,1,NA
"radial",1000,0.882690989083466,0.942033181921463,0.894967817437098,0.873969222973584,0.889999175579457,2,-0.0680639589478785
"radial",1000,0.861599436142068,0.836090847669343,0.765040954122336,0.835734788312498,0.80638032100794,1,-0.0258646478295701
"radial",1000,0.821454927106053,0.858265755423998,0.954099977041276,0.950509089194641,0.839053198642156,3,-0.00359088784663564
"radial",1000,0.86331,0.8637535,0.853157,0.868685,0.865562,4,0
"radial",1000,0.888471417486506,0.965107980901568,0.898422057216001,0.889597103517804,0.884364433418857,2,-0.0755108773837641
"radial",200,0.735768278916955,0.740316658152158,0.857457435103637,0.717074598314025,0.909837979603928,5,-0.192763381289902
"radial",200,0.761378495507444,0.750798572842919,0.866227373769451,0.66759911331951,0.852432144658435,3,-0.198628260449941
"radial",200,0.593706328229432,0.584962480252765,0.636486625045571,0.566560525276461,0.600510579961113,3,-0.0699260997691092
"radial",200,0.773366347905282,0.879775322014052,0.849373048399688,0.838088326177466,0.844631608335502,2,-0.041686995836586
"radial",200,0.549200230139474,0.479511780572217,0.514667872494286,0.574110892740578,0.703737655075825,5,-0.129626762335247
"radial",500,0.790496889872255,0.791209192619187,0.791209192619187,0.791209192619187,0.808053108736189,5,-0.0168439161170021
"radial",500,0.782559909678554,0.77250285724862,0.77250285724862,0.77250285724862,0.77250285724862,1,-0.0100570524299337
"radial",500,0.897774519536296,0.90082739027318,0.903295300517396,0.900329654658708,0.917504648532199,5,-0.0171749938734908
"radial",500,0.845142618321892,0.825225258611194,0.825225258611194,0.825225258611194,0.825225258611194,1,-0.0199173597106972
"radial",500,0.890801943839743,0.933442546048919,0.929832662664644,0.922258321056065,0.915307005006194,2,-0.0111842249928535
"radial",1000,0.877605318490191,0.899335018610633,0.884267040467069,0.894043576779918,0.888388938411394,2,-0.00529144183071473
"radial",1000,0.948160447545578,0.947416464418826,0.908802476091416,0.962403571119008,0.901333752275288,4,0
"radial",1000,0.832646820405311,0.832989517819707,0.81659930118798,0.827912229210342,0.828258839972048,2,-0.00507728860936407
"radial",1000,0.863570840595617,0.888806228752588,0.886878422612722,0.866648374085854,0.872197338300671,2,-0.0221578546667337
"radial",1000,0.845478444388205,0.90162203623577,0.93711752711105,0.942532490336794,0.879901422473045,4,0
"radial",300,0.872269167408045,0.843783342250984,0.824475309716862,0.75122235132588,0.860446684586395,1,-0.121046816082165
"radial",300,0.821533923303835,0.798752601129633,0.798752601129633,0.798752601129633,0.798752601129633,1,-0.0227813221742014
"radial",300,0.849282670454545,0.851403206168831,0.851403206168831,0.930772118506494,0.851195718344156,4,0
"radial",300,0.822849169840563,0.805275778635142,0.805275778635142,0.805275778635142,0.805423653361033,1,-0.0175733912054212
"radial",300,0.770354533132974,NA,NA,NA,NA,1,NA
"radial",1000,0.833548331098554,0.795799013504454,0.825669236663155,0.796221775931424,0.764790698927306,1,-0.0373265551671296
"radial",1000,0.790475432196802,0.81918029798584,0.810694552989811,0.78194987753289,0.765793438109586,2,-0.0372304204529502
"radial",1000,0.779325346784363,0.90911307271963,0.889920134510298,0.87224201345103,0.888553488860866,2,-0.0368710592686002
"radial",1000,0.886665644730161,0.881640591318011,0.8906032938291,0.890486272974752,0.884288273689195,3,-0.00011702085434806
"radial",1000,0.829165250692292,0.867088115232336,0.881400715971236,0.847853382848081,0.841914479242157,3,-0.0335473331231549
"radial",500,0.817919665473845,0.712492461099272,0.857166177475775,0.863153069840376,0.833020787262273,4,0
"radial",500,0.850176344285277,0.896802337291932,0.819960138738942,0.89127936721507,0.849483958813387,2,-0.00552297007686231
"radial",500,0.863530925755595,0.840596307143664,0.874814933597973,0.817141283826306,0.740104746575011,3,-0.0576736497716674
"radial",500,0.863702533686895,0.78082902277058,0.877760459979323,0.83412483808149,0.80418887325638,3,-0.0436356218978332
"radial",500,0.692196451316686,0.721486418436565,0.849263307562428,0.849269231908528,0.734309073136053,4,0
"radial",200,0.856785484906872,NA,NA,NA,NA,1,NA
"radial",200,0.791409565417567,0.773699605652975,0.773699605652975,0.773699605652975,0.782581171430859,1,-0.0177099597645929
"radial",200,0.839651510132887,0.828201302430738,0.847968712489782,0.773894357045109,0.839564904262528,3,-0.074074355444673
"radial",200,0.488815336759915,0.508519934557915,0.508519934557915,0.508519934557915,0.508519934557915,2,0
"radial",200,0.488500585739741,0.48314070946832,0.48314070946832,0.48314070946832,0.48314070946832,1,-0.00535987627142082
"radial",500,0.854200615384615,NA,NA,0.868291282051282,0.854620717948718,4,0
"radial",500,0.89513448758606,0.890876348488403,0.895088651022155,0.890296787866828,NA,1,-0.00483769971923165
"radial",500,0.69022281444704,0.69030191296729,0.690637574636552,0.690167039849429,0.690099096248702,3,-0.000470534787123555
"radial",500,0.894969230769231,0.89708660968661,0.901736752136752,0.89594301994302,0.896805128205128,3,-0.00579373219373214
"radial",500,0.888408758861379,0.876635200779205,0.889783165431538,0.873385887701311,0.856188372430439,3,-0.0163972777302271
"radial",300,0.849558374597119,0.849416275317089,0.849416275317089,0.849416275317089,0.835594326247174,1,-0.000142099280030283
"radial",300,0.652748994504314,0.5142410042676,0.5142410042676,0.5142410042676,0.5142410042676,1,-0.138507990236714
"radial",300,0.844773495605139,0.855101014198783,0.855101014198783,0.855101014198783,0.855101014198783,2,0
"radial",300,0.690452075351867,0.641168870746348,0.708231751039725,0.657452341685276,0.640072806334638,3,-0.0507794093544488
"radial",300,0.887152416839917,0.870087707900208,0.870087707900208,0.870087707900208,0.870087707900208,1,-0.0170647089397089
"random",1000,0.860788308353422,0.866908277434231,0.867523222146526,0.878668378576669,0.864421477046431,4,0
"random",1000,0.895815344461965,0.957070306127997,0.899157196454788,0.950283290740036,0.905566853352183,2,-0.00678701538796145
"random",1000,0.88674087712244,0.901495672232451,0.890425828342469,0.893838310089659,0.887511551294803,2,-0.00765736214279167
"random",1000,0.921619360513815,0.919601889777648,0.924004098988162,0.917858118568436,0.935233785429578,5,-0.0173756668611418
"random",500,0.805064252114428,0.84077556601341,0.856508062718364,0.827407900508613,0.835217904504788,3,-0.0291001622097509
"random",500,0.992546429054927,0.982582181580988,0.99473045097822,0.988451708449739,0.984934402422064,3,-0.00627874252848104
"random",500,0.934391522726032,0.928515784124744,0.91065549158194,0.916718636480079,0.92108515070196,1,-0.0176728862459526
"random",500,0.888941440197378,0.902206234349683,0.898962245912506,0.925903805788776,0.9210499060981,4,0
"random",1000,0.96871927028585,0.978149104407963,0.944003901109459,0.969085806646418,0.969687281511228,2,-0.00906329776154458
"random",1000,0.884215106010872,0.914470081020442,0.892022384927712,0.916309440733725,0.914169777393783,4,0
"random",1000,0.94488402117616,0.952793383506464,0.961166641006522,0.963148006709876,0.963762340768738,5,-0.000614334058861354
"random",1000,0.928476491862568,0.95002034358047,0.950685654008439,0.954923146473779,0.943662597950573,4,0
"random",200,0.853323111307466,0.844354583019309,0.858967228878089,0.865353569479456,0.872706671171288,5,-0.0073531016918319
"random",200,0.74147439089618,0.816331682620484,0.789527771629871,0.805972076209447,0.818162798096608,5,-0.0121907218871613
"random",200,0.556325142566561,0.523920762050053,0.632204378700374,0.576231112200792,0.565951790708656,3,-0.0559732664995823
"random",200,0.885311545907718,0.828036086998517,0.836176974537941,0.846493769921762,0.854026243180931,1,-0.0388177759859566
"random",200,0.949852436015289,0.94297564644461,0.94297564644461,0.94297564644461,0.94297564644461,1,-0.00687678957067894
"random",500,0.945213098533411,0.935791205322455,0.919134251165501,0.913384141899767,0.934444353389666,1,-0.0318289566336442
"random",500,0.905048017116983,0.931230925842995,0.93759588910451,0.93220432983364,0.928168694332487,3,-0.00539155927086954
"random",500,0.633030763746623,0.691929831342687,0.738911866139264,0.722123978371321,0.795340879320045,5,-0.0732169009487242
"random",500,0.551374888211647,0.550534124027912,0.793868065142583,0.576945117345211,0.72073605214185,3,-0.216922947797371
"random",500,0.88987989549513,0.960089877570346,0.979662346117424,0.958121956168831,0.972036914908009,3,-0.021540389948593
"random",200,0.849987690438908,0.764408122560739,0.853476857400296,0.796744777184447,0.740055811674963,3,-0.0567320802158484
"random",200,0.721603884286487,0.732362730149361,0.735975556914025,0.733544364575794,0.723936704680397,3,-0.00243119233823086
"random",200,0.641882341501136,0.695011454680791,0.670591394924286,0.737962745372691,0.673361008243434,4,0
"random",200,0.742454139800337,0.681573787550381,0.818838579367568,0.691634745150429,0.675733058876454,3,-0.127203834217139
"random",200,0.791818098647694,0.778627304907854,0.778627304907854,0.778627304907854,0.778627304907854,1,-0.0131907937398397
"random",500,0.936049413838396,0.962036795283097,0.947223447664607,0.957310589122673,0.961104458709594,2,-0.00472620616042385
"random",500,0.911335204512241,0.960889030050086,0.978068665009609,0.978035654701471,0.967905058785114,3,-3.30103081378486e-05
"random",500,0.971148782440175,0.963117732558139,0.963402988428266,0.967389548927087,0.963850620716773,1,-0.00375923351308838
"random",500,0.889233067709056,0.890444563750832,0.8822305200485,0.885045614585407,0.897046965830785,5,-0.0120013512453777
"random",500,0.800715157858015,0.896754462468748,0.936146287574859,0.949433106575964,0.926098028955172,4,0
"random",1000,0.92262588136615,0.916625514403292,0.915003014337763,0.916613981284894,0.921361956436266,1,-0.00601190008125607
"random",1000,0.930353921150394,0.937711632805418,0.923140075365719,0.926873366927958,0.959465929895661,5,-0.032592562967703
"random",1000,0.935810155102867,0.952103129061113,0.949871626639213,0.941217764257143,0.933606078378424,2,-0.0108853648039696
"random",1000,0.964110068792996,0.953678549093183,0.964979111944966,0.963225515947467,0.954598624140088,3,-0.00175359599749836
"random",1000,0.990093005952381,0.991910342261905,0.993672805059524,0.985966331845238,0.987204241071429,3,-0.00770647321428575
"random",1000,0.924389778794813,0.897864690889472,0.890643894997302,0.88816719688936,0.891425275808822,1,-0.0362225819054529
"random",1000,0.951319662798363,0.973323011333409,0.973106542851587,0.974259206942646,0.971245769997958,4,0
"random",1000,0.896143501334332,0.919758508402149,0.924349703172699,0.908023414568622,0.922032592760499,3,-0.0163262886040775
"random",1000,0.96173553340304,0.968784671162896,0.946103568795224,0.950797671069861,0.949157755440118,2,-0.017987000093035
"random",1000,0.937496943092612,0.941431182900883,0.924125265950943,0.936864927490157,0.938592844391186,2,-0.00456625541072608
"random",500,0.882510365747028,0.907656188967936,0.903017956399306,0.902719690915242,0.916236428920475,5,-0.0135167380052331
"random",500,0.299179641721078,0.301802555946202,0.301802555946202,0.224900943132987,0.365031530777387,5,-0.1401305876444
"random",500,0.653168543797292,0.503662721603175,0.503662721603175,0.533243201988705,0.65134842669923,1,-0.119925341808587
"random",500,0.782522263404076,0.769185309085074,0.769185309085074,0.769185309085074,0.769185309085074,1,-0.0133369543190026
"random",500,0.666988531449577,0.793686791685724,0.793686791685724,0.793686791685724,0.797604224898782,5,-0.0039174332130576
"random",200,0.362287074148297,0.387211923847695,0.431613226452906,0.277241983967936,0.0373872745490982,3,-0.15437124248497
"random",200,0.726723164520469,0.762411709590621,0.847427265519892,0.819488656384137,0.867831159106926,5,-0.0483425027227882
"random",200,0.788034357795383,0.70696266289565,0.698382134136696,0.707744657165387,0.791070160644815,5,-0.0833255034794286
"random",200,0.864550605344937,0.867273674777916,0.894435826179165,0.81290905260569,0.853104944263511,3,-0.0815267735734755
"random",200,0.957860950166061,0.940640542098357,0.909214356509049,0.925969860383808,0.902250270079234,1,-0.0318910897822532
"random",500,0.895196674890658,0.911744621028853,0.927952626604079,0.898362277511655,0.900161609445842,3,-0.0295903490924238
"random",500,0.643507185294776,0.610527968046061,0.682000193700719,0.747434300389739,0.73338264909111,4,0
"random",500,0.657790144994401,0.902926961333224,0.90539399677363,0.907595105017213,0.947642779676114,5,-0.0400476746589004
"random",500,0.783648199590333,0.783344056022544,0.843237791166108,0.917464855634523,0.881093393620902,4,0
"random",500,0.677903111343518,0.513701614810941,0.728719232062152,0.703202231103475,0.759608560863557,5,-0.0564063297600816
"random",300,0.911531587341206,0.882899341318506,0.911001314155287,0.894093217815976,0.931244919050641,5,-0.0371517012346644
"random",300,0.66127864511458,0.632718530874123,0.632718530874123,0.692025768103072,0.695811283245133,5,-0.0037855151420606
"random",300,0.773566785982003,0.739616605403409,0.785852552736074,0.755437176812484,0.804401622046343,5,-0.0489644452338591
"random",300,0.863137574616026,0.853401848215039,0.710158489191972,0.755248724549559,0.774626468056509,1,-0.107888850066467
"random",300,0.610614537845706,NA,NA,NA,NA,1,NA
"random",200,0.918422348762174,0.904823513630578,0.873811554683588,0.833963757601698,0.897860004853618,1,-0.0844585911604756
"random",200,0.841842857949686,0.903681762437269,0.883559447160769,0.895032051282051,0.818478602894902,2,-0.00864971115521773
"random",200,0.903493394701346,0.895783780722619,0.895783780722619,0.895783780722619,0.895783780722619,1,-0.00770961397872716
"random",200,0.477382811484194,0.504298976649207,0.504298976649207,0.504298976649207,0.504298976649207,2,0
"random",200,0.832780168267128,0.812736133704151,0.78642307725945,0.77625128998968,0.780779372409089,1,-0.0565288782774483
"random",500,0.94137076886025,0.930644234992061,0.948174702031645,0.940166581120298,0.958846747766804,5,-0.0186801666465061
"random",500,0.943948074640177,0.938846745766757,0.940212830069629,0.941136023976751,0.947250540467846,5,-0.00611451649109462
"random",500,0.88558705606128,0.89097906379925,0.851472125367593,0.876426493186374,0.858816176413233,2,-0.0145525706128753
"random",500,0.842309249183582,0.837875310973493,0.823350489994829,0.834696790940822,0.820916721766776,1,-0.00761245824276036
"random",200,0.445186125211506,NA,NA,NA,NA,1,NA
"random",200,0.842794847344349,0.901862415824205,0.93256970346492,0.924263936473646,0.902059142461731,3,-0.00830576699127439
"random",200,0.587399458945476,0.618027859661291,0.61012397560608,0.532656505177645,0.578922106961969,2,-0.0853713544836465
"random",200,0.164332166083042,0.69959979989995,0.69959979989995,0.247623811905953,0.827663831915958,5,-0.580040020010005
"random",200,0.920936126984127,0.881667047619048,0.861586285714286,0.671751619047619,0.879954285714286,1,-0.249184507936508
"random",1000,0.715882124026157,0.61388395025931,0.721930567531202,0.761105557802314,0.762798257193654,5,-0.00169269939134042
"random",1000,0.801215377542811,0.85670279883135,0.893432545563426,0.901010319443016,0.862016011468736,4,0
"random",1000,0.833831920639589,0.864218294606808,0.879755073665071,0.896492419583411,0.894510548410385,4,0
"random",1000,0.854115826975154,0.901349118092237,0.953285402444424,0.941481584447945,0.932701119245462,3,-0.0118038179964786
"random",1000,0.351284584980237,0.524370346539204,0.442710727088887,0.423591322731869,0.415180623219046,2,-0.100779023807335
"random",500,0.877892725019727,0.910365154183656,0.900531964367688,0.913184495323934,0.918085088295684,5,-0.00490059297174961
"random",500,0.772544313946433,0.764370431365751,0.746581650342377,0.738036679090463,0.732827894311057,1,-0.0345076348559706
"random",500,0.868500808763018,0.867087601804818,0.866208462215159,0.837950566134113,0.846739691818724,1,-0.0305502426289055
"random",500,0.903361320216833,0.914062613054564,0.914062613054564,0.911494013353824,0.927896873977987,5,-0.0164028606241624
"random",500,0.979303751386441,0.971368715083799,0.959424907627297,0.913288740396981,0.958582836029097,1,-0.0660150109894596
"random",200,0.849606463773374,0.837147769304174,0.84651397093037,0.898750187304316,0.834757174741126,4,0
"random",200,0.727428178536914,0.712718318301142,0.735801043614208,0.742592043126839,0.678710889788954,4,0
"random",200,0.809318135041224,0.726875168993224,0.701219979740991,0.736865443054832,0.663622770802814,1,-0.0724526919863918
"random",200,0.4844803104683,0.514576618654495,0.682655053199416,0.582505396579399,0.806159019206288,5,-0.223653622626889
"random",200,0.892095409503713,0.92666700283415,0.889886401249509,0.928479074867085,0.922561880676059,4,0
"random",200,0.483525695070307,0.4228421083234,0.480652382475216,0.452059772654592,0.495353276933066,5,-0.0432935042784739
"random",200,0.858922504594146,0.844729505625028,0.838127381112456,0.840960960960961,0.833792299762449,1,-0.0179615436331855
"random",200,0.896220067075385,0.941257414251027,0.942736704191856,0.951815378918961,0.930294469484972,4,0
"random",200,0.8664091230655,0.836109016072358,0.791067388139547,0.836807687135683,0.830466297160297,1,-0.0296014359298171
"random",1000,0.959737396825397,0.967308698412698,0.965138285714286,0.951977142857143,0.961459301587302,2,-0.0153315555555555
"random",1000,0.960618382785439,0.93562512254101,0.941184399712437,0.936816323279524,0.944580828050454,1,-0.0238020595059146
"random",1000,0.960044783775252,0.959208513082211,0.961717873176206,0.962482901936027,0.951637139625421,4,0
"random",1000,0.890030472739252,0.905422018311766,0.912830288737742,0.907902322516884,0.918080659352138,5,-0.0101783368352544
"random",1000,0.864350835739469,0.865139301227766,0.874414167596021,0.864769257144991,0.864596117253051,3,-0.00964491045102944
"random",500,0.911007326007326,0.909923554706163,0.919583532409619,0.923162127727345,0.905143334925944,4,0
"random",500,0.794476604524536,0.789788322808028,0.785744966909533,0.756520951088677,0.774562735329645,1,-0.0379556534358594
"random",500,0.939635045733836,0.937540366219802,0.946856235162687,0.943462199762603,0.956672863426896,5,-0.0132106636642927
"random",500,0.755046467230669,0.69158647556473,0.69158647556473,0.691678537856984,0.785456095977362,5,-0.0937775581203787
"random",500,0.892943890548061,NA,NA,NA,NA,1,NA
"random",200,0.542763571955189,0.536188321555088,0.533795584506662,NA,0.52403076729424,1,NA
"random",200,0.676636618465421,0.663806657150541,0.694266017087652,0.648202667618279,0.681056574401622,3,-0.0460633494693725
"random",200,0.807223442815956,0.802904626822779,0.775791222849515,0.910797387620398,0.917338765747977,5,-0.00654137812757838
"random",200,0.882668194429541,0.843884605361988,0.890322976225148,0.875561414534697,0.794987890307647,3,-0.0147615616904517
"random",200,0.88465650846598,0.821887069873595,0.869872742080212,0.918904469998439,0.855230400475968,4,0
"random",200,0.890682080994242,0.793669148804213,0.873836623065873,0.832450714031346,0.827621149252358,1,-0.058231366962896
"random",200,0.894483122362869,0.880988547317661,0.874274412296564,0.867144364074744,0.85917194092827,1,-0.0273387582881254
"random",200,0.767704262753319,0.883134591194969,0.846105939902166,0.835334730957372,0.842934451432565,2,-0.0477998602375961
"random",200,0.542835563228313,0.530265429434614,0.423913825348871,0.509998561358078,0.471191195511437,1,-0.0328370018702345
"random",200,0.707056701173989,0.69895922955233,0.69895922955233,0.69895922955233,0.719339457689212,5,-0.0203802281368821
"random",500,0.92022670312144,0.925629058441558,0.921901700273411,0.91507711038961,0.901928115743905,2,-0.010551948051948
"random",500,0.949779937390069,0.954194300559939,0.947041257200949,0.947824889867841,0.95100026625357,2,-0.00636941069209795
"random",500,0.956183258420636,0.938120846887185,0.941012718485786,0.94036305349445,0.939145362829274,1,-0.0158202049261854
"random",500,0.688181818181818,0.761275252525253,0.679810606060606,0.706502525252525,0.508535353535354,2,-0.0547727272727273
"random",500,0.872039864436222,0.876984600057053,0.86350432790766,0.865298397843923,0.887099727084229,5,-0.0218013292403064
"random",500,0.915504198137641,0.933507904384454,0.938840904436654,0.906565839085444,0.924017422973912,3,-0.0322750653512101
"random",500,0.688529186986953,0.63866980245108,0.692501608212053,0.753660400596001,0.739163124934709,4,0
"random",500,0.740991462839784,0.774491960404337,0.720268335690218,0.783939139998952,0.842007978491245,5,-0.0580688384922922
"random",500,0.890009274689885,0.79004696076488,0.885756131940417,0.877138501219903,0.891424949649936,5,-0.0142864484300325
"random",500,0.887319279813218,0.887648542265326,0.869391313457854,0.899870539990421,0.902461610991379,5,-0.0025910710009579
"random",500,0.83962905982906,0.858622792022792,0.844852991452991,0.837535042735043,0.831558974358974,2,-0.0210877492877493
"random",500,0.911095494005787,0.953952046300124,0.966037102108309,0.92827976436544,0.903987184787102,3,-0.0377573377428689
"random",500,0.923730675002112,0.929214046351835,0.926612598913013,0.919330348342767,0.91504829489454,2,-0.00988369800906763
"random",500,0.809961158763554,0.796808972145798,0.799229806153459,0.78413892934851,0.789888129147111,1,-0.0258222294150439
"random",200,0.896450892857143,0.926941964285714,0.889839409722222,0.900527653769841,0.897212921626984,2,-0.0264143105158731
"random",200,0.887810218978102,0.810217240180744,0.827916811493454,0.81053643841965,0.867967790522535,1,-0.0772737805584521
"random",200,0.727702398333273,0.556093668931066,0.478351955307263,0.575430557734152,0.823159119337492,5,-0.24772856160334
"random",200,0.678175743160453,0.799762404884729,0.773598626427373,0.791177575963509,0.879192022158383,5,-0.0880144461948743
"random",1000,0.956186110635592,0.982062067447605,0.99023853048348,0.978697176640337,0.983640960113472,3,-0.0115413538431439
"random",1000,0.934723618090452,0.806231155778894,0.969447236180905,0.983894472361809,0.989748743718593,5,-0.00585427135678396
"random",1000,0.893450336258406,0.90473611840296,0.910534263356584,0.910141253531338,0.908479211980299,3,-0.000393009825245705
"random",1000,0.85977207116677,0.888205815554226,0.884427331710802,0.901771763311822,0.892787336125326,4,0
"random",200,0.896781465204823,0.879552348506838,0.896168685783348,0.876687053040218,0.90241869639241,5,-0.025731643352192
"random",200,0.589541827110888,0.243819409565266,0.46495340141749,0.280233271945979,0.215860260059155,1,-0.309308555164909
"random",200,0.514956216767878,0.697799843248699,0.697799843248699,0.697799843248699,0.697799843248699,2,0
"random",200,0.555430740625968,0.721454328132357,0.505889330687905,0.750137335549483,0.51992421894808,4,0
"random",200,0.544327089940758,NA,NA,NA,NA,1,NA
"random",500,0.930157070707071,0.946372222222222,0.951292929292929,0.952265151515152,0.950169696969697,4,0
"random",500,0.797620725622304,0.797757650688048,0.797757650688048,0.797757650688048,0.769406107663374,2,0
"random",500,0.906789489647139,0.935417172579252,0.936943223256831,0.937210244339405,0.930715082459133,4,0
"random",500,0.936444267277891,0.93182894015646,0.926846130848572,0.933399657545106,0.919890015809095,1,-0.00304460973278553
"random",500,0.9218861392833,0.924585801217039,0.930735361730899,0.919729006085193,0.930547126436782,3,-0.0110063556457065
"random",200,0.64795460816777,0.734682817412536,0.740865296173657,0.728404700983343,0.660077074553482,3,-0.0124605951903137
"random",200,0.879675262655205,0.881003427158829,0.873952469239845,0.893053542333839,0.853814259228047,4,0
"random",200,0.965237169111889,0.971699929514959,0.969308550444665,0.985435810752014,0.982292808785395,4,0
"random",200,0.72163433643525,0.801232537769744,0.802008017004753,0.857617270313093,0.870716732498717,5,-0.0130994621856241
"random",200,0.86946700928382,0.768077605710719,0.768077605710719,0.768077605710719,0.749639179279139,1,-0.1013894035731
"random",1000,0.94928178307976,0.934776970954357,0.939156869525127,0.932129581604426,0.922753861226372,1,-0.0171522014753342
"random",1000,0.893029991480731,0.908317943858767,0.904788302065574,0.899720249970188,0.881636945911771,2,-0.00859769388857912
"random",1000,0.599093198992443,0.552040302267003,0.552040302267003,0.552040302267003,0.552040302267003,1,-0.0470528967254408
"random",1000,0.94209874109032,0.932941540627292,0.95676764657245,0.919302469057281,0.942266228231972,3,-0.0374651775151692
"random",200,0.68652719451938,0.644896450389817,0.644896450389817,0.644896450389817,0.644896450389817,1,-0.0416307441295621
"random",200,0.509929576539528,0.497431383111508,0.495145248387224,0.575498285398957,0.52207959427678,4,0
"random",200,0.652609774576086,0.594628605915853,0.594628605915853,0.641296043043062,0.559510853862897,1,-0.0113137315330238
"random",200,0.865075719363981,0.932567633024291,0.833113160718003,0.847099626106868,0.907046124161342,2,-0.0854680069174233
"random",200,0.916480241797926,0.90336585008146,0.899032999592965,0.912512447513207,0.842367987280953,1,-0.00396779428471838
"random",1000,0.835552233614918,0.863989940539492,0.87377266555638,0.866266528884162,0.847183484827203,3,-0.00750613667221811
"random",1000,0.816866744077459,0.864303062130559,0.856286902161194,0.853560355223717,0.880035853812295,5,-0.0264754985885781
"random",1000,0.881139229397142,0.903237015882654,0.879953841628873,0.910849233382038,0.912794241826221,5,-0.00194500844418299
"random",1000,0.875890351823872,0.880640128272332,0.937035552403565,0.933176898646357,0.94352132219173,5,-0.0103444235453732
"random",500,0.837255924931411,0.77128086509836,0.702142679936956,0.714133004494776,0.679480911797327,1,-0.123122920436635
"random",500,0.817869210892467,0.734474259590539,0.782568077916915,0.763657324587557,0.749938382031405,1,-0.0542118863049095
"random",500,0.951024533991228,0.961215734649123,0.945915570175439,0.945879248903509,0.945452987938596,2,-0.0153364857456141
"random",500,0.668219483890147,0.699086460405662,0.699761753675882,0.681335179849535,0.701744757723354,5,-0.0204095778738195
"random",1000,0.866061050534123,0.861106202979508,0.861106202979508,0.881509956529329,0.849588710398474,4,0
"random",1000,0.899057029354766,0.869423192888938,0.867885140329315,0.878690635659343,0.891436390335069,1,-0.020366393695423
"random",1000,0.955423288798835,0.962663788156095,0.960933566106744,0.961213477138254,0.959121431134348,2,-0.00145031101784099
"random",1000,0.933293138586957,0.92495754076087,0.951747622282609,0.941387567934783,0.954712975543478,5,-0.0133254076086956
"random",1000,0.399542270945149,0.447180350957329,0.447180350957329,0.447180350957329,0.629948422214609,5,-0.18276807125728
"random",300,0.671709890397942,0.633693212536247,0.632931404511869,0.906019102540998,0.885278264716001,4,0
"random",300,0.767937910994436,0.74827725409256,0.84226490472129,0.835600379564092,0.743404089298483,3,-0.00666452515719784
"random",300,0.839271480950104,0.624118244858919,0.844535442903449,0.705289534512992,0.614561746107657,3,-0.139245908390456
"random",300,0.980897280579734,0.967434843965457,0.972239398558129,0.963031761707004,0.961848023555734,1,-0.0178655188727302
"random",300,0.951414014472336,0.944024758260758,0.91490698642418,0.920414658843494,0.894778892642162,1,-0.0309993556288423
"random",500,0.904875808111408,0.926923991856787,0.964090216709884,0.958560428136405,0.948622579937152,3,-0.00552978857347886
"random",500,0.972788893143063,0.977364160915515,0.975833620329735,0.972931269011507,0.970773505005281,2,-0.00443289190400797
"random",500,0.908474589501704,0.89537871484533,0.904967741683677,0.920132207707389,0.925720656901354,5,-0.00558844919396484
"random",500,0.65606731823164,0.63009986603337,0.60624847765193,0.690845359883084,0.609163774205334,4,0
"random",200,0.930803672803144,0.925482008661062,0.930052976204788,0.906273793208467,0.890717543058194,1,-0.0245298795946772
"random",200,0.602257489215799,0.601756321208703,0.631770312365295,0.567521612545715,0.616576352556372,3,-0.0642486998195796
"random",200,0.486797745661798,0.483609294692382,0.444969403592692,0.456587769070276,0.595257556867335,5,-0.138669787797059
"random",200,0.59476879303773,0.58006380813939,0.58006380813939,0.58006380813939,0.58006380813939,1,-0.0147049848983402
"random",200,0.844632412300841,0.862185248874844,0.814959200271298,0.891270748740295,0.836781578149712,4,0
"random",500,0.739657742416323,0.715107066114674,0.715107066114674,0.715107066114674,0.715107066114674,1,-0.0245506763016491
"random",500,0.919786724993188,0.90609280734954,0.91304334302539,0.912803218907348,0.914946917639916,1,-0.00698350608583997
"random",500,0.871928380952381,0.851514920634921,0.847654095238095,0.852264634920635,0.851602793650794,1,-0.019663746031746
"random",500,0.828579056736083,0.84174820990871,0.84174820990871,0.818337096867581,0.808883227504037,2,-0.0234111130411286
"random",500,0.797592425522113,0.786122614980037,0.779109120661855,0.74432897919226,0.74082883042844,1,-0.0532634463298526
"random",300,0.850190157368431,0.843580560140923,0.812192539593462,0.825597941560593,0.825054195106487,1,-0.0245922158078379
"random",300,0.498856707317073,0.541277629573171,0.640021595528455,0.545025088922764,0.548796366869919,3,-0.094996506605691
"random",300,0.922488376298635,0.869899049991634,0.892605618925127,0.884888596688407,0.878407041656033,1,-0.0375997796102279
"random",300,0.827386048291921,0.860263468469905,0.862100092501037,0.869652642658926,0.90482408854582,5,-0.0351714458868935
"random",300,0.832394043152738,0.819746391651239,0.808638739166762,0.818878094333131,0.816076606759613,1,-0.0135159488196072
"random",200,0.743038167224393,0.79856999664584,0.667698265977114,0.809585098167692,0.681521501727783,4,0
"random",200,0.84122767338948,0.882977806816632,0.913801273720715,0.938247760458176,0.931544093186001,4,0
"random",200,0.0525525525525526,0.0877127127127127,0.601476476476477,0.267892892892893,0.566566566566567,3,-0.333583583583584
"random",200,0.835495092318751,0.905025392599292,0.933730841489145,0.913784800128965,0.944031852022334,5,-0.0302470518933683
"random",200,0.741912001863532,0.805127625071674,0.740864884962729,0.782801076906537,0.757374614750573,2,-0.0223265481651377
"random",200,0.87389876880985,0.873673376327275,0.86687251644844,0.885997003452544,0.869716630838382,4,0
"random",200,0.82612596341246,0.863680309378021,0.856814686012237,0.863235861785652,0.854182234137116,2,-0.000444447592369057
"random",200,0.789535219156391,0.804143188632841,0.783479360386766,0.790997068930665,0.790085321070009,2,-0.0131461197021764
"random",200,0.636139335038142,0.613374079766396,0.60763903555944,0.586770839764273,0.61598977981546,1,-0.0493684952738687
"random",200,0.890195192970089,0.88286819718355,0.861994144411157,0.833322485941781,0.87493291305532,1,-0.0568727070283086
"random",200,0.930190320814359,0.935277822256013,0.931389553574128,0.93379025855727,0.936701561242051,5,-0.0029113026847809
"random",200,0.90988243169247,0.966070645058666,0.954240489337722,0.931510340594476,0.933010545786121,2,-0.0345603044641897
"random",200,0.56546365914787,0.56265664160401,0.560952380952381,0.558646616541353,0.538696741854637,1,-0.00681704260651628
"random",200,0.813864846621166,0.870126253156329,0.872763819095477,0.925211130278257,0.940818020450511,5,-0.0156068901722543
"random",200,0.789833002077506,0.788225797876691,0.871997227266035,0.878314091868283,0.864170797140567,4,0
"random",300,0.846303143638347,0.891667783673394,0.892853445448116,0.839364624778369,0.887832908870777,3,-0.0534888206697464
"random",300,0.791091537847664,0.772920444279382,0.814779498791378,0.849190204058554,0.767209529157923,4,0
"random",300,0.82189617744597,0.888557069962672,0.888840937855461,0.875421045675195,0.890343885675836,5,-0.0149228400006408
"random",300,0.723872104363208,0.827620928534078,0.760278511245464,0.777470465621133,0.799509789092627,2,-0.0501504629129447
"random",300,0.856544656428422,0.905927615584725,0.926465485308957,0.876861660230509,0.919213632164039,3,-0.0496038250784473
"random",500,0.772303871558826,0.790762989545951,0.903574600621722,0.832710711299415,0.886607275025905,3,-0.0708638893223072
"random",500,0.936302510286753,0.946476348441836,0.954858856176836,0.970866639022679,0.954925201747951,4,0
"random",500,0.877871673600836,0.923296280840194,0.941597008822624,0.941949513343534,0.946992593716673,5,-0.00504308037313839
"random",500,0.852293739543894,0.897308561533269,0.936430395350885,0.926137184115523,0.949959202841126,5,-0.0238220187256024
"random",500,0.733735936664684,0.707932381861977,0.752263048192265,0.718481009616829,0.74329194673202,3,-0.0337820385754359
"random",500,0.801745018259833,0.853424273791588,0.695858485441669,0.751117966377311,0.788507066504053,2,-0.102306307414278
"random",500,0.841523835371011,0.842366590179356,0.850998195117123,0.862404463131518,0.862195304855839,4,0
"random",500,0.623977530715812,0.650010850694444,0.650010850694444,0.650010850694444,0.650010850694444,2,0
"random",500,0.768020772055989,NA,NA,NA,NA,1,NA
"random",200,0.749263563222913,0.79746451825478,0.705338613384216,0.747246046109057,0.745652072350303,2,-0.0502184721457235
"random",200,0.497526554338758,0.519529859351006,0.507736491692304,0.512191881997248,0.512765742644754,2,-0.00733797735375852
"random",200,0.961292287583092,0.929813578556473,0.941990377904344,0.956846197425228,0.938452686035175,1,-0.00444609015786424
"random",200,0.581237986898364,0.645209796153192,0.645209796153192,0.645209796153192,0.645209796153192,2,0
"random",500,0.898427091709975,0.92057893347096,0.902301351064809,0.908652595908798,0.908443554936768,2,-0.0119263375621622
"random",500,0.877184665536034,0.849302405635951,0.864131200859399,0.849714151751071,0.873909985622271,1,-0.0274705137849632
"random",500,0.933994918125353,0.941048842461886,0.915864624505929,0.921993224167137,0.761068605307736,2,-0.0190556182947487
"random",500,0.861184072677203,0.861245809386973,0.861245809386973,0.861245809386973,0.838730618414751,2,0
"random",500,0.859726675232457,0.863244052979814,0.86148386309145,0.857717817244457,0.857784862567095,2,-0.00552623573535704
"random",200,0.749361118375474,0.7905127799265,0.772951564285026,0.78895457402539,0.809182002119665,5,-0.0202274280942747
"random",200,0.89791576710541,0.902687282589184,0.902687282589184,0.902687282589184,0.902961396086727,5,-0.000274113497542694
"random",200,0.557916561421234,0.510584182313154,0.458143891555106,0.449601470629508,0.537667340237434,1,-0.108315090791726
"random",200,0.896827904410843,0.934026429950601,0.924177135835904,0.907520248752476,0.91105544271421,2,-0.0265061811981243
"random",200,0.66238670694864,0.770374766220688,0.770374766220688,0.770374766220688,0.702614731693282,2,0
"random",200,0.725796518375242,0.778763636363636,0.876246550612508,0.876283172147002,0.764779368149581,4,0
"random",200,0.528023528286548,0.626706305559541,0.606177503599913,0.523796619535704,0.502624881109889,2,-0.102909686023836
"random",200,0.827984271633146,0.669265920986211,0.865418847472037,0.827957703445894,0.841241797072186,3,-0.0374611440261431
"random",200,0.450845945049574,0.496772884373691,0.551516024298282,0.53113653819299,0.526551153819299,3,-0.0203794861052926
"random",200,0.700642735139142,0.656031961520489,0.653743816368295,0.657379469537053,0.653886321887236,1,-0.0432632656020884
"random",500,0.889032403240324,0.890004500450045,0.892120712071207,0.881222122212221,0.924471447144715,5,-0.0432493249324933
"random",500,0.831529917111312,0.830521158428135,0.866445853887714,0.883147756636129,0.831260109399644,4,0
"random",500,0.977755141782884,0.964853248847811,0.966817462338531,0.9708033115129,0.894337547622971,1,-0.00695183026998414
"random",500,0.891031880672284,0.884383893724912,0.890477978325963,0.941735962399533,0.951337708930111,5,-0.00960174653057821
"random",500,0.867198157199843,0.956888589246587,0.873532220911287,0.868172369234227,0.902987808303837,2,-0.0887162200123602
"random",300,0.910631882416297,0.928918450910847,0.907575416426807,0.914376590035468,0.922569334831294,2,-0.0145418608753783
"random",300,0.606010640526161,0.711021741862511,0.80351304930669,0.691480038540488,0.753579657324787,3,-0.112033010766202
"random",300,0.915939285066502,0.912045836842903,0.868145779447463,0.869789376128963,0.902021512108947,1,-0.0461499089375383
"random",300,0.896008403361345,0.914924536248066,0.927135364635365,0.933552354508237,0.895622759593348,4,0
"random",300,0.757443626323056,0.762438257401442,0.692289461573861,0.804158613284246,0.784674796747967,4,0
"random",300,0.735422160512306,0.6728280474578,0.6728280474578,0.6728280474578,0.6728280474578,1,-0.0625941130545055
"random",300,0.867650227262369,0.799806091543022,0.869660266582695,0.853176493985938,0.834448065265941,3,-0.0164837725967574
"random",300,0.84444864866613,0.873342431700263,0.737880791989125,0.850735038091326,0.806091593820441,2,-0.0226073936089363
"random",300,0.79111614331723,0.75974788647343,0.720304448470209,0.8264442431562,0.786087962962963,4,0
"random",500,0.554156171284635,0.565289672544081,0.53407220822838,0.508816120906801,0.440856423173804,2,-0.0564735516372795
"random",500,0.866970692072194,0.870565327560085,0.870973154192832,0.869729459839437,0.890188004540167,5,-0.0204585447007301
"random",500,0.951943554593124,0.923090001252752,0.935024697102565,0.930612476212634,0.931584104372103,1,-0.0213310783804905
"random",500,0.972920880949253,0.95657340514033,0.951107316432418,0.934576820351154,0.914172249222821,1,-0.0383440605980997
"random",500,0.922930036363636,0.928649309090909,0.934519854545454,0.937352727272727,0.923198254545455,4,0
"random",500,0.891340028491068,0.908508137253165,0.920425615283051,0.912962081035933,0.909226666555509,3,-0.00746353424711788
"random",500,0.945429766030661,0.945005796815452,0.958548144402373,0.934680990145414,0.932405431739415,3,-0.0238671542569593
"random",500,0.837921683978307,0.854547752550786,NA,0.876620093758617,NA,4,0
"random",500,0.812443217047857,0.829088698101509,0.827491513233746,0.857113307469857,0.821274562539629,4,0
"random",1000,0.616766967569375,0.553660982948847,0.553660982948847,0.553660982948847,0.553660982948847,1,-0.0631059846205282
"random",1000,0.910680682331953,0.953093751400141,0.952978176130601,0.947014084908619,0.949866808411843,2,-0.00607966649152181
"random",1000,0.926359906435407,0.929063028254045,0.936730258391693,0.929925991164396,0.92230729529194,3,-0.00680426722729666
"random",1000,0.91667384134659,0.946474591875507,0.947271268334177,0.933630766864229,0.911944866315624,3,-0.0136405014699484
"random",300,0.878254510337738,0.820413168218632,0.827005007247861,0.81983343974237,0.829946815559009,1,-0.0584210705953686
"random",300,0.924428575671034,0.932093556194596,0.950856022847074,0.928821910621217,0.954243363904989,5,-0.025421453283772
"random",300,0.896866011352027,0.897775223399659,0.905766329138799,0.887065230412235,0.856588119539512,3,-0.0187010987265647
"random",300,0.95446701805114,0.962035221292404,0.931552264651712,0.920124186829851,0.931184513219351,2,-0.0419110344625525
"random",300,0.629072752035441,0.708307142001916,0.791717178520115,0.745813128591954,0.797608357279693,5,-0.0517952286877394
"random",500,0.790769330988209,0.843255813953488,0.823855123444727,0.779510129633249,0.810953032375741,2,-0.0637456843202397
"random",500,0.899566240251422,0.921762500763662,0.931655047326984,0.912606574599967,0.917676285630444,3,-0.0190484727270178
"random",500,0.884604520478068,0.890817976236169,0.932673023848571,0.925268219573673,0.91324091659065,3,-0.00740480427489743
"random",500,0.928548719245638,0.935582210339969,0.966808049423751,0.946852126160627,0.9404703927165,3,-0.0199559232631237
"random",500,0.959596143805902,0.964364281330014,0.961768405344316,0.965048942318614,0.961480264152005,4,0
"random",500,0.552050118569458,0.508065221231516,0.476697398966153,0.735077110295469,0.839428047342135,5,-0.104350937046666
"random",500,0.94137741046832,0.923657210929938,0.636581043853771,0.845235648872013,0.616774625865535,1,-0.0961417615963071
"random",500,0.792307938705279,0.714454925150305,0.765761330512688,0.813204435970748,0.776780926941294,4,0
"random",500,0.872168673626501,0.820013305565197,0.824864941838215,0.825333306633202,0.824848254256446,1,-0.0468353669932983
"random",500,0.490027465236812,0.60638063173242,0.60638063173242,0.60638063173242,0.60638063173242,2,0
"random",200,0.471580853603326,0.397747517330182,0.48762633834865,0.449785099865357,0.771659052557929,5,-0.321873952692572
"random",200,0.840516368392362,0.915523094300763,0.88948148536271,0.919277007671062,0.876393925623041,4,0
"random",200,0.86642475009705,0.877759345076346,0.876486578836698,0.891087502426242,0.840436157479296,4,0
"random",200,0.568081117927744,0.687051513219136,0.867736254956718,0.808434300122406,0.853462556163922,3,-0.0593019548343118
"random",1000,0.648171393454412,0.682579531636135,0.812046444121916,0.753147922959244,0.784195661554152,3,-0.0588985211626721
"random",1000,0.927568418522999,0.915146368187169,0.945128731502865,0.919297913331786,0.905585696771224,3,-0.0258308181710799
"random",1000,0.921041696063671,0.921799653320319,0.921799653320319,0.883446757224543,0.8825030324763,2,-0.0383528960957757
"random",1000,0.897381777144788,0.901665520043773,0.898194471266033,0.901092208596855,0.899306896634964,2,-0.000573311446917413
"random",300,0.846117159548301,0.829935454867323,0.835059933102266,0.830098506447525,0.789173142143709,1,-0.0160186531007752
"random",300,0.874151692650764,0.881113987504459,0.911291216023239,0.878867249873205,0.864099053636097,3,-0.0324239661500338
"random",300,0.488320207717174,0.483077842355045,0.483077842355045,0.483077842355045,0.483608742004264,1,-0.00524236536212946
"random",300,0.935297841940287,0.948277003840921,0.93054585626046,0.941653221436914,0.949635072383498,5,-0.00798185094658432
"random",300,0.506516155626724,0.610797294787529,0.885476922798164,0.843000738361743,0.873046512259976,3,-0.0424761844364215
"random",300,0.922245622016679,0.939463427221951,0.956066682076287,0.95790421820023,0.940083481008865,4,0
"random",300,0.7840571640683,0.809600037119525,0.886288702563431,0.890352744661339,0.908303856063584,5,-0.0179511114022446
"random",300,0.487840616760885,0.474231449364075,0.511676288552556,0.683119891498734,0.486201795551928,4,0
"random",300,0.688880356320074,0.800276455229611,0.745286438335125,0.751002918138535,0.727974197511903,2,-0.0492735370910766
"random",300,0.601397784735205,0.68814887479709,0.812695146822604,0.76872905207348,0.859650882931547,5,-0.0909218308580675
"random",300,0.733320229705249,0.653445680058034,0.740030435540281,0.819378138285154,0.801793103168781,4,0
"random",300,0.832322694186381,0.843952028062446,0.846996665788718,0.834702884062829,0.831505602911598,3,-0.0122937817258884
"random",300,0.856428430969449,0.840974096783997,0.813242996835839,0.706297819946728,0.849384485779152,1,-0.150130611022721
"random",300,0.856555860346004,0.8518661487886,0.844875705847991,0.846948698415735,0.861901459691938,5,-0.0149527612762027
"random",300,0.546325390353659,0.545084111020507,0.659047446467941,0.54899459394159,0.666640693425146,5,-0.117646099483555
"random",500,0.962066385911946,0.714707228042521,0.706954189779949,0.65130697890332,0.728531781946425,1,-0.310759407008626
"random",500,0.82689720769074,0.837907466539846,0.833385420205177,0.827186629526462,0.832510360758204,2,-0.0107208370133841
"random",500,0.964233461752579,0.955809447952176,0.953254091580846,0.966917166945372,0.966964703545913,5,-4.75366005414646e-05
"random",500,0.914220661957845,0.915297264398744,0.909729563072586,0.914924883080274,0.914844801076302,2,-0.000372381318470061
"random",500,0.805254089975618,0.819759049736052,0.868217024451401,0.841594045723633,0.845198813451988,3,-0.0266229787277683
"random",500,0.888123116371767,0.844082673050749,0.931549355110506,0.873697157139154,0.898697258409489,3,-0.0578521979713527
"random",500,0.620544062646096,0.731496026180458,0.556368045815802,0.652361500701262,0.680286348761103,2,-0.0791345254791959
"random",500,0.901626431871344,0.881925502771095,0.881925502771095,0.881925502771095,0.858664631392554,1,-0.0197009291002491
"random",500,0.793174801209248,0.794909788977346,0.882563611253112,0.878267252463361,0.869102560894377,3,-0.00429635878975065
"random",500,0.910506806100948,NA,NA,NA,NA,1,NA
"random",500,0.879117899644215,0.878636363636364,0.882062323641271,0.874171880750828,0.875645933014354,3,-0.00789044289044294
"random",500,0.936973372017581,0.937773663716592,0.934684287014275,0.95222801835865,0.963017851937678,5,-0.0107898335790277
"random",500,0.851459607697755,0.867214197786111,0.839977257496471,0.814475116326599,0.859942894215277,2,-0.0527390814595127
"random",500,0.856527819548872,0.902902255639098,0.91789022556391,0.925914285714286,0.909896741854637,4,0
"random",500,0.821351446718419,0.837015324125416,0.856584333098095,0.842466982558726,0.854023087004738,3,-0.0141173505393689
"random",500,0.853537631949033,0.884773335705451,0.869695034649859,0.866244345041427,0.873223029871736,2,-0.0185289906640235
"random",500,0.909012855289539,0.968679679207454,0.962763887250855,0.979927467861776,0.984540040099068,5,-0.00461257223729206
"random",200,0.894170799646715,0.864244853590597,0.858517562334398,0.825840070656974,0.854589306338746,1,-0.0683307289897411
"random",200,0.921135519098056,0.920253798124321,0.921568795975631,0.899803331732349,0.896914482165879,3,-0.0217654642432822
"random",200,0.929005991832363,0.956128238602129,0.952787819954922,0.96453019347928,0.953339442324429,4,0
"random",200,0.953074727441582,0.96434183249046,0.953061523158113,0.936691512726729,0.959101382488479,2,-0.0276503197637313
"random",200,0.357124315714511,0.377345053845861,0.411471669085789,0.397221950410707,0.399924436398824,3,-0.014249718675082
"random",500,0.941161012103918,0.941319970567046,0.941319970567046,0.941319970567046,0.941319970567046,2,0
"random",500,0.904713954286674,0.907667880686667,0.913839828003796,0.91278770095361,0.901372122459087,3,-0.00105212705018642
"random",500,0.915579656156997,0.867998195810898,0.842640881797423,0.876898325084269,0.848460197091551,1,-0.0386813310727273
"random",500,0.843244682095804,0.836843501119353,0.837925802853376,0.838230992441439,0.845045593179354,5,-0.00681460073791529
"random",500,0.400608127308895,0.470076726342711,0.223358908780904,0.243211139528275,0.275538505257175,2,-0.226865586814436
"random",200,0.751367989056088,0.734580035383177,0.724693205386908,0.679970794837747,0.715486859682835,1,-0.0713971942183407
"random",200,0.762077002646462,0.67769247303161,0.67769247303161,0.67769247303161,0.758695038890904,1,-0.0843845296148524
"random",200,0.66208212667552,0.604421862765655,0.560465078588496,0.569553630305369,0.514535605142059,1,-0.0925284963701505
"random",200,0.817242752847733,0.819681012342156,0.819681012342156,0.80114845663599,0.795840170269435,2,-0.0185325557061663
"random",200,0.717129160914251,0.724355729406351,0.724355729406351,0.724355729406351,0.684626476453444,2,0
"random",300,0.703328485136771,0.695837157513536,0.695837157513536,0.69651204273731,0.69708478042345,1,-0.00681644239946089
"random",300,0.902951789411417,0.901653625877228,0.900023123874056,0.886320346320346,0.860994864348902,1,-0.0166314430910705
"random",300,0.875134197958957,0.889797767275031,0.86825205358869,0.851857279185228,0.891924882049763,5,-0.0400676028645351
"random",300,0.742215342445095,0.742675513784072,0.742675513784072,0.742675513784072,0.742675513784072,2,0
"random",300,0.488258928571429,0.520956632653061,0.520956632653061,0.520956632653061,0.508616071428571,2,0
"random",300,0.740705663621559,0.758858364029048,0.788709801427263,0.800150799253518,0.807360506322036,5,-0.00720970706851842
"random",300,0.871736210597061,0.849330153944429,0.858664406970103,0.864514440938377,0.884998403022916,5,-0.0204839620845388
"random",300,0.727375755186387,0.778047239613663,0.78654402837608,0.77784107418218,0.790607657538722,5,-0.012766583356542
"random",300,0.576805979682059,0.635309589957954,0.595125183778704,0.673756452022663,0.695553805201205,5,-0.0217973531785426
"random",300,0.919838527682969,0.93761678783926,0.937094618656445,0.948536825931602,0.927407480023528,4,0
"random",500,0.92778892999541,0.919693664250046,0.939457974572944,0.943052490999884,0.920532845585104,4,0
"random",500,0.771978962157099,NA,NA,NA,NA,1,NA
"random",500,0.624336763369896,0.724319795823863,0.557069869762301,0.569623497223332,0.762415471574058,5,-0.192791974350726
"random",500,0.864940079225794,0.86322047246417,0.827607209960151,0.785729033628193,0.860179452616427,1,-0.0792110455976003
"random",200,0.7018729040428,0.73539429775895,0.683107770870887,0.674834798354996,0.680141978542348,2,-0.0605594994039541
"random",200,0.531424291376832,0.723228371061547,0.687797686120701,0.753885662016056,0.781576271090144,5,-0.0276906090740885
"random",200,0.777866909856507,NA,NA,NA,NA,1,NA
"random",200,0.790540417055029,0.749818764430311,0.883666563103484,0.900041729870668,0.914508592698186,5,-0.0144668628275185
"random",200,0.804116429303555,0.865162130693568,0.880800336264408,0.821040913668159,0.763201075326824,3,-0.059759422596249
"random",500,0.852137688741065,0.784022951794623,0.806418572891772,0.836484983314794,0.844213592660712,1,-0.0156527054262712
"random",500,0.770984762238375,0.803734586049149,0.869308775265952,0.840301669314718,0.828425055984387,3,-0.0290071059512341
"random",500,0.78803796456987,0.785212423462025,0.803567911465553,0.806646153312547,0.814378919803438,5,-0.00773276649089105
"random",500,0.613499433032086,0.609840908316665,0.620639457073472,0.616460806213774,0.608181979667022,3,-0.0041786508596986
"random",500,0.777226900993452,0.779932422211245,0.803180359602726,0.799339617210917,0.877029977603478,5,-0.0776903603925616
"random",500,0.84001369047619,0.820779166666667,0.847195833333333,0.862204761904762,0.878800595238095,5,-0.0165958333333334
"random",500,0.95211290966294,0.943726578656839,0.943726578656839,0.965510479458327,0.961836492461113,4,0
"random",500,0.822898924221554,NA,NA,NA,NA,1,NA
"random",500,0.678294711781771,0.687043069385738,0.663784603175735,0.592595496567897,0.468368580993587,2,-0.0944475728178407
"random",500,0.333249623304872,0.337769964841788,0.337769964841788,0.337769964841788,0.337769964841788,2,0
"random",300,0.819870144758371,0.894137903824938,0.958435752027406,0.889457785135878,0.965910393630215,5,-0.0764526084943372
"random",300,0.830562336434211,0.836401222757362,0.856765850762024,0.71823799784478,0.740713861582107,3,-0.138527852917244
"random",300,0.963174619419728,0.965184881942856,0.963943204941423,0.967346654144542,0.968379127384521,5,-0.00103247323997924
"random",300,0.828674016343577,0.858025966392081,0.854436935825975,0.861647881418636,0.856580077771749,4,0
"random",300,0.773024501982684,0.784856079448134,0.792606437269762,0.784988796076867,0.799594957647997,5,-0.0146061615711303
"random",1000,0.929323877664049,0.92928431757227,0.937583863357828,0.923105677115375,0.933664992225231,3,-0.0144781862424533
"random",1000,0.957728551963657,0.955568433495522,0.958812370976911,0.957565126895054,0.954077054418543,3,-0.00124724408185695
"random",1000,0.931485490741219,0.966624869481637,0.892949895037406,0.896361766377217,0.926249884548974,2,-0.0702631031044194
"random",1000,0.81084361260381,0.81149842539605,0.81149842539605,0.811683255984367,0.810832162921348,4,0
"random",500,0.524622984134649,0.652144387770501,0.617390517007213,0.673869958450286,0.585871085222185,4,0
"random",500,0.568847574899301,0.554437769305905,0.615371548229237,0.599450852795228,0.649217114053399,5,-0.049766261258171
"random",500,0.752446242452022,0.909883242990095,0.934876267960701,0.919402912572989,0.945334452659479,5,-0.0259315400864903
"random",500,0.71062105399176,0.832006102257896,0.838186491492198,0.825457594215877,0.829923100732331,3,-0.0127288972763214
"random",500,0.591299706742386,0.683965198403798,0.737781990681771,0.731226540448815,0.763210345688521,5,-0.0319838052397053
"random",1000,0.871991502192982,0.902399259868421,0.932915296052632,0.955888157894737,0.922410910087719,4,0
"random",1000,0.871889487652053,0.871262304649764,0.917646316839038,0.934908114937167,0.922955098101833,4,0
"random",1000,0.841474041692258,0.856433397160302,0.87401495718776,0.876682683622963,0.876374869034286,4,0
"random",1000,0.911645714285714,0.952256,0.948874285714286,0.958062857142857,0.950341714285714,4,0
"random",1000,0.930931919642857,0.9138671875,0.948577008928571,0.911135602678571,0.872133556547619,3,-0.03744140625
"random",300,0.768344660407775,0.663663391882108,0.684919157089655,0.647060794188591,0.699866695201027,1,-0.121283866219184
"random",300,0.945596137089747,0.936967696605218,0.948133788078112,0.95167891800926,0.961395991013309,5,-0.00971707300404911
"random",300,0.917287222621673,0.905019979277487,0.920564066369299,0.89533203918559,0.899325141958024,3,-0.0252320271837092
"random",300,0.958548670301626,0.929687000163502,0.924046178672221,0.92281280434489,0.920474013833697,1,-0.0357358659567359
"random",500,0.613550646551724,0.679350754310345,0.667304612667625,0.584315508261494,0.617112667624521,2,-0.0950352460488506
"random",500,0.933200767792846,0.949514655012152,0.957466876672989,0.960825114992148,0.961602374090299,5,-0.000777259098151295
"random",500,0.889787555068255,0.937604333353089,0.919478110985993,0.946276348801833,0.947804307671033,5,-0.00152795886919932
"random",500,0.954098407524945,0.959083315974988,0.978826902576795,0.965313940997962,0.940589530262744,3,-0.0135129615788334
"random",500,0.984817793664979,0.97994836659716,0.982837851256082,0.966652765365902,0.983372058385463,1,-0.0181650282990766
"random",1000,0.900173132670535,NA,NA,NA,NA,1,NA
"random",1000,0.957071313034359,0.948549343216197,0.958477199203683,0.951877699568069,0.950601792602073,3,-0.0065994996356139
"random",1000,0.9529776,0.897906666666667,0.931534933333333,0.9298384,0.926775466666667,1,-0.0231392
"random",1000,0.925608491239838,0.926589778465093,0.924548535418465,0.937194512244353,0.923141816706311,4,0
"random",1000,0.973544214865901,0.951755279056801,0.957893345302074,0.951755279056801,0.963687594549674,1,-0.0217889358091
"random",1000,0.969565922054923,0.973494536307564,0.969713500386734,0.976284689143374,0.975675269692813,4,0
"random",1000,0.880676035680077,0.860108357279693,0.87762661637931,0.868439071479885,0.877557396431992,1,-0.0122369642001915
"random",1000,0.954452236441321,0.955803309957343,0.934854759597028,0.952447222610958,0.950786888021576,2,-0.0033560873463846
"random",1000,0.960671626386378,0.957896777576934,0.957377931757827,0.957340273593537,0.958977008993327,1,-0.00333135279284102
"random",300,0.685112436363636,0.761613381818182,0.762963781818182,0.663646254545455,0.620991418181818,3,-0.0993175272727272
"random",300,0.559259927272727,0.741645963636364,0.806967854545454,0.8644992,0.741560436363636,4,0
"random",300,0.846709049168748,0.828607179797674,0.771359519664976,0.816494866167159,0.778342541436464,1,-0.0302141830015893
"random",300,0.846750476394486,0.873208221207699,0.868993189901776,0.901036576386007,0.862594776842096,4,0
"random",500,0.706309617326899,0.847044663898552,0.747334193693188,0.824681292784199,0.812072719111211,2,-0.022363371114353
"random",500,0.781694849333249,0.869660053789148,0.88721821092443,0.879475620965939,0.899030572404343,5,-0.0195549514384036
"random",500,0.94166546093427,0.944549400578752,0.937169801570897,0.949173728813559,0.941498553121124,4,0
"random",500,0.886326531038865,0.955498172954713,0.93778534517359,0.905306688574487,0.916650988360425,2,-0.0501914843802261
"random",500,0.87163284436675,0.92002381495275,0.935179752223151,0.916286387474348,0.914386258265562,3,-0.018893364748803
"random",200,0.79609875801282,0.793310964209402,0.799299333479021,0.82517786033411,0.846258559149184,5,-0.0210806988150738
"random",200,0.501007399228348,0.541933984414661,0.483892717534775,0.524667002995228,0.500620304091786,2,-0.0172669814194334
"random",200,0.70775211263303,0.715572577965992,0.689954316975781,NA,0.757676950120349,5,NA
"random",200,0.786402776443078,0.799565755333461,0.76866411205074,0.787081471426741,0.795129212313409,2,-0.0124842839067204
"random",200,0.92968196761737,0.91794902010848,0.906425024468646,0.903478966784836,0.929918197798313,5,-0.0264392310134766
"random",500,0.97593634085213,0.973683709273183,0.980301754385965,0.964783458646617,0.971598997493734,3,-0.0155182957393484
"random",500,0.79283613864206,0.86957806447938,0.790151871155161,0.800155573593074,0.765448778195489,2,-0.0694224908863067
"random",500,0.952055698739548,0.921382987341468,0.941666441639438,0.953865917776051,0.943623178404587,4,0
"random",500,0.722069331657556,NA,NA,NA,NA,1,NA
"random",1000,0.976762462850843,0.979631388796692,0.973571164242195,0.983198470923512,0.987478969475696,5,-0.00428049855218426
"random",1000,0.946116629134167,0.942935687689837,0.944182214069467,0.941154136777375,0.945731983157602,1,-0.00496249235679236
"random",1000,0.862263514595443,0.885640842420458,0.905950265007766,0.896953711709981,0.901516288770396,3,-0.00899655329778548
"random",1000,0.893845758480591,0.88003628976633,0.875041162518523,0.877078150935168,0.863195257187866,1,-0.0167676075454234
"random",500,0.875991993030006,0.962574162724737,0.934908447803173,0.953595323664361,0.965058880350015,5,-0.0114635566856542
"random",500,0.965832181898217,0.962429843975447,0.939585575065418,0.928036578953804,0.928891748795578,1,-0.0377956029444132
"random",500,0.886016390742113,0.875200495060235,0.883940995929408,0.878949210808093,0.879430398952657,1,-0.00706717993402084
"random",500,0.934311756875663,0.931298041128152,0.909401960086706,0.869180612947957,0.892360972511233,1,-0.0651311439277055
"random",500,0.712959339866008,0.725830430340664,0.755485556000899,0.763001026404646,0.752523492535077,4,0
"random",200,0.866743128509632,0.870938734248636,0.858080718181574,0.851142057819931,0.844352850694538,2,-0.0197966764287058
"random",200,0.63871021582673,0.618952420088334,0.80093890067914,0.759082923902353,0.766266232428624,3,-0.0418559767767861
"random",200,0.509993217216123,0.562030836357746,0.71877325254734,0.746003092746977,0.641884196619744,4,0
"random",200,0.613350287857786,0.682319053092355,0.683709018610518,0.715806784610078,0.710309929216133,4,0
"random",200,0.705750220962011,0.808754327681372,0.827464072309513,0.818181226286259,0.819488279654078,3,-0.00928284602325347
"random",200,0.477287663225746,0.518478599605045,0.450327864352482,0.573851425212857,0.548025144071395,4,0
"random",200,0.763505998343075,0.872858470227987,0.678481030039775,0.854202807007908,0.714040074393796,2,-0.0186556632200796
"random",200,0.570195195195195,0.846471471471472,0.294419419419419,0.232982982982983,0.680555555555556,2,-0.613488488488489
"random",200,0.53760164430342,0.593766682461896,0.521646462768244,0.56177634354425,0.586684821184002,2,-0.0319903389176468
"random",300,0.765288742593812,0.760943252139565,0.760943252139565,0.764007899934167,0.761336668861093,1,-0.00128084265964457
"random",300,0.757669995747765,0.657040753152272,0.676671535805798,0.717502902756021,0.566656531806935,1,-0.0401670929917445
"random",300,0.941663914445231,0.960773767397971,0.95104977589054,0.959131870724227,0.956909648502005,2,-0.00164189667374381
"random",300,0.55261618187897,NA,NA,NA,NA,1,NA
"random",300,0.58242914891133,0.55184314984531,0.69196011616368,0.674873037184052,0.641704001517716,3,-0.0170870789796276
"random",300,0.777386240807732,0.849902844682699,0.827204113637358,0.709598278903447,0.737868081198103,2,-0.140304565779252
"random",300,0.506804010785305,0.703951803168183,0.788291870295472,0.634697821873947,0.668544089147287,3,-0.153594048421526
"random",300,0.884111899372342,0.873654792164599,0.857132394164338,0.840379208450835,0.908866252724138,5,-0.0684870442733033
"random",300,0.864089965148708,0.840917457256151,0.881994766304283,0.885245319483513,0.869603251453471,4,0
"random",200,0.876039737023719,0.87606584395772,0.878777559841633,0.881516517743634,0.88839172205877,5,-0.00687520431513566
"random",200,0.924527852249032,0.957021149836163,0.901981928309006,0.920792374143581,0.927516631913415,2,-0.0362287756925826
"random",200,0.905698738684521,0.94878206574889,0.960182552220467,0.954631259560169,0.913451189849294,3,-0.00555129266029741
"random",200,0.843833230211333,0.834018834973641,0.823706634973344,0.872648039420796,0.850079159117988,4,0
"random",200,0.913362287546417,0.909586073350673,0.942274582454074,0.928881725311217,0.910581885622679,3,-0.0133928571428571
"random",500,0.708978422794471,NA,NA,NA,NA,1,NA
"random",500,0.898030638482211,0.889075899521141,0.873436786498614,0.826560757242336,0.902896822605622,5,-0.0763360653632863
"random",500,0.951084325611275,0.919039659657039,0.939195257768996,0.893846811162226,0.907792489843803,1,-0.0572375144490485
"random",500,0.922640841479862,0.918210835573188,0.903402783255828,0.919011218833634,0.909852025296729,1,-0.00362962264622868
"random",500,0.919199201189929,0.919199201189929,0.919199201189929,0.919199201189929,0.919199201189929,1,0
"random",300,0.620040180813662,0.627211339918522,0.692867905575088,0.853033093364585,0.781321502315977,4,0
"random",300,0.887082820197044,0.903129618226601,0.896812910509031,0.880358169129721,0.913164511494253,5,-0.0328063423645321
"random",300,0.929722619047619,0.928889880952381,0.929359523809524,0.933607738095238,0.941591071428571,5,-0.00798333333333334
"random",300,0.668294458047638,0.790373645850911,0.742266556004403,0.848245762060063,0.835284272298044,4,0
"random",500,0.912461866320114,0.91456541371601,0.916827277833456,0.928458738532363,0.903645689930506,4,0
"random",500,0.726785740963251,0.81376411508476,0.731025335123218,0.738062869350498,0.82549049319296,5,-0.0874276238424616
"random",500,0.957889367376207,0.972569953592549,0.973739203822169,0.964908897178491,0.966956343963003,3,-0.00883030664367779
"random",500,0.809516597596068,0.781691013479093,0.769877875838141,0.757100962398976,0.784795748371907,1,-0.0524156351970921
"random",200,0.537895240182503,0.502251399653324,0.48178707337969,0.47485355940308,0.504856448367237,1,-0.0630416807794226
"random",200,0.902335892174001,0.865587899977198,0.904696106001875,0.902329811760533,0.952372121304249,5,-0.0500423095437156
"random",200,0.838858923842129,0.864034946062916,0.853334833828564,0.843863546444028,0.910375016148828,5,-0.0665114697047994
"random",500,0.81806974180025,0.810926134596666,0.895709897859038,0.839603552518387,0.885106058586666,3,-0.0561063453406516
"random",500,0.926983153805096,0.928996935573115,0.942299852920554,0.933925129713635,0.923359977215187,3,-0.0083747232069189
"random",500,0.804244905605883,0.88963674754989,0.923991626758465,0.901231917714298,0.918932684914505,3,-0.0227597090441677
"random",500,0.835431075979833,0.876298548301285,0.879135567885283,0.851792455220288,0.87056015809075,3,-0.0273431126649946
"random",500,0.875516230994624,0.855933721572518,0.813671656051388,0.852899782989586,0.779457568967647,1,-0.0226164480050378
"random",500,0.407600058978686,0.418502924359835,NA,NA,0.418904307082357,5,NA
"random",500,0.980042447034293,0.978747227378869,0.980107606955356,0.96670195054229,0.96641139048612,3,-0.013405656413066
"random",500,0.716152331934362,0.867001994479734,0.955573791023896,0.851053245992135,0.892754178009679,3,-0.10452054503176
"random",500,0.920115470866168,0.905377105255407,0.902494015037088,0.905320305958877,0.887468497427202,1,-0.0147951649072908
"random",200,0.913511559498034,0.924222694878384,0.930932587945231,0.921960182324781,0.916985836862344,3,-0.00897240562045032
"random",200,0.937340581062586,0.892057270836666,0.88902108995894,0.935880814625216,0.915229118896532,1,-0.00145976643737
"random",200,0.888761348993587,NA,NA,0.913360092026206,0.895320190964251,4,0
"random",200,0.694582846459453,0.812339331619537,0.695564384201916,0.690109838747371,0.803061462958635,2,-0.122229492872166
"random",200,0.894546134788787,0.916789805953444,0.924076507748867,0.911044703229079,0.904357977958592,3,-0.0130318045197881
"random",1000,0.950738035053899,0.974215491974192,0.966993124950822,0.965391774529861,0.970009565071996,2,-0.00882371744433086
"random",1000,0.978850441284765,0.977031718007234,0.976728850694518,0.983844206675033,0.972549484365868,4,0
"random",1000,0.891274924234251,0.907089559964735,0.911343993391679,0.897916482769218,0.917957218097471,5,-0.0200407353282529
"random",1000,0.817638375186555,0.844605719940302,0.864506277983259,0.871508175978197,0.913103870611901,5,-0.0415956946337032
"random",1000,0.979801230586962,0.978267968212802,0.979428119299325,0.979719072841999,0.975877020845042,1,-8.21577449634514e-05
"random",1000,0.986666666666667,0.967558965615232,0.995714691673771,0.983239556692242,0.973958510940608,3,-0.0124751349815287
"random",1000,0.967809398835397,0.968791861450559,0.967883724268023,0.958925373848383,0.956756267257169,2,-0.00986648760217612
"random",1000,0.736454214713408,0.774076603118312,0.800558755612337,0.87662955090293,0.849437022515428,4,0
"random",1000,0.955950854632022,0.965326143213949,0.941865908998172,0.945189299006312,0.9835301596301,5,-0.0383408606237879
"random",1000,0.977906037054404,0.984031886342549,0.984988426734244,0.980764434157097,0.976917071564686,3,-0.00422399257714678
"random",1000,0.453974413958305,0.663181623238737,0.589561606292953,0.550560152302848,0.493864998587851,2,-0.112621470935888
"random",1000,0.874934229806053,0.872677229859335,0.890088015505115,0.913679534313726,0.943031356564365,5,-0.0293518222506394
"random",1000,0.760584607106559,0.821159623547699,0.757140063572411,0.809662034915004,0.804846773550689,2,-0.0114975886326949
"random",1000,0.866157833893842,0.8174378422114,0.836304183793321,0.872872100049514,0.886332543782986,5,-0.0134604437334717
"random",500,0.416267182130584,0.467001718213058,0.467001718213058,0.467001718213058,0.467001718213058,2,0
"random",500,0.86706313768391,0.7844460940814,0.7844460940814,0.7844460940814,0.7844460940814,1,-0.0826170436025094
"random",500,0.92063964184287,0.917789763351025,0.930015488709546,0.935236043086373,0.933088995084593,4,0
"random",500,0.588647752394989,0.615973962171457,0.615973962171457,0.615973962171457,0.615973962171457,2,0
"random",500,0.920789329113301,0.918905996326604,0.855275996654586,0.927207522261762,0.873699859787796,4,0
"random",200,0.709614338736103,0.724636050403119,0.724636050403119,0.724636050403119,0.724636050403119,2,0
"random",200,0.829342356324828,0.789597925525319,0.855866811205203,0.839099207571473,0.798749254973179,3,-0.0167676036337308
"random",200,0.728480609690128,0.730965933117274,0.730965933117274,0.730965933117274,0.697459145750855,2,0
"random",200,0.80849277410738,0.830175854907275,0.830175854907275,0.823550769270668,0.84155120582826,5,-0.0180004365575921
"random",200,0.871652424772448,0.883955940345706,0.883955940345706,0.832269493560119,0.819899227255992,2,-0.0516864467855873
"random",200,0.574046843606196,0.694835010370082,0.703883514809774,0.904005343022879,0.868941502203643,4,0
"random",200,0.915830711731333,0.901960689414106,0.835531714662149,0.907429216745987,0.906781210507919,1,-0.00840149498534593
"random",200,0.933005936775681,0.901850715851545,0.919916928549642,0.911333906791365,0.906422958426577,1,-0.0216720299843155
"random",200,0.700469612417284,0.675087453332811,0.67994911806091,0.638078792947972,0.645068525077216,1,-0.0623908194693119
"random",200,0.831053059895833,0.910474717881944,0.896896158854167,0.823773871527778,0.847795681423611,2,-0.0867008463541666
"random",1000,0.984888743588346,0.975138115644274,0.980734857493288,0.97361513091472,0.987027653043672,5,-0.0134125221289522
"random",1000,0.946842029937104,0.966498018723527,0.967592172783478,0.963700087073468,0.970014279174801,5,-0.00631419210133299
"random",1000,0.994312046355973,0.997919066457081,0.9900729742166,0.994293517143125,0.993973888221494,2,-0.00362554931395598
"random",1000,0.990642285510764,0.994682815953718,0.993034356541316,0.981699694012242,0.994927678355487,5,-0.0132279843432453
"random",1000,0.943472562026963,0.946474828844642,0.92239213821214,0.949034191847628,0.958045895294923,5,-0.00901170344729518
"random",1000,0.963886955410032,0.93274157042677,0.924829301438035,0.932961750263979,0.912755515149793,1,-0.0309252051460526
"random",1000,0.942799494839868,0.965468391314929,0.975210647828403,0.971877446047188,0.965099223184745,3,-0.00333320178121566
"random",1000,0.867207580135435,0.908820149715481,0.877196456511682,0.868823318054135,0.903385186180074,2,-0.0399968316613459
"random",1000,0.971138436883629,0.976451781539923,0.976134464716195,0.975149983563445,0.973354518226313,2,-0.00130179797647745
"random",1000,0.850169850949882,0.938566633574434,0.939285883123637,0.958708997710558,0.960491926170553,5,-0.00178292845999561
"random",200,0.864367658485306,0.944055944055944,0.945952740070387,0.956487956487956,0.962361168243521,5,-0.00587321175556466
"random",200,0.863302006624762,0.936092697650293,0.974395419030465,0.971950955525876,0.949958952617843,3,-0.00244446350458871
"random",200,0.785484110280888,0.760605510587144,0.876613929019535,0.832213324574937,0.796854900164364,3,-0.044400604444598
"random",200,0.658034743702441,0.692315923480251,0.686691147866245,0.687311678272235,0.694764043438128,5,-0.00745236516589309
"random",200,0.527423291097158,0.616796435236606,0.619900869657199,0.520754471065576,0.5031837689175,3,-0.0991463985916238
"random",1000,0.899682591466335,0.895067372617565,0.895067372617565,0.895067372617565,0.895746785509051,1,-0.00461521884876925
"random",1000,0.974448138297872,0.9796875,0.979964539007092,0.976644503546099,0.975547429078014,3,-0.00332003546099291
"random",1000,0.821948844773308,0.800110575189147,0.800110575189147,0.800110575189147,0.799775679006963,1,-0.0218382695841607
"random",1000,0.905863262736287,NA,NA,NA,NA,1,NA
"random",1000,0.941193019393598,0.921060804522249,0.924419618863811,0.921758582824369,0.92223956584476,1,-0.0194344365692297
"random",1000,0.984518139195122,0.984985253595911,0.966443545000758,0.965649698984523,0.989220341341364,5,-0.0235706423568406
"random",1000,0.47563877755511,NA,NA,0.513527054108216,0.500187875751503,4,0
"random",1000,0.976961707081465,0.976644869921317,0.965402826971821,0.975562256953905,0.975124670778325,1,-0.00139945012756049
"random",1000,0.952677685151837,0.945723785345971,0.947569593900157,0.939973339540931,0.947931947750771,1,-0.0127043456109066
"random",300,0.62264186380407,0.717299641897194,0.634569754920783,0.672026557204628,0.740465199752917,5,-0.0684386425482896
"random",300,0.802450507001449,0.61663715864585,0.637366543269489,0.772493159504265,0.631652717420462,1,-0.0299573474971834
"random",300,0.628576472215993,0.60818932819336,0.763018907532956,0.769866506996694,0.773366642970625,5,-0.00350013597393117
"random",300,0.845637646296947,0.919869365126768,0.944060663938452,0.94143418319293,0.9557649666193,5,-0.0143307834263705
"random",300,0.63823759993145,0.674443127158973,0.927113827532801,0.872473977217356,0.916514795162109,3,-0.054639850315445
"random",500,0.787718544775126,0.788254524280566,0.796655974087764,0.799185380609118,0.86707245215833,5,-0.0678870715492123
"random",500,0.651744682247899,0.801837141106443,0.665457589285714,0.760345544467787,0.717234550070028,2,-0.0414915966386554
"random",300,0.522945869370713,0.54587620538821,0.536699100308182,0.524253777711502,0.596247763197137,5,-0.0719939854856347
"random",300,0.820528581803092,0.936447764290902,0.91609710550887,0.96940813362382,0.950888577653283,4,0
"random",300,0.561307122507123,0.610304843304843,0.670437037037037,0.675665527065527,0.679909971509971,5,-0.00424444444444438
"random",300,0.767503984352362,0.897991524195885,0.911791871921182,0.90144161112721,0.931758910460736,5,-0.0303172993335264
"random",300,0.82571235353023,0.801875658382428,0.816516674686469,0.787630755291986,0.815138677556258,1,-0.0380815982382445
"random",300,0.705100659904851,0.589795192321107,0.597290623212467,0.59682673661007,0.529755593379559,1,-0.108273923294781
"random",300,0.739632447088951,0.839992468178052,0.875465341066004,0.925758831061234,0.907735683261781,4,0
"random",300,0.648316582914573,0.591356783919598,0.614497487437186,0.218517587939698,0.464874371859296,1,-0.429798994974874
"random",300,0.887208126984127,0.912360634920635,0.941416126984127,0.920149841269841,0.897284063492063,3,-0.0212662857142858
"random",500,0.517825762013453,0.531819898040837,0.531819898040837,0.531819898040837,0.531819898040837,2,0
"random",500,0.962164018795521,0.959630170809508,0.97037509396353,0.953229389258174,0.955387383126262,3,-0.0171457047053557
"random",500,0.963487394957983,0.962448905488121,0.958833385205934,0.967966075319016,0.964807033924681,4,0
"random",500,0.751516213542521,0.778239477229455,0.778239477229455,0.778239477229455,0.751665970699795,2,0
"random",500,0.768935187357598,0.726474069207869,0.783249651979416,0.859021684158937,0.778210522474048,4,0
"random",1000,0.83436837002796,0.834651131749399,0.850417293074621,0.836313161826348,0.839611463148479,3,-0.014104131248273
"random",1000,0.898971069607816,0.887919473644883,0.917499419923941,0.884349875660533,0.929568279212565,5,-0.0452184035520319
"random",1000,0.913062695817051,0.951451948617189,0.947123539278987,0.950037432358843,0.95064915727734,2,-0.00141451625834677
"random",1000,0.831967740606884,0.937772217588731,0.909818109741657,0.948699533561919,0.896872651077544,4,0
"random",1000,0.837679265302107,0.856687301353083,0.857172134507239,0.893758300132802,0.863034633950969,4,0
"random",1000,0.904754138383709,0.950847187980277,0.957375948546363,0.962734034804047,0.950889212186219,4,0
"random",1000,0.863402436073244,0.900142507595924,0.878707214110941,0.914179236912156,0.905523379312199,4,0
"random",1000,0.759764265522679,0.791983323152975,0.863744785525898,0.899851319421756,0.883546765723918,4,0
"random",1000,0.697939698492462,0.748417085427136,0.748417085427136,0.765552763819095,0.753718592964824,4,0
"random",200,0.827676213980804,0.821812900558416,0.8869443201993,0.871947138184921,0.883082675362769,3,-0.0149971820143786
"random",200,0.694671810017479,0.656293170996323,0.66511120487011,0.638027846422759,0.659373154119703,1,-0.05664396359472
"random",200,0.679436913417904,0.5392695763717,0.560423596070545,0.606207617832096,0.701388620307343,5,-0.0951810024752475
"random",200,0.817334274205901,0.854373208794482,0.863206037359543,0.828163111809254,0.83260355848428,3,-0.035042925550289
"random",200,0.809834300290292,0.844791466212463,0.875628317303821,0.923329934994834,0.896764208535152,4,0
"random",300,0.857510346028559,0.87827538874434,0.870223924934953,0.920414967937555,0.89400122410932,4,0
"random",300,0.712906528450993,NA,NA,NA,NA,1,NA
"random",300,0.795548104525647,0.783189766478203,0.799751617450683,0.856303862690268,0.868540119508982,5,-0.0122362568187139
"random",300,0.563923690205011,0.731363661824564,0.800835075992382,0.670548750886889,0.610118936480078,3,-0.130286325105493
"random",300,0.782424058102841,0.742068197734927,0.742068197734927,0.753580506642039,0.755706628645727,1,-0.0288435514608021
"random",300,0.913289272597103,0.907931149142559,0.907931149142559,0.883841797262126,0.881597602437421,1,-0.0294474753349775
"random",300,0.932671423019552,0.940029647314475,0.938659644500248,0.928907780976856,0.94237329020247,5,-0.0134655092256134
"random",300,0.901736694677871,0.92641206482593,0.948789015606243,0.942333433373349,0.936846238495398,3,-0.00645558223289322
"random",300,0.79493856515232,0.798826019086242,0.803260130513848,0.812325994946813,0.817961042984277,5,-0.0056350480374644
"random",500,0.930890499466262,0.94529243215911,0.940269678071802,0.957936962750716,0.885456486319456,4,0
"random",500,0.920139411499097,0.94557119205298,0.949758345039802,0.946284032376748,0.940386898789217,3,-0.00347431266305431
"random",500,0.84192855896148,0.840450533678854,0.827435684499689,0.849184167842305,0.841198717970097,4,0
"random",500,0.975679864155035,0.96848782117838,0.959715352970159,0.973862460382814,0.972437179375707,1,-0.00181740377222106
"random",1000,0.834576471241297,0.877120711466377,0.941778490646519,0.918661384426155,0.928074757726884,3,-0.023117106220364
"random",1000,0.970882876888736,0.972044557005495,0.977257361778846,0.989803775326236,0.985464242788462,4,0
"random",1000,0.86923092535617,0.887963815274997,0.882876606840331,0.909384771326339,0.910872370882686,5,-0.0014875995563467
"random",1000,0.902314550712094,0.904499272169329,0.88825770615312,0.882976630734125,0.883066380124321,2,-0.0215226414352033
"random",1000,0.847003671317452,0.894290037456219,0.890397495263089,0.834843065533185,0.896274305168553,5,-0.0614312396353676
"random",300,0.669208598889955,0.744457164618101,0.707049013010451,0.746009406883795,0.743029101733662,4,0
"random",300,0.800949655517116,0.764796103374266,0.764796103374266,0.764796103374266,0.764796103374266,1,-0.0361535521428502
"random",300,0.883961041936572,0.886843738674376,0.84875215056675,0.939247443967235,0.930034200780661,4,0
"random",300,0.879717796919337,0.836546781347808,0.870372356251689,0.85393661837821,0.818012025329098,1,-0.0257811785411273
"random",300,0.826527461094846,0.916107880570434,0.947469609681728,0.955481500469965,0.957597467136182,5,-0.00211596666621694
"random",500,0.852656542879572,0.875055071372499,0.879103818548839,0.94442597606498,0.860551274451689,4,0
"random",500,0.877069818855576,0.89081962945374,0.893442272862708,0.879335013967432,0.877905729240288,3,-0.0141072588952762
"random",500,0.91081333282893,0.898434727468921,0.905888191731023,0.880034803850041,0.886829841238959,1,-0.0307785289788889
"random",500,0.886951989274758,0.823391929350808,0.818376399696563,0.829874546157186,0.794200473284701,1,-0.0570774431175721
"random",500,0.389584376564847,0.161909530963111,0.218494408279085,0.43431814388249,0.599232181605742,5,-0.164914037723252
"random",500,0.807164573186629,0.833571193382297,0.840069758431827,0.850061438523564,0.893725376551154,5,-0.0436639380275897
"random",500,0.679460580912863,0.715577267802128,0.763753239360666,0.715107279636093,0.694352901818037,3,-0.0486459597245732
"random",200,0.907793931350667,0.899316447487483,0.909214071705777,0.905539301441757,0.931504619854819,5,-0.0259653184130623
"random",200,0.709869547407805,0.752388812199442,0.814291471877303,0.793448598120578,0.785475275066193,3,-0.020842873756725
"random",200,0.88579228291141,0.854713438615354,0.870009074410163,0.831073488575136,0.858700924417641,1,-0.0547187943362746
"random",200,0.855878745727982,0.822612156836351,0.810780442569867,0.769423193413053,0.904130116139068,5,-0.134706922726015
"random",200,0.857481144859493,0.851302016624984,0.859876534760529,0.865407441156514,0.861688231693844,4,0
"random",500,0.819872937519996,0.689268248091778,0.759015494309612,0.857580328168563,0.871817724758901,5,-0.0142373965903377
"random",500,0.696584408382464,0.873163052361216,0.851187175296247,0.888624788395307,0.884089880917635,4,0
"random",500,0.873681610698964,0.895551855883546,0.768414253494615,0.823918989379705,0.909103429209724,5,-0.0851844398300183
"random",500,0.736537958341356,0.950886443414251,0.964865638777394,0.969844631722381,0.97431757927633,5,-0.00447294755394945
"random",500,0.88745038134005,0.933502660641201,0.920610144079758,0.927451432058428,0.923856762837707,2,-0.00605122858277285
"random",500,0.898889459128104,0.906277111819837,0.91282773480618,0.938136682266782,0.91310318071288,4,0
"random",500,0.695167114549947,0.839075598079146,0.92181550125857,0.916624430726373,0.934325239833293,5,-0.0177008091069195
"random",200,0.929484016367424,0.931885601168112,0.882924724852976,0.910140762158699,0.917655002856797,2,-0.021744839009413
"random",200,0.895502029409808,0.870863300649048,0.756477628100823,0.787212147424071,0.786140733974921,1,-0.108289881985737
"random",1000,0.872010562515352,0.928338246131172,0.930568656349791,0.943461066077131,0.921585605502334,4,0
"random",1000,0.904356819395882,0.984614018793706,0.987437475718726,0.987136994949495,0.987746303175991,5,-0.000609308226495742
"random",1000,0.967176453614197,0.98924467769602,0.98371547315603,0.991609756488562,0.99308711665785,5,-0.00147736016928768
"random",1000,0.939102698714492,0.947425863389994,0.948355515196231,0.946933227390108,0.951731887965039,5,-0.00479866057493117
"random",500,0.990267834246293,0.98915588701439,0.985502646392372,0.985815841359392,0.987709725019023,1,-0.0044519928869009
"random",500,0.762209128133427,0.675180598555212,0.675180598555212,0.675180598555212,0.722157029195379,1,-0.0870285295782151
"random",500,0.941313775510204,0.885389030612245,0.843775510204082,0.860860969387755,0.92015306122449,1,-0.080452806122449
"random",500,0.863192092098126,0.878519679344223,0.882993189078416,0.882639985534326,0.905099150141643,5,-0.0224591646073172
"random",500,0.876947539767835,0.888665774207943,0.847248147519656,0.836048419028226,0.84376630151278,2,-0.0526173551797173
"random",500,0.87035186805011,0.873650238281957,0.872240780398544,0.882063627314954,0.858251769520018,4,0
"random",500,0.916398607196153,0.922760736196319,0.921435914442049,0.910299287017078,0.914654286188028,2,-0.0124614491792406
"random",500,0.905416320598007,0.881453488372093,0.87093023255814,0.852442898671096,0.851645556478405,1,-0.0529734219269103
"random",500,0.89850747336392,0.898922395291828,0.903797727944753,0.913571047034024,0.919786529821917,5,-0.00621548278789386
"random",500,0.842114150624789,0.822259262890697,0.822259262890697,0.840948458999248,0.84115000381301,1,-0.00116569162554059
"random",300,0.951859723189519,0.968941988507315,0.966172926374539,0.959850992386874,0.91791896723795,2,-0.00909099612044106
"random",300,0.726196707270651,0.704329439474686,0.726967945057734,0.712016043332064,0.690252862898109,3,-0.0149519017256693
"random",300,0.667815611648403,0.788134731582617,0.793335150789253,0.753851293373139,0.75624284935376,3,-0.0394838574161139
"random",300,0.935679953897274,0.891939073286168,0.90966645004925,0.89513418018482,0.930237441298724,1,-0.0405457737124547
"random",300,0.919267712020155,0.953545459245785,0.956705256379524,0.924663691357502,0.907864122847836,3,-0.032041565022021
"random",200,0.508605240161737,0.519597533460709,0.519597533460709,0.600912856515149,0.551125395579385,4,0
"random",200,0.919367495765199,0.926257373384224,0.926560434299468,0.908221588771227,0.909728841004288,3,-0.0183388455282411
"random",200,0.739248552860542,0.752614616996342,0.752614616996342,0.752614616996342,0.737978976526155,2,0
"random",200,0.501089039495209,0.536592661836878,0.587969151670951,0.500850666043468,0.501579808366441,3,-0.0871184856274831
"random",200,0.894817909226592,0.852947258635881,0.875809192425959,0.887312649475823,0.86231534678391,1,-0.00750525975076877
"random",200,0.808134863128884,0.688992865312158,0.810804079840472,0.798041128151906,0.730352708005394,3,-0.0127629516885659
"random",200,0.532248558447213,0.532618018200291,0.522563434920104,0.579548203501951,NA,4,0
"random",200,0.726870440439895,0.768604593132985,0.682289965338269,0.733706377939895,0.721009931220964,2,-0.0348982151930894
"random",200,0.915067567567568,0.944902402402402,0.933185864435864,0.918007293007293,0.920967932217932,2,-0.0268951093951094
"random",1000,0.966574512055109,0.967061308840413,0.96521607347876,0.967222962112514,0.953915958668197,4,0
"random",1000,0.948727391617715,0.948893904533405,0.954399161844477,0.948358510815439,0.947192920405611,3,-0.00604065102903761
"random",1000,0.640765765765766,0.64527027027027,0.64527027027027,0.32032032032032,0.322822822822823,2,-0.32494994994995
"random",1000,0.988977949194658,0.988299755090366,0.979170949605821,0.980842971808577,0.985739488550028,1,-0.00813497738608127
"random",1000,0.862172640240525,0.830413960029775,0.844604730095219,0.913347252026849,0.868334326372372,4,0
"random",1000,0.957162946089292,0.935201356097355,0.948364720934048,0.953110860354788,0.947634932794062,1,-0.00405208573450411
"random",1000,0.932774871200927,0.933009505171932,0.909135637294709,0.904798514317664,0.966272614721035,5,-0.0614741004033708
"random",1000,0.918065179873132,0.893767942571213,0.9200050445902,0.927178933288958,0.942641334869735,5,-0.0154624015807777
"random",1000,0.979439123630673,0.984843818466354,0.98815524256651,0.955255086071988,0.988625978090767,5,-0.0333708920187793
"random",500,0.428421052631579,0.608671679197995,0.516441102756892,0.603057644110276,0.530426065162907,2,-0.00561403508771929
"random",500,0.959835172402618,0.95793382186143,0.953375644079331,0.955498270302677,0.946535845647806,1,-0.00433690209994164
"random",500,0.890042836744407,0.924559733460257,0.934977830105965,0.932694706781232,0.933968285778702,3,-0.00228312332473257
"random",500,0.905454016754447,0.909918166333407,0.908148407107789,0.922583652434535,0.922698006107575,5,-0.000114353673040024
"random",1000,0.829124022719778,0.884917906243207,0.862368186395638,0.888983776445902,0.84140518367027,4,0
"random",1000,0.895638615581525,0.904107600754753,0.904362703917593,0.911683724858044,0.916438320013723,5,-0.004754595155679
"random",1000,0.92644256196495,0.918026982206087,0.88539554479853,0.919279279279279,0.905602617542916,1,-0.00716328268567068
"random",1000,0.919820376121885,0.949100199310362,0.949803288009586,0.955536517815656,0.969641088503583,5,-0.0141045706879264
"random",300,0.859049990340604,0.837970922520854,0.870738938373056,0.781832565438358,0.890121406192158,5,-0.1082888407538
"random",300,0.866628664349197,0.8818359375,0.820123235020069,0.887050243692661,0.90518048487672,5,-0.0181302411840597
"random",300,0.534882264529058,0.476139779559118,0.455911823647295,0.476139779559118,0.463927855711423,1,-0.0587424849699398
"random",300,0.825766855509621,0.86008555351401,0.803262006839177,0.844009446400925,0.867032656220759,5,-0.0230232098198336
"random",300,0.865761705594291,0.870381706140431,0.854015719721105,0.849366136607744,0.906689756239646,5,-0.0573236196319018
"random",500,0.928705860682283,0.922415009945831,0.941336115029267,0.947774126023239,0.931720143235984,4,0
"random",500,0.941426185579434,0.962887296482115,0.946061294397055,0.942348205018014,0.930821825143732,2,-0.0205390914641009
"random",500,0.910133882321418,0.908011769290007,0.911796289421446,0.893560435222372,0.902872164933693,3,-0.0182358541990737
"random",500,0.932638895229102,0.955589524605751,0.966525848722661,0.973785428929545,0.88574769372032,4,0
"random",500,0.905859989301415,0.912268582759189,0.931463695194887,0.925683543081917,0.934060414831618,5,-0.00837687174970136
"random",1000,0.953201276520229,0.96325893649382,0.961395589929406,0.963415343307944,0.95827246668585,4,0
"random",1000,0.826227788406035,0.906069422605793,0.934264466719529,0.885403555815917,0.880345703644423,3,-0.0488609109036116
"random",1000,0.731546391752577,0.783591065292096,0.781357388316151,0.836215635738832,0.85210910652921,5,-0.015893470790378
"random",1000,0.396637417254954,0.690044203998153,0.741252666534714,0.772976182621891,0.689505399045546,4,0
"random",1000,0.88986779662986,0.917754808055344,0.968325791855204,0.976473056883462,0.958409086948693,4,0
"random",500,0.949781719518562,0.930463358094937,0.946356643725065,0.939151472046209,0.940818809239862,1,-0.0106302474723527
"random",500,0.964294669428961,0.954416999621829,0.958208988967263,0.966345323829724,0.971787702033904,5,-0.00544237820417959
"random",500,0.930589764763781,0.939459532244438,0.890431232639696,0.907927082849241,0.939623974766414,5,-0.0316968919171734
"random",500,0.935778937559276,0.933405153399943,0.944913595359404,0.94185400538168,0.944817789320453,3,-0.00305958997772338
"random",300,0.771880310633118,0.807118307346803,0.807118307346803,0.807118307346803,0.606432118307347,2,0
"random",300,0.832023142426181,0.829380430984145,0.829380430984145,0.829380430984145,0.830812318362434,1,-0.00264271144203621
"random",300,0.845864241249487,0.855012602114403,0.855012602114403,0.855012602114403,0.855012602114403,2,0
"random",300,0.950800212289185,0.937263828281637,0.923896685929945,0.939383771671188,0.955781342139403,5,-0.0163975704682155
"random",300,0.919072628526623,NA,NA,NA,NA,1,NA
"random",1000,0.921285653469561,0.87821897132242,0.904144123224583,0.894300863036495,0.8980355276907,1,-0.0269847904330662
"random",1000,0.919083164300203,0.882986342123056,0.948181203515889,0.916794050033807,0.947437457741717,3,-0.0313871534820824
"random",1000,0.79903894487523,0.85549122635797,0.846306213277001,0.858651542484031,0.851282543700304,4,0
"random",1000,0.866748279923139,0.869604743899667,0.869604743899667,0.869604743899667,0.862579805367879,2,0
"random",1000,0.945128121225637,0.933160101250627,0.941590185066887,0.91779691308557,0.936437511919041,1,-0.0273312081400668
"random",300,0.799565682993309,0.771639447314216,0.76651485448641,0.766330990307376,0.5530187268151,1,-0.0332346926859327
"random",300,0.759556997812031,0.783005957502602,0.783005957502602,0.783005957502602,0.783005957502602,2,0
"random",300,0.766634741893042,0.787200826174445,0.824674947759461,0.806056395596316,0.820004740345175,3,-0.0186185521631453
"random",300,0.887254084115398,0.885548603869772,0.859100335998146,0.802275518479898,0.833311319661685,1,-0.0849785656354999
"random",300,0.834167076264893,0.806008920819686,0.796765781781377,0.783455753438711,0.819048690893445,1,-0.0507113228261818
"random",300,0.784436652641421,0.852511103319308,0.868421575502571,0.851695301542777,0.874917017297803,5,-0.0232217157550257
"random",300,0.951740538707546,0.931365799612954,0.945850800109916,0.932819415454955,0.947924157648256,1,-0.0189211232525915
"random",300,0.88415265044876,0.786303809042566,0.686830770711519,0.68881590028634,0.83662985153637,1,-0.19533675016242
"random",300,0.955932480183782,0.93395872790404,0.906798014870932,0.936343688622334,0.926564363250561,1,-0.0195887915614479
"random",200,0.798889844771011,0.817474308709183,0.817474308709183,0.817474308709183,0.805191615190064,2,0
"random",200,0.953529601029601,0.930979193479193,0.936046224796225,0.92278314028314,0.936993243243243,1,-0.0307464607464608
"random",200,0.916109732298602,0.886014559707646,0.896504468595531,0.886235192727604,0.869982929426437,1,-0.0298745395709983
"random",200,0.487743871935968,0.723111555777889,0.723111555777889,0.700350175087544,0.553776888444222,2,-0.0227613806903452
"random",1000,0.92196999916603,0.95213210093254,0.947653277253002,0.967503785522874,0.956570733261056,4,0
"random",1000,0.910117598633965,0.923512116271616,0.917888369729848,0.915593422365715,0.897409635777597,2,-0.00791869390590183
"random",1000,0.941775963673706,0.924018503032545,0.941327273424377,0.954411309066755,0.954050698889466,4,0
"random",1000,0.873368692438666,0.94771048583701,0.931989348734618,0.944721770760777,0.940844845600186,2,-0.00298871507623255
"random",1000,0.923618281233051,0.934408784666005,0.941438405695208,0.935273551590729,0.935607004109903,3,-0.00616485410447909
"random",300,0.72412691807922,0.727453292063909,0.735047133770361,0.734189381883307,0.721205694985862,3,-0.00085775188705417
"random",300,0.873154718212218,0.93192210056276,0.909901695416361,0.889722748960117,0.913613286028872,2,-0.0421993516026424
"random",300,0.915208205128205,0.914524717948718,0.908680205128205,0.910091487179487,0.919992615384615,5,-0.00990112820512823
"random",300,0.916583510250005,0.910327245613918,0.911474692544497,0.916689548633667,0.92226493522729,5,-0.005575386593623
"random",200,0.882622271904171,0.869690757370138,0.89820814994782,0.889568062665253,0.872152282505125,3,-0.00864008728256693
"random",200,0.633917423232387,0.639504370092904,0.65777128789001,0.651099753807518,0.687292341227012,5,-0.0361925874194936
"random",200,0.561456821013396,NA,NA,NA,NA,1,NA
"random",200,0.747209019392751,0.710141223230281,0.76870792164589,0.740142419642288,0.753737233740062,3,-0.0285655020036016
"random",200,0.548942423765286,0.545294704246051,0.545294704246051,0.545294704246051,0.531281163071432,1,-0.00364771951923581
"random",300,0.9289250258601,0.861084243474523,0.858113690404224,0.864053117317535,0.866338545654831,1,-0.064871908542565
"random",300,0.955572,0.981125333333333,0.982312,0.960754,0.911199333333333,3,-0.021558
"random",200,0.492421875,0.606604817708333,0.661220703125,0.615084635416667,0.6010546875,3,-0.0461360677083333
"random",300,0.744673110156875,0.744869382889805,0.764617930391795,0.798070463506835,0.77914370834191,4,0
"random",300,0.79201978547694,0.81119643688238,0.713761351213863,0.696473411912416,0.860296186858027,5,-0.163822774945612
"random",300,0.943138096478992,0.959914108047069,0.97909992284542,0.953876506685879,0.907491147661603,3,-0.0252234161595414
"random",200,0.788687615263566,0.898223605978396,0.906902641004279,0.915133082690706,0.908830524284565,4,0
"random",200,0.923053558242691,0.924676356761682,0.878813805636001,0.882561494833753,0.890786117904593,2,-0.0421148619279292
"random",200,0.480904251984658,0.661003100227388,0.53630229496612,0.505785856352332,0.616254965207926,2,-0.155217243875056
"random",500,0.879043402793528,0.95689153787148,0.96042401865174,0.937877931092181,0.957524047984082,3,-0.0225460875595592
"random",500,0.720478862138638,0.765762564379418,0.676506096824822,0.793703402513445,0.83563402194538,5,-0.0419306194319349
"random",500,0.95826129954762,0.959129441599075,0.982336360828235,0.961712070786584,0.977541650889814,3,-0.0206242900416509
"random",500,0.933972108340453,0.925656545349675,0.949862504218213,0.94684932424832,0.954414583886787,5,-0.00756525963846633
"random",500,0.813313833365366,0.752889458805817,0.787794201262092,0.781599858254853,0.747531972740086,1,-0.0317139751105131
"random",500,0.890733651497245,0.912564567526631,0.87861956557695,0.921676946348182,0.888177514211622,4,0
"random",500,0.827226125878323,0.845447225625766,0.825616763771849,0.843579805456228,0.86186191893176,5,-0.018282113475532
"random",500,0.845117975117975,0.939745280995281,0.928344594594595,0.957442621192621,0.939368833118833,4,0
"random",500,0.724267602311593,0.798890199315957,0.875333765774266,0.827797499705154,0.897815190470574,5,-0.0700176907654204
"random",500,0.912836048995546,0.938592940414508,0.951036411462594,0.953705913098809,0.941584855922189,4,0
"random",500,0.944497576366921,0.973577670112651,0.978529448513999,0.982044329539364,0.968035018023983,4,0
"random",500,0.801825666976536,0.859845810821201,0.856248820515688,0.864140881100992,0.869971028370529,5,-0.00583014726953746
"random",500,0.903141429457219,0.921898040319093,0.910447897290003,0.932696215590952,0.926244926244926,4,0
"random",500,0.936977119135377,0.942993026139283,0.938182099013588,0.939843574780692,0.942250360753414,2,-0.00314945135859102
"random",500,0.67998709769909,0.525912120994911,0.490215755143,0.791412801949681,0.587484768116981,4,0
"random",500,0.82868626539403,0.932933381088825,0.941176540351809,0.935914343725687,0.911806912844646,3,-0.00526219662612193
"random",500,0.681530033803215,0.799071308687847,0.82898412981583,0.879592064805388,0.889450054390676,5,-0.00985798958528783
"random",500,0.691054765725542,0.779665323935428,0.739046187771321,0.72323786235246,0.706643547915613,2,-0.0564274615829674
"random",500,0.778368988512461,0.861743899273105,0.855010384215992,0.935572227089823,0.958139643367082,5,-0.0225674162772586
"random",1000,0.939026028869779,0.940421289542383,0.953336748502764,0.951334435465295,0.979322428785319,5,-0.0279879933200246
"random",1000,0.667970288238065,0.668742423423493,0.668742423423493,0.668742423423493,0.668742423423493,2,0
"random",1000,0.978467347984812,0.902185169300934,0.77303109865166,0.9361970313497,0.929267042542286,1,-0.0422703166351113
"random",1000,0.882935771592488,0.904640760163148,0.932060418627583,0.934385729012595,0.931872170678141,4,0
"random",1000,0.931676107288912,0.960272107138531,0.969508565484918,0.966885764293562,0.962224457059789,3,-0.00262280119135638
"random",500,0.902974290354583,0.878214705741167,0.864122803859447,0.895172791058628,0.923924131144393,5,-0.0287513400857654
"random",500,0.709312798051006,0.709857605052181,0.709857605052181,0.655205741585459,0.699230898818163,2,-0.054651863466722
"random",500,0.903902609749472,0.913552701686203,0.894285818759272,0.90592743789047,0.872106735410268,2,-0.00762526379573325
"random",500,0.635297992371792,0.681196502498468,0.676760289876629,0.635169320957268,0.534128617112826,2,-0.0460271815412002
"random",200,0.541523116448826,0.838593413532464,0.866207305969577,0.883173746624555,0.920819200654578,5,-0.037645454030023
"random",200,0.655502386056127,0.682655192218474,0.766569323111822,0.744949591196498,0.864656535401818,5,-0.11970694420532
"random",200,0.525134180096385,0.582833963253856,0.602740856785579,0.628078180396124,0.677088455828287,5,-0.049010275432163
"random",200,0.840214011929325,0.836564527351778,0.877759611633304,0.888704546094413,0.85764596932804,4,0
"random",200,0.770520612140294,0.803768867875187,0.708145482693334,0.847446102992709,0.696581554200358,4,0
"s_shaped",500,0.978563978563979,0.996655496655497,0.992899492899493,0.98010448010448,0.983144483144483,2,-0.0165510165510165
"s_shaped",500,0.989738773190794,0.990029426794949,0.989029959910886,0.979444916875077,0.979457968677682,2,-0.010584509919872
"s_shaped",500,0.73763922275641,0.80570562900641,0.80570562900641,0.80570562900641,0.751399238782051,2,0
"s_shaped",500,0.987540490779753,0.986109374859364,0.988551572677387,0.984549248489128,0.989335136146028,5,-0.00478588765690025
"s_shaped",500,0.988641457479508,0.988720002721568,0.988720002721568,0.987183117475666,0.987577844838627,2,-0.00153688524590156
"s_shaped",200,0.518908151545348,0.506251525738457,0.508586655941476,0.578782630793304,0.543693147483382,4,0
"s_shaped",200,0.888462465459702,0.84805369234908,0.839773521655254,0.831529353877664,0.842613751713889,1,-0.0569331115820381
"s_shaped",200,0.812637519802852,0.853295874605943,0.90960698340561,0.91810620729385,0.913560052647581,4,0
"s_shaped",200,0.786589677350959,0.756917086967523,0.944189246898875,0.931369195672676,0.70618944892332,3,-0.0128200512261983
"s_shaped",200,0.763480645906667,0.76938985366771,0.763787234510774,0.711251551698441,0.746604768778177,2,-0.0581383019692691
"s_shaped",1000,0.994803833963111,0.996795847875653,0.98251966468851,0.984868808578332,0.996353066809853,2,-0.0119270392973205
"s_shaped",1000,0.998312080459667,0.994893705606415,0.989524690264513,0.98960575844285,0.988701497959784,1,-0.00870632201681609
"s_shaped",1000,0.99222811917784,0.992251620329396,0.991954605775683,0.991428079975919,0.992355125401145,5,-0.000927045425225814
"s_shaped",1000,0.999216921692169,0.999491949194919,0.99980598059806,0.998971397139714,0.992249224922492,3,-0.000834583458345861
"s_shaped",1000,0.994757890185906,0.996686902531585,0.996958115162287,0.994131899409137,0.995595546908776,3,-0.00282621575315056
"s_shaped",1000,0.987961566616398,0.994690808869119,0.981291326487754,0.995731846346468,0.994285294270594,4,0
"s_shaped",1000,0.988877322037153,0.976472123553977,0.990334345349526,0.995097921566745,0.995559428950863,5,-0.000461507384118209
"s_shaped",1000,0.908890542248676,0.979165666650666,0.980667690683051,0.985046760748172,0.991906370501928,5,-0.00685960975375599
"s_shaped",1000,0.993752775544007,0.997162943937012,0.996785369932507,0.992545538925629,0.995276074110526,2,-0.00461740501138219
"s_shaped",1000,0.987649053232476,0.996133795003597,0.998074150700459,0.998960541598845,0.998682418946755,4,0
"s_shaped",1000,0.995769670855488,0.982912150781553,0.992610051570108,0.988980840244688,0.991927917871903,1,-0.00678883061079971
"s_shaped",1000,0.974434860871522,0.976572914322858,0.994834370859272,0.991975299382485,0.984428110702768,3,-0.00285907147678699
"s_shaped",1000,0.991078062825078,0.998157409713076,0.999538477385392,0.999484474739262,0.9978758959189,3,-5.40026461296472e-05
"s_shaped",1000,0.997743274327433,0.997502250225022,0.99479597959796,0.996985198519852,0.998332333233323,5,-0.00134713471347137
"s_shaped",1000,0.999847981605774,0.994340815238644,0.996411065738954,0.998785853088224,0.994690857593769,1,-0.00106212851755061
"s_shaped",300,0.948819484383986,0.947154609787202,0.947800255057388,0.957527443674827,0.954366232402291,4,0
"s_shaped",300,0.928040185019946,0.912419623958162,0.886396192366327,0.90071483160544,0.906825311400894,1,-0.0273253534145063
"s_shaped",300,0.700431742103914,0.805694030687424,0.805694030687424,0.822100831251201,0.732088158274073,4,0
"s_shaped",300,0.743434473737895,0.758541034164137,0.780850123400494,0.770929583718335,0.713661854647419,3,-0.00992053968215878
"s_shaped",300,0.93233951950108,0.940345167958605,0.928235687090654,0.941715278937594,0.959128689423843,5,-0.0174134104862493
"s_shaped",300,0.648837188355671,0.981767705881411,0.976532101167315,0.960412463371283,0.970256180845783,2,-0.021355242510128
"s_shaped",300,0.758601534406138,0.741755967023868,0.801985707942832,0.806578726314905,0.855126920507682,5,-0.0485481941927768
"s_shaped",300,0.792165017940646,0.961887627954606,0.895706245424835,0.963718193854979,0.85449826193743,4,0
"s_shaped",300,0.841038609559777,0.835337788641564,0.809016498375766,0.827679685874766,0.819257473076123,1,-0.0133589236850107
"s_shaped",300,0.803965315120671,0.664819693841623,0.740427049324627,0.75340637203124,0.782346280647846,1,-0.050558943089431
"s_shaped",500,0.982262008952014,0.975718036558226,0.975718036558226,0.966725513240479,0.979821959940987,1,-0.0155364957115351
"s_shaped",500,0.970732834691991,0.994610391429452,0.989337839514325,0.997511795709123,0.991681974075453,4,0
"s_shaped",500,0.988663449276087,0.987598709709685,0.983895876572229,0.996769273086444,0.985836313170463,4,0
"s_shaped",500,0.989986241400876,0.991132457786116,0.993249781113196,0.995023889931207,0.994918824265166,4,0
"s_shaped",500,0.987941730048211,0.987360252584595,0.993026277171926,0.992219921688358,0.989826398175333,3,-0.000806355483567889
"s_shaped",500,0.988323872871396,0.984838088569928,0.984706058863244,0.973463529294091,0.97491635618014,1,-0.0148603435773049
"s_shaped",500,0.984153673239194,0.991584422499322,0.979357639775051,0.982498281054367,0.969014441145003,2,-0.00908614144495512
"s_shaped",500,0.95726443161079,0.958587964699117,0.963972599314983,0.957630440761019,0.964792119802995,5,-0.00716167904197607
"s_shaped",500,0.957800505113651,0.941231277037333,0.972915906078868,0.983632317271386,0.951633617563952,4,0
"s_shaped",500,0.7822855,0.9513265,0.980788,0.9770755,0.974025,3,-0.00371250000000001
"s_shaped",500,0.626849774831761,0.777446473164326,0.908858117507518,0.982130052534255,0.967972405764867,4,0
"s_shaped",500,0.917335177362838,0.978303152850446,0.974201087217396,0.982562220995536,0.968333993343893,4,0
"s_shaped",500,0.968317342618803,0.981431398582129,0.982211979257997,0.982331721736516,0.989367970139533,5,-0.0070362484030162
"s_shaped",500,0.592248899559824,0.824355242096839,0.962175870348139,0.949409763905562,0.945808823529412,3,-0.012766106442577
"s_shaped",500,0.832226832226832,0.964329464329464,0.844371844371844,0.973148473148473,0.975798475798476,5,-0.00265000265000259
"s_shaped",500,0.963441154934199,0.974604271784058,0.981583533064713,0.983003493131775,0.982455315522229,4,0
"s_shaped",500,0.997989837176811,0.986919440474678,0.994012515013716,0.996144187679202,0.997543801047885,1,-0.00184564949760935
"s_shaped",500,0.648040813590389,0.860669294056556,0.898765947186061,0.919896625314792,0.961738759803936,5,-0.0418421344891448
"s_shaped",500,0.779477561192203,0.825325211707622,0.974182570572541,0.928438423783256,0.983286398310339,5,-0.0548479745270829
"s_shaped",500,0.915841068308245,0.975382841180526,0.978301992657786,0.988659043909008,0.981832327385819,4,0
"s_shaped",500,0.95132404791078,0.939907479182816,0.939907479182816,0.949958240604136,0.953277987547198,5,-0.00331974694306225
"s_shaped",500,0.95464390750938,0.954531753971187,0.954531753971187,0.937592063534979,0.94319323153397,1,-0.017051843974401
"s_shaped",500,0.995550839830234,0.995612842062314,0.995612842062314,0.995612842062314,0.995612842062314,2,0
"s_shaped",500,0.975874817866075,0.987489887004463,0.983110672422949,0.979356988492436,0.979280984768254,2,-0.00813289851202714
"s_shaped",500,0.977752685546875,0.971163390112705,0.971163390112705,0.966697817943135,0.969954193615522,1,-0.0110548676037397
"s_shaped",500,0.560476331955836,0.540213016899101,0.540213016899101,0.540213016899101,0.540213016899101,1,-0.0202633150567354
"s_shaped",500,0.989048790032417,0.987559537571097,0.989690329567166,0.971636145998785,0.988761548462257,3,-0.018054183568381
"s_shaped",500,0.980241887019231,0.980661057692308,0.978832131410256,0.978775540865385,0.973443008814103,2,-0.00188551682692306
"s_shaped",500,0.993061055907578,0.991963485663082,0.990462389592934,0.990504392281106,0.994297635048643,5,-0.00379324276753712
"s_shaped",500,0.998853206420844,0.997396833589399,0.994173508418155,0.958413353818578,0.965884766500224,1,-0.0404398526022662
"s_shaped",300,0.600569128053812,0.947349653672076,0.947730739416369,0.864722062464054,0.976246155384962,5,-0.111524092920907
"s_shaped",300,0.832657475669124,0.827756299226772,0.895133224796093,0.833289498421943,0.904935577680796,5,-0.0716460792588532
"s_shaped",300,0.753262475849724,0.93196951187178,0.958076322374536,0.956517998020953,0.927308546220951,3,-0.00155832435358305
"s_shaped",300,0.9001755,0.9496195,0.864306,0.9402255,0.955278,5,-0.0150524999999999
"s_shaped",300,0.85379623666452,0.969784912256841,0.971348968562868,0.971989991639699,0.986412510850391,5,-0.0144225192106916
"s_shaped",500,0.790813117318056,0.892276530488774,0.84234558111023,0.66111595004355,0.919284273558462,5,-0.258168323514912
"s_shaped",500,0.983249639059062,0.981926439086277,0.988000652345091,0.981256084468684,0.979188990976226,3,-0.00674456787640665
"s_shaped",500,0.750621681025493,0.879095574433268,0.94277376024771,0.96644225987069,0.955954400699491,4,0
"s_shaped",500,0.839294501722338,0.879108305227825,0.886023660637485,0.96803623510208,0.982093990422123,5,-0.0140577553200427
"s_shaped",500,0.983694933125922,0.98193938835076,0.96750312720508,0.983404263422926,0.993350178811983,5,-0.00994591538905643
"s_shaped",500,0.978831237924565,0.991096679480461,0.989954138348981,0.998728454224352,0.991627198579149,4,0
"s_shaped",500,0.991161420452784,0.992672934056407,0.986525378728409,0.993771443942995,0.989719907479167,4,0
"s_shaped",500,0.994381505019803,0.994796484736355,0.992621970998474,0.992788163116563,0.995372150205638,5,-0.00258398708907503
"s_shaped",500,0.984693081428846,0.983644813072146,0.983281219992318,0.989140720024326,0.973793291082517,4,0
"s_shaped",500,0.981196119611961,0.981874187418742,0.985972597259726,0.979523452345235,0.982092709270927,3,-0.00644914491449144
"s_shaped",300,0.786923033057578,0.779669834396969,0.779266656595559,0.748365028977779,0.797745305679805,5,-0.0493802767020256
"s_shaped",300,0.976431651539455,0.941262385445876,0.941262385445876,0.941262385445876,0.924648287338344,1,-0.0351692660935794
"s_shaped",300,0.987400836672579,0.977151247046758,0.975661481112773,0.960904035037292,0.898705430960491,1,-0.0264968016352872
"s_shaped",300,0.819449989044204,0.736734232408944,0.73160501905508,0.738287053851487,0.714003707961512,1,-0.081162935192717
"s_shaped",300,0.906535204449552,0.951993886966897,0.951993886966897,0.970122450694167,0.925607927739788,4,0
"s_shaped",200,0.512975974161117,0.506027972111937,0.663442642962346,0.462669497630635,0.462221239433914,3,-0.200773145331711
"s_shaped",200,0.601268120289925,0.637377198035169,0.742219375510008,0.589482931726908,0.767082773324373,5,-0.177599841597466
"s_shaped",200,0.590772018397732,0.577446969446837,0.555727980101474,0.584117498156525,0.598264982175571,5,-0.0141474840190461
"s_shaped",200,0.521806722689076,0.519655362144858,0.521817727090836,0.505336134453782,0.53140806322529,5,-0.0260719287715085
"s_shaped",200,0.833644341108528,0.817148928723218,0.843670591764794,NA,0.837212430310758,3,NA
"s_shaped",500,0.949600390800179,0.984994133993209,0.973018871324236,0.945546239349093,0.952422280415145,2,-0.0394478946441156
"s_shaped",500,0.940655363593089,0.961506114220112,0.962059634146829,0.95441335888092,0.978860738986604,5,-0.0244473801056838
"s_shaped",500,0.827987492182614,0.971405128205128,0.95751344590369,0.971855409631019,0.976727454659162,5,-0.00487204502814265
"s_shaped",500,0.746427771377368,0.920344402041731,0.972355730766769,0.970851634504608,0.963726178475422,3,-0.00150409626216075
"s_shaped",500,0.963026005106414,0.981017462414456,0.993349961346869,0.941795785458622,0.983686678620968,3,-0.051554175888247
"s_shaped",500,0.971875887787643,0.969396584493376,0.968466783237769,0.967770557660682,0.968497293122972,1,-0.00410533012696113
"s_shaped",500,0.990851766589931,0.989236312681413,0.988960064057652,0.98004854368932,0.987008307476729,1,-0.0108032229006105
"s_shaped",500,0.996470725932061,0.992663351469881,0.990680135528926,0.993107011631199,0.992875428029519,1,-0.00336371430086257
"s_shaped",500,0.983120621859717,0.984510023396762,0.985769387352945,0.986533608212773,0.983855834336123,4,0
"s_shaped",500,0.988976488976489,0.987519487519487,0.988409988409988,0.99033049033049,0.98968998968999,4,0
"s_shaped",300,0.842476169893874,0.836153325108983,0.943334523963177,0.990181305910827,0.917347776974019,4,0
"s_shaped",300,0.994752416038657,NA,NA,NA,NA,1,NA
"s_shaped",300,0.986240624062406,0.986654665466547,0.991396139613961,0.978809380938094,0.975575557555756,3,-0.0125867586758677
"s_shaped",300,0.998059498059498,0.995268995268995,0.996537496537497,0.990969990969991,0.93963493963494,1,-0.00708950708950706
"s_shaped",300,0.881733242396726,0.951252745098824,0.933276097939526,0.941769903716534,0.982513870499338,5,-0.0407439667828042
"s_shaped",500,0.986498516469046,0.955249736889802,0.988514276043904,0.968301604897104,0.975680706887729,3,-0.0202126711467999
"s_shaped",500,0.991197598917551,0.982991665465725,0.982663908504267,0.98266741125042,0.988966850010408,1,-0.00853018766713098
"s_shaped",500,0.998160992643971,0.995158980635923,0.99563598254393,0.99313547254189,0.996085484341937,1,-0.00502552010208046
"s_shaped",500,0.996684889845041,0.996125280430389,0.993402815666261,0.995502101788848,0.995301883751405,1,-0.00118278805619321
"s_shaped",500,0.981844737895158,0.961747198879552,0.957258903561425,0.964650360144058,0.963778511404562,1,-0.0171943777511004
"s_shaped",500,0.962067271666805,0.96296116587415,0.963206273966819,0.99754541752913,0.961535036951295,4,0
"s_shaped",500,0.991751888483452,0.991042206804942,0.987452787913706,0.974731531272006,0.975174144581013,1,-0.0170203572114461
"s_shaped",500,0.979365257373556,0.979386284624874,0.981265219724763,0.97974124465307,0.991274191351992,5,-0.0115329466989218
"s_shaped",500,0.990381884440604,0.991424451164875,0.989839349718382,0.989002796178955,0.988663774481567,2,-0.00242165498591906
"s_shaped",500,0.967447478823398,0.975240588621479,0.904797361131127,0.876011292853597,0.9707795911995,2,-0.099229295767882
"s_shaped",1000,0.99337583439586,0.993437335933398,0.994678866971674,0.996475911897797,0.995579889497237,4,0
"s_shaped",1000,0.986390445561782,0.984427937711751,0.978412413649655,0.986068944275777,0.991486965947864,5,-0.00541802167208671
"s_shaped",1000,0.963241669175023,0.976035784322059,0.981691835226517,0.987507887570988,0.981784836063525,4,0
"s_shaped",1000,0.989164456657827,0.993537474149897,0.984470437881751,0.992150968603874,0.990358461433846,2,-0.00138650554602215
"s_shaped",1000,0.99768371719309,0.992571264267631,0.99713921040003,0.99435456158437,0.996859693573417,1,-0.00332915560872049
"s_shaped",500,0.995027821001556,0.994736810525179,0.993809277133977,0.993919281094119,0.992396726282146,1,-0.00110853990743665
"s_shaped",500,0.98953712333644,0.989988139573025,0.989306615038141,0.988496085859091,0.988604589765232,2,-0.00149205371393379
"s_shaped",500,0.982536220579529,0.984069745115922,0.987114293828701,0.984421750748012,0.984601753628058,3,-0.00269254308068934
"s_shaped",500,0.912751593811483,0.92493007665522,0.897507202705573,0.876991012145425,0.872282706694609,2,-0.0479390645097952
"s_shaped",500,0.990471952543168,0.983889411710468,0.964936544827524,0.987107520512813,0.990616271343398,5,-0.00350875083058477
"s_shaped",500,0.95588139625425,0.94757491049973,0.972613467926526,0.974736753609786,0.974228826443039,4,0
"s_shaped",500,0.997795435631522,0.979779323506818,0.978386967063568,0.990774638307407,0.99347182878817,1,-0.00702079732411498
"s_shaped",500,0.957887655062025,0.964501800720288,0.961292016806723,0.948964585834334,0.949441776710684,2,-0.0155372148859544
"s_shaped",500,0.988784513805522,0.98203331332533,0.982236394557823,0.98093387354942,0.979199179671869,1,-0.00785064025610249
"s_shaped",500,0.950885088508851,0.884636463646365,0.983815881588159,0.971221122112211,0.982239223922392,3,-0.0125947594759476
"s_shaped",500,0.998312453234848,0.994094086484021,0.980452166501947,0.994721289697862,0.996188264997859,1,-0.00359116353698596
"s_shaped",500,0.995135094042178,0.995380164867647,0.994644452246699,0.987567406980617,0.995554215168184,5,-0.00798680818756625
"s_shaped",500,0.971225280632016,0.967913697842446,0.978556963924098,0.979352983824596,0.973011825295632,4,0
"s_shaped",500,0.980708491547295,0.982369800712976,0.979647836493942,0.984146235250187,0.98337639689622,4,0
"s_shaped",500,0.997789861269907,0.995188109363606,0.996079366937045,0.991816635007517,0.98285604539712,1,-0.00597322626238983
"s_shaped",500,0.555818521300225,0.521576247676062,0.521576247676062,0.521576247676062,0.521576247676062,1,-0.0342422736241635
"s_shaped",500,0.986057569134201,0.9895613160718,0.990288386094698,0.990978927479144,0.984812092680662,4,0
"s_shaped",500,0.978441595604075,0.972611511489578,0.982423702138431,0.977189933474808,0.966466260651885,3,-0.00523376866362302
"s_shaped",500,0.973165252995613,0.975160994480332,0.975735564003244,0.95061402429694,0.971279524822504,3,-0.0251215397063044
"s_shaped",500,0.971698669866987,0.963990899089909,0.974337433743374,0.971303630363036,0.964350435043504,3,-0.00303380338033798
"s_shaped",500,0.990526210484194,0.994616346538615,0.994404761904762,0.981843737494998,0.98358843537415,2,-0.0127726090436174
"s_shaped",500,0.992399992399992,0.985657985657986,0.993301493301493,0.993537993537994,0.992075492075492,4,0
"s_shaped",500,0.990548873496537,0.986564977119852,0.985521242279513,0.989137555950089,0.979665424720562,1,-0.00141131754644797
"s_shaped",500,0.947125178129453,0.973819845496137,0.97032025800645,0.983329583239581,0.975409385234631,4,0
"s_shaped",500,0.800689275710284,0.927172368947579,0.862909663865546,0.958098739495798,0.983512404961985,5,-0.0254136654661865
"s_shaped",500,0.983127578189455,0.984221105527638,0.987037675941899,0.962986074651866,0.978201455036376,3,-0.0240516012900323
"s_shaped",500,0.994228532511133,0.990563235622085,0.990374220311845,0.989066114355263,0.988857097424891,1,-0.0051624181558706
"s_shaped",500,0.986484039461403,0.988547949645794,0.990723409023379,0.986162897837947,0.99254621287988,5,-0.00638331504193346
"s_shaped",500,0.985616554899409,0.993357021319187,0.989754779301371,0.99058953057752,0.981290161145031,2,-0.00276749074166749
"s_shaped",500,0.991197493734336,0.987945864661654,0.954797493734336,0.98624962406015,0.985164411027569,1,-0.00494786967418548
"s_shaped",1000,0.993315788841943,0.992404055438192,0.985270729306703,0.99299270613277,0.988475549740734,1,-0.000323082709173472
"s_shaped",1000,0.996029428237666,0.994798751020147,0.994351186570866,0.994249171880751,0.995522855291162,1,-0.00178025635691548
"s_shaped",1000,0.989335433543354,0.988950895089509,0.989596459645965,0.986228622862286,0.988600360036004,3,-0.00336783678367836
"s_shaped",1000,0.994139415482228,0.994285980117232,0.994174430924037,0.994348007471295,0.992650258764115,4,0
"s_shaped",1000,0.998555963899098,0.998453961349034,0.999037975949399,0.999513987849696,0.999545988649716,5,-3.20008000199712e-05
"s_shaped",1000,0.99748033874168,0.996873299891193,0.997737355190732,0.998202384952637,0.997624347958269,4,0
"s_shaped",1000,0.98810595242381,0.98813545254181,0.994411477645911,0.994513478053912,0.994331977327909,4,0
"s_shaped",1000,0.957670285172396,0.941194947162881,0.955256503107007,0.974052092878092,0.965457308167846,4,0
"s_shaped",1000,0.98627338814444,0.986982445578092,0.987450483489163,0.989446145137756,0.990049193984713,5,-0.000603048846956611
"s_shaped",1000,0.997857991431966,0.998000492001968,0.998551994207977,0.998567994271977,0.999297997191989,5,-0.000730002920011685
"s_shaped",300,0.786282381722511,0.936088698990129,0.956506149539272,0.93244808372615,0.924943315420306,3,-0.0240580658131224
"s_shaped",300,0.461368053867446,0.466712483206438,0.466712483206438,0.466712483206438,0.506812959478372,5,-0.0401004762719341
"s_shaped",300,0.992846042146697,0.986180115527394,0.977170038882488,0.989353318612391,0.987854222670251,1,-0.00349272353430619
"s_shaped",300,0.946248646140337,0.959582226160319,0.959582226160319,0.822970160583007,0.796672530474968,2,-0.136612065577312
"s_shaped",300,0.962739634507369,0.971924957193836,0.9669222368021,0.933007353058841,0.914038121489494,2,-0.0389176041349953
"s_shaped",500,0.990673901627866,0.986354929859218,0.955474981870921,0.991388562426546,0.992067715235928,5,-0.000679152809382133
"s_shaped",500,0.964861778227133,0.980919565058688,0.978931967666416,0.980053522622608,0.982580146427175,5,-0.00252662380456647
"s_shaped",500,0.994027350683767,0.998397459936498,0.998293457336433,0.981434035850896,0.988161204030101,2,-0.0169634240856021
"s_shaped",500,0.982829070726768,0.983441086027151,0.986359658991475,0.989624740618515,0.991318782969574,5,-0.00169404235105874
"s_shaped",500,0.978412768902705,0.978234233909846,0.973959396041624,0.979880556589091,0.976956983568779,4,0
"s_shaped",300,0.784158546536745,0.969575513208211,0.974513592217475,0.944463111409783,0.984065245043921,5,-0.0396021336341381
"s_shaped",300,0.774365859146479,0.867229680742019,0.855922398059952,0.932636315907898,0.940854021350534,5,-0.008217705442636
"s_shaped",300,0.958321498295755,0.983578135251476,0.972966607191436,0.988448836632475,0.978746439487286,4,0
"s_shaped",300,0.924446921805997,0.938031825200571,0.958391667525626,0.93067646314163,0.947259051848798,3,-0.027715204383996
"s_shaped",300,0.824495067329373,0.940898266866964,0.849040510015364,0.851313422022059,0.948192658644742,5,-0.0968792366226835
"s_shaped",500,0.807189385091448,0.950709687388374,0.975745407551002,0.970329187386368,0.955991455255479,3,-0.00541622016463383
"s_shaped",500,0.930271872446852,0.961821656394908,0.977970801737216,0.970028230254072,0.982195339758058,5,-0.0121671095039856
"s_shaped",500,0.995094229016675,0.98882896725718,0.995494373468822,0.989694279634948,0.995341318215876,3,-0.00580009383387392
"s_shaped",500,0.847571004824254,0.961454023431517,0.939922575684921,0.935363610972349,0.914012860004545,2,-0.026090412459168
"s_shaped",500,0.986248304667715,0.979592000032006,0.992876603814348,0.988017151361667,0.989751991390312,3,-0.00485945245268071
"s_shaped",500,0.963280794454263,0.948491795113374,0.962185109283469,0.951651329074614,0.951425790958672,1,-0.0116294653796492
"s_shaped",500,0.978118207908546,0.978381385816812,0.991439713246154,0.986302240314453,0.990412018524523,3,-0.00513747293170186
"s_shaped",500,0.976198788407444,0.973289345748022,0.975804160548018,0.975307999791933,0.980977836819129,5,-0.00566983702719681
"s_shaped",500,0.937556462399918,0.933126008569779,0.92722440596303,0.926879253750904,0.933151019599643,1,-0.0106772086490142
"s_shaped",500,0.969875657417028,0.969399268266264,0.964034624966402,0.976054675433564,0.970995924114718,4,0
"s_shaped",200,0.728185063275694,0.609537511839501,0.931024843198501,0.789077854157353,0.820255123115807,3,-0.141946989041148
"s_shaped",200,0.599726529991678,0.727847328916203,0.925166842711734,0.881307614749376,0.893300684975354,3,-0.0438592279623584
"s_shaped",200,0.660690636803022,0.590316120926957,0.759798508418155,0.7379669195314,0.759950547340119,5,-0.021983627808719
"s_shaped",200,0.699867189242329,0.670304294647866,0.866822212599221,0.698522580329007,0.867510268331735,5,-0.168987688002728
"s_shaped",200,0.581956586327664,0.553658370671813,0.684984779505401,0.701145113385932,0.681451003812376,4,0
"s_shaped",300,0.988694027909508,0.990949119373777,0.98476862801596,0.984303402846978,0.999000016007748,5,-0.0146966131607699
"s_shaped",300,0.963098543928233,0.970154330002921,0.97579865876544,0.983919289849911,0.993386857341779,5,-0.00946756749186739
"s_shaped",300,0.979073930109028,0.987324794816458,0.976276950506818,0.981707323173959,0.987543410464136,5,-0.00583608729017648
"s_shaped",300,0.795051033064464,0.887861292490878,0.952740401542795,0.954412329556366,0.873453604122655,4,0
"s_shaped",300,0.899894379298342,0.933431952662722,0.908811126980888,0.944305583894443,0.952341658965157,5,-0.00803607507071391
"s_shaped",300,0.925936983648795,0.989492940616361,0.989110365631664,0.988632271925297,0.992641057647299,5,-0.00400878572200147
"s_shaped",300,0.948883448883449,0.982312982312982,0.983066483066483,0.991878991878992,0.974853974853975,4,0
"s_shaped",300,0.995472865704519,0.997628643940462,0.992529803258976,0.997908745056966,0.996320171581941,4,0
"s_shaped",300,0.821402086815702,0.823049071836005,0.807050218261842,0.905591231044891,0.896578159385259,4,0
"s_shaped",300,0.819951976926523,0.847936267921147,0.937586505536354,0.850867455517153,0.891241039426523,3,-0.0867190500192012
"s_shaped",500,0.937237930948274,0.969659741493537,0.936555413885347,0.950477261931548,0.971635290882272,5,-0.0211580289507238
"s_shaped",500,0.969626158875476,0.96158855469172,0.961913159863796,0.966136528235148,0.945304278586262,1,-0.00348963064032748
"s_shaped",500,0.949885408632516,0.951985666825724,0.95634924207639,0.941875016881094,0.955762030092864,3,-0.0144742251952955
"s_shaped",500,0.984899792259567,0.940447742674048,0.968396636126021,0.884704059944523,0.904320320536683,1,-0.100195732315045
"s_shaped",500,0.951555523995455,0.9790894888864,0.964671912755437,0.970732785521115,0.966893232625498,2,-0.0083567033652846
"s_shaped",1000,0.991780082804792,0.985112755461593,0.987660864725479,0.99220201486322,0.97716411605484,4,0
"s_shaped",1000,0.977267180398182,0.986899146181422,0.998375584149542,0.994045975769797,0.994606619294539,3,-0.00432960837974528
"s_shaped",1000,0.958599490538355,0.986258337258808,0.982255352897701,0.988923159702324,0.990198814056501,5,-0.00127565435417676
"s_shaped",1000,0.999980948484703,0.999378318974507,0.99991326546983,0.999965907814731,0.999686151353259,1,-1.50406699715999e-05
"s_shaped",1000,0.995406324018949,0.998104514755777,0.999409348793291,0.991356287209526,0.99458511378913,3,-0.00805306158376551
"s_shaped",500,0.981468036700918,0.970123753093827,0.959434985874647,0.975270881772044,0.960126503162579,1,-0.00619715492887318
"s_shaped",500,0.964523664401762,0.969300681873456,0.975648019984807,0.991338215439184,0.986713325907088,4,0
"s_shaped",500,0.984985624640616,0.987166679166979,0.983716092902323,0.988637715942899,0.978552963824096,4,0
"s_shaped",500,0.994806752172313,0.996010425501272,0.997948704613464,0.993993635083452,0.980484689795331,3,-0.00395506953001223
"s_shaped",500,0.979236979236979,0.994726994726995,0.986823986823987,0.993010493010493,0.97965697965698,2,-0.00171650171650173
"s_shaped",300,0.976093784844064,0.976318786869082,0.955636600729407,0.938535446819021,0.92827035443319,2,-0.0377833400500605
"s_shaped",300,0.993955139906479,0.992570328323873,0.98714310719912,0.996271661123753,0.995714535770548,4,0
"s_shaped",300,0.946446382854839,0.926949784855121,0.926949784855121,0.941363641365842,0.923482255674753,1,-0.00508274148899657
"s_shaped",300,0.980807445403078,0.972034234773017,0.938025980104388,0.97105315530558,0.9604327950564,1,-0.00975429009749784
"s_shaped",300,0.993676154685829,0.991589550872412,0.987610946190535,0.992959275456717,0.989937677031149,1,-0.000716879229112233
"s_shaped",200,0.770982598259826,0.905063506350635,0.901401140114011,0.932651765176518,0.917755775577558,4,0
"s_shaped",200,0.715745730907112,0.972064848601242,0.951100981851354,0.939183430958325,0.894701043467128,2,-0.0328814176429165
"s_shaped",200,0.591851185118512,0.717689268926893,0.963198819881988,0.928829882988299,0.952809780978098,3,-0.0343689368936894
"s_shaped",200,0.581807522549224,0.589107483298355,0.58128134061744,0.567293712651596,0.678302079495026,5,-0.111008366843429
"s_shaped",200,0.61798152737103,0.554811644264224,0.565466696703462,0.523952341618483,0.543540336912718,1,-0.0940291857525469
"s_shaped",500,0.993342303703081,0.995003223726628,0.986796737028004,0.98583412424763,0.996582048848469,5,-0.0107479246008385
"s_shaped",500,0.927584033129182,0.992975983948542,0.966454898871607,0.884039342908485,0.985092569485995,2,-0.108936641040058
"s_shaped",500,0.990808227079903,0.991849731011581,0.990615949430978,0.990125741570828,0.993891178862277,5,-0.00376543729144896
"s_shaped",500,0.986689446757787,0.979064416257665,0.982582430329721,0.978374413497654,0.991628466513866,5,-0.0132540530162121
"s_shaped",500,0.984416859751738,0.980284322558903,0.980683326149935,0.972780255022295,0.979210812897316,1,-0.0116366047294426
"s_shaped",500,0.991567267794765,0.990571445148228,0.992672125768749,0.989728672089757,0.988641819949664,3,-0.00294345367899196
"s_shaped",500,0.984384735163548,0.98421122110891,0.985021786764728,0.985887356875907,0.977541180835648,4,0
"s_shaped",500,0.996679540387172,0.994900026107545,0.994608441839692,0.99343410245561,0.988582700400416,1,-0.00324543793156218
"s_shaped",500,0.994240026564489,0.994024990223348,0.996516411273505,0.97927349722103,0.995622260161967,3,-0.0172429140524748
"s_shaped",500,0.988621862186219,0.989172417241724,0.990192519251925,0.986072107210721,0.988173317331733,3,-0.00412041204120417
"s_shaped",300,0.995093455841103,0.969174222568003,0.98852339671057,0.991836426527839,0.984979864818783,1,-0.00325702931326377
"s_shaped",300,0.989936442798519,0.989803823441097,0.989871884696227,0.984179761785607,0.962982684415974,1,-0.0057566810129116
"s_shaped",300,0.991137300565504,0.984603441842505,0.990396032967901,0.988852975924309,0.984758997998277,1,-0.00228432464119555
"s_shaped",300,0.996241996798719,0.996357543017207,0.994946978791517,0.996419567827131,0.995178571428571,4,0
"s_shaped",300,0.929148523923414,0.910397604907818,0.903255040706764,0.903562129455413,0.921550828189347,1,-0.0255863944680013
"s_shaped",200,0.987861791766876,0.986844936591674,0.990729703680796,0.834225083295051,0.842454504238064,3,-0.156504620385744
"s_shaped",200,0.705544236976049,0.63188228810669,0.927194195819093,0.922674431979004,0.889419311863705,3,-0.00451976384008901
"s_shaped",200,0.833154828870722,0.64651166279157,0.711816795419886,0.659718992974824,0.569037725943149,1,-0.173435835895897
"s_shaped",200,0.969497401906469,0.950659223732054,0.947073094631407,0.958539007404267,0.942244920817149,1,-0.010958394502202
"s_shaped",200,0.955305868041639,0.970994293382996,0.975364913094883,0.976434213182978,0.967618137820677,4,0
"s_shaped",1000,0.987716823014384,0.997666541588493,0.996747967479675,0.997388367729831,0.997142213883677,2,-0.000278173858661579
"s_shaped",1000,0.977205930148254,0.974420360509013,0.993482837070927,0.993699842496062,0.994260356508913,5,-0.000560514012850399
"s_shaped",1000,0.998283890168971,0.999383460541475,0.999378460221454,0.999230450748848,0.999563972094214,5,-0.000333521345366017
"s_shaped",1000,0.928409241082692,0.964793301056021,0.963874238619845,0.985048716316061,0.994416545526629,5,-0.00936782921056745
"s_shaped",1000,0.916183416183416,0.95040795040795,0.986357986357986,0.987962987962988,0.985665985665986,4,0
"s_shaped",200,0.969831517304277,0.910928074849198,0.910928074849198,0.910928074849198,0.910928074849198,1,-0.0589034424550793
"s_shaped",200,0.844503884626007,0.671732591231673,0.574041552089212,0.645052055189308,0.68932998707126,1,-0.199451829436699
"s_shaped",200,0.902937160861194,0.904244455002375,0.904244455002375,0.904244455002375,0.904244455002375,2,0
"s_shaped",200,0.897690308719032,0.792458369342552,0.961468135842776,0.815408744638627,0.801851774054158,3,-0.146059391204148
"s_shaped",200,0.979631001919094,NA,NA,NA,NA,1,NA
"s_shaped",300,0.977009700970097,0.991719171917192,0.994033403340334,0.987492749274927,0.992573757375738,3,-0.0065406540654066
"s_shaped",300,0.966596346344093,0.957128110023797,0.944834057042485,0.960950714756565,0.966245244875769,1,-0.00564563158752873
"s_shaped",300,0.99309000301087,0.984726585983349,0.986220017585082,0.990258684759896,0.986049468296338,1,-0.00283131825097449
"s_shaped",300,0.964053464053464,0.984875984875985,0.973444973444973,0.962072462072462,0.940842940842941,2,-0.0228035228035227
"s_shaped",300,0.991532788319708,0.990037250931273,0.990373759343984,0.983479086977174,0.990698767469187,1,-0.00805370134253358
"s_shaped",1000,0.995985463869175,0.999327993951946,0.996339467055203,0.999646496818471,0.997770979938819,4,0
"s_shaped",1000,0.991360189843721,0.994261969528562,0.999374224032799,0.999201147706138,0.995902192867054,3,-0.000173076326660082
"s_shaped",1000,0.995322209453398,0.996888974236646,0.99692097964556,0.994772116487686,0.994598087076716,3,-0.00214886315787377
"s_shaped",1000,0.992212247755745,0.995172913905629,0.997318396639244,0.998309119551899,0.997190867945288,4,0
"s_shaped",1000,0.958699628296655,0.975869782828045,0.982813345320108,0.984538360845248,0.993502441521974,5,-0.00896408067672605
"s_shaped",300,0.958347334733473,0.961833183318332,0.963782378237824,0.96951895189519,0.973906390639064,5,-0.00438743874387437
"s_shaped",300,0.986831274485388,0.9898077775144,0.978330837911607,0.987284851139843,0.989589240581658,2,-0.00252292637455731
"s_shaped",300,0.987268904074371,0.964061026030397,0.967284189592443,0.965125410273109,0.982852309683796,1,-0.0221434938012622
"s_shaped",300,0.988157840546212,0.989959427871716,0.989959427871716,0.989736929074616,0.990107090730288,5,-0.000370161655672274
"s_shaped",300,0.985875036036902,0.993374215196361,0.968956711672753,0.977338794926004,0.990369638509834,2,-0.0160354202703569
"s_shaped",500,0.99429779472061,0.994583805016981,0.994694809013124,0.985610481977351,0.994523802856903,3,-0.00908432703577322
"s_shaped",500,0.975862344937975,0.978723489395758,0.998771508603441,0.970999399759904,0.975907863145258,3,-0.0277721088435373
"s_shaped",500,0.984677035359456,0.984636522233204,0.984866096615303,0.985676859302414,0.98557832737807,4,0
"s_shaped",500,0.99636694187107,0.979526172418759,0.974838097409559,0.979007164114626,0.989247827965247,1,-0.017359777756444
"s_shaped",500,0.998496975951615,0.997079453271252,0.997127454039265,0.993617397878366,0.995875934014944,1,-0.00487957807324924
"s_shaped",200,0.864589031711569,0.887068352536555,0.826280428714726,0.683866393177847,0.915863184917978,5,-0.231996791740131
"s_shaped",200,0.943285989121202,0.925636705787252,0.74921740487555,0.867839217094739,0.718683939617371,1,-0.0754467720264637
"s_shaped",200,0.619799326011084,0.564899482687461,0.522452105514127,0.675512604233868,0.845715842746605,5,-0.170203238512737
"s_shaped",200,0.940018969181084,0.800187290648674,0.897409846365641,0.934254679264764,0.886451542546593,1,-0.0057642899163195
"s_shaped",200,0.518597411273152,0.5414825326441,0.547366820974228,0.612684521541556,0.536529789959708,4,0
"s_shaped",1000,0.988316488316488,0.987434987434987,0.988457488457488,0.989230489230489,0.98955198955199,5,-0.000321500321500245
"s_shaped",1000,0.962320962320962,0.988598488598489,0.984893984893985,0.988433488433488,0.988515988515989,2,-0.000165000165000206
"s_shaped",1000,0.988833648871513,0.986688389295105,0.988376593567822,0.988314086004407,0.986883912953467,1,-0.000519562867106971
"s_shaped",1000,0.998622206390881,0.99809790439293,0.997793729188012,0.998295017930328,0.998088398917777,1,-0.000327188460553351
"s_shaped",1000,0.993984133715255,0.997945704181402,0.99593991534781,0.988086784496968,0.99519530812437,2,-0.00985891968443464
"s_shaped",200,0.507845767426786,0.500121034979109,0.689145162952093,0.542826876967444,0.544849961638914,3,-0.14631828598465
"s_shaped",200,0.504709301395289,0.536057807699693,0.495753728238607,0.609231490815412,0.653755840373784,5,-0.0445243495583717
"s_shaped",200,0.685008630393996,0.830611131957473,0.830091307066917,0.801717073170732,0.931645278298937,5,-0.129928205128205
"s_shaped",200,0.624968999503992,0.683702939247028,0.70714981439703,0.726065117041873,0.705341785468568,4,0
"s_shaped",200,0.676481179902288,0.701798382675987,0.772509793172988,0.75874133219163,0.797137272476282,5,-0.0383959402846522
"s_shaped",500,0.981072329650967,0.981647834830513,0.991689925209327,0.979486315376838,0.98099332893996,3,-0.0122036098324885
"s_shaped",500,0.982992050855323,0.987585712342577,0.984565277399946,0.988292314093229,0.977496759533373,4,0
"s_shaped",500,0.985118195579958,0.982102658835513,0.983767130649486,0.984116699865697,0.984667170930306,1,-0.00100149571426122
"s_shaped",500,0.976885122116336,0.98404696381575,0.982321972928909,0.987401307488013,0.982870765385216,4,0
"s_shaped",500,0.995371500366119,0.994060575626503,0.99173182111004,0.991794841528655,0.993864512101921,1,-0.00357665883746339
"s_shaped",200,0.819556112897806,0.811043476695627,0.934759956159299,0.810075961215379,0.827164734635754,3,-0.124683994943919
"s_shaped",200,0.985953929368502,0.98666868739615,0.990042905488882,0.899874354642026,0.898265773944394,3,-0.0901685508468557
"s_shaped",200,0.693351081923651,0.847220054506381,0.781779381220511,0.706211306272236,0.700690634266985,2,-0.141008748234145
"s_shaped",200,0.708260321774574,0.711605760599477,0.717095762811089,0.723352323844082,0.728841325326163,5,-0.00548900148208042
"s_shaped",200,0.98036476040798,0.982665561453589,0.957475523606389,0.992606966450702,0.970717032041824,4,0
"s_shaped",500,0.974808593109352,0.975564620326332,0.975010600381614,0.974967098815557,0.974613586089099,2,-0.000597521510774413
"s_shaped",500,0.98058410270571,0.980967288167473,0.977492106179391,0.982107840194654,0.985393930662441,5,-0.00328609046778638
"s_shaped",500,0.995705258819799,0.996239413190412,0.994962544175267,0.996604518705906,0.995471191174249,4,0
"s_shaped",500,0.980860062143045,0.988350429171029,0.989785499489475,0.983816707018644,0.978639953357714,3,-0.00596879247083115
"s_shaped",500,0.976853533458412,0.981866666666667,0.985559974984365,0.986264415259537,0.984992620387742,4,0
"s_shaped",500,0.985963485963486,0.985981985981986,0.96984896984897,0.967567467567468,0.955595955595956,2,-0.0184145184145184
"s_shaped",500,0.986169052146932,0.987249524572115,0.987187969172255,0.981002402161946,0.994058152337103,5,-0.0130557501751576
"s_shaped",500,0.753759704924296,0.730226857449751,0.842737471234019,0.758710804007285,0.78511849933842,3,-0.0840266672267345
"s_shaped",500,0.990429531047021,0.973218187691197,0.985005765282499,0.971718614212096,0.986758351159207,1,-0.0187109168349249
"s_shaped",500,0.750662899152309,0.716422194993874,0.874840839188817,0.730715911079993,0.763543797354405,3,-0.144124928108824
"s_shaped",200,0.87248398993596,0.904211616846467,0.921635186540746,0.914751659006636,0.879639518558074,3,-0.00688352753411015
"s_shaped",200,0.986139467128701,0.973210460787097,0.971802887581753,0.961501919737226,0.958867861682607,1,-0.0246375473914749
"s_shaped",200,0.963349593495935,0.939169480925579,0.974819262038774,0.931793871169481,0.949064165103189,3,-0.0430253908692932
"s_shaped",200,0.947755947755948,0.941699941699942,0.941593941593942,0.942259442259442,0.918990418990419,1,-0.00549650549650549
"s_shaped",200,0.964353975821914,0.966899906084128,0.973573033842719,0.970368992359709,0.978026286442409,5,-0.00765729408269999
"s_shaped",1000,0.984323496703789,0.999088941692268,0.988313252048131,0.999127444156426,0.994049119143625,4,0
"s_shaped",1000,0.990633755342731,0.99192392411644,0.996279746253452,0.986195294289701,0.981778870280942,3,-0.0100844519637511
"s_shaped",1000,0.985176197087856,0.991311684985935,0.992212476842497,0.989241514250617,0.987848062772338,3,-0.00297096259187968
"s_shaped",1000,0.977702270227023,0.967235723572357,0.961907190719072,0.965397539753975,0.968912891289129,1,-0.0123047304730474
"s_shaped",1000,0.981113574565154,0.985852306763031,0.995658287256076,0.995136761701323,0.991281072772566,3,-0.000521525554752156
"s_shaped",500,0.989855452587868,0.987689093422737,0.992302117005419,0.989290337177186,0.991281005014461,3,-0.00301177982823297
"s_shaped",500,0.994234607177226,0.994028324776619,0.992987900435697,0.991037229967826,0.991785254012743,1,-0.00319737720939972
"s_shaped",500,0.982419874871992,0.982471878200205,0.984113983294931,0.983428939452125,0.989134304595494,5,-0.00570536514336917
"s_shaped",500,0.976024616393862,0.956649306388902,0.962867905886494,0.94441261060177,0.956191799068785,1,-0.0316120057920927
"s_shaped",500,0.959592110645388,0.890718276911506,0.961108794164094,0.990007290882197,0.984455619129915,4,0
"s_shaped",500,0.832584285394265,0.970295098886329,0.970341601862519,0.982356370807732,0.972578245007681,4,0
"s_shaped",500,0.9403365,0.910119,0.913189,0.983636,0.9806645,4,0
"s_shaped",500,0.795837496037306,0.878518047384322,0.941153116502709,0.950620080383939,0.943518232393387,4,0
"s_shaped",500,0.996724051646482,0.99272295065559,0.992399659693724,0.985251226103493,0.994042137924132,1,-0.0114728255429887
"s_shaped",500,0.98108062622466,0.991951802980457,0.994590958450707,0.995359313829595,0.991959817117395,4,0
"s_shaped",300,0.979503762135437,0.977857202859303,0.965722266001576,0.978353720733946,0.979647267301623,5,-0.00129354656767644
"s_shaped",300,0.966840201561814,0.984644861803756,0.981758835829523,0.982368341315072,0.981052829475465,2,-0.00227652048868443
"s_shaped",300,0.989276481520959,0.985482791027254,0.987765210542066,0.982662419094458,0.984537996455019,1,-0.00661406242650076
"s_shaped",300,0.985407258403824,0.978343798460484,0.990284361613887,0.987822518923381,0.981818427706474,3,-0.00246184269050609
"s_shaped",300,0.989733133541333,0.989230150174317,0.990548917509727,0.990287165966494,0.989688590735697,3,-0.000261751543233046
"s_shaped",300,0.979682427940084,0.980189853297914,0.980230467382879,0.981128489928208,0.98031420259509,4,0
"s_shaped",300,0.989542832685323,0.983864241827869,0.991279360469768,0.980986695787133,0.967598981583705,3,-0.0102926646826349
"s_shaped",300,0.98195895106273,0.974746732197741,0.968612695545547,0.980949280428392,0.981413358857647,1,-0.00100967063433721
"s_shaped",300,0.981000564815594,0.972825760398015,0.981105215931806,0.981155788959257,0.975812573355926,4,0
"s_shaped",300,0.987094696242238,0.985954904455541,0.98323120718904,0.988287001472377,0.981075155239741,4,0
"s_shaped",500,0.982962119931714,0.986531909084636,0.98740898012739,0.987712504712882,0.986302890534133,4,0
"s_shaped",500,0.97873596839921,0.980855521388035,0.981982049551239,0.972115802895072,0.980606015150379,3,-0.00986624665616642
"s_shaped",500,0.984539918910727,0.986597161575329,0.98889749199461,0.993633201585773,0.987803096917987,4,0
"s_shaped",500,0.979584773702068,0.996006477658281,0.995355811087638,0.995740409544843,0.993404311503745,2,-0.000266068113437101
"s_shaped",500,0.974506632416768,0.96755762415338,0.96936064522647,0.977351954714913,0.98273200955076,5,-0.00538005483584747
"s_shaped",500,0.986900672516813,0.988676216905423,0.978486462161554,0.975334883372084,0.980447011175279,2,-0.0133413335333383
"s_shaped",500,0.998626494505978,0.997889491557966,0.998206992827971,0.997030988123953,0.996956987827951,1,-0.00159550638202555
"s_shaped",500,0.981605938975881,0.988987598091644,0.985761940241709,0.990233897748349,0.986077395759477,4,0
"s_shaped",500,0.960243151969981,0.970237898686679,0.972966103814884,0.971284052532833,0.949552470293934,3,-0.00168205128205134
"s_shaped",500,0.9843665,0.9670945,0.986116,0.9772525,0.9736985,3,-0.00886350000000002
"s_shaped",500,0.977434548635948,0.934047414909975,0.975513201321783,0.959964344275826,0.970292398947936,1,-0.0174702043601228
"s_shaped",500,0.926563614197318,0.905220531684334,0.971963107536012,0.865093676334836,0.936926868151046,3,-0.106869431201175
"s_shaped",500,0.988626314926036,0.989901728159924,0.985667356223416,0.984983134535589,0.988082638774963,2,-0.00491859362433433
"s_shaped",500,0.953566952559421,0.972917767794221,0.952452311166635,0.946351063489013,0.947252987058748,2,-0.0265667043052085
"s_shaped",500,0.986479119234632,0.989758681812907,0.985667356223416,0.986949271563987,0.971846878388598,2,-0.00280941024892067
"s_shaped",1000,0.96558444935119,0.987232295716731,0.98453075249204,0.983859741755868,0.978493155890494,2,-0.00337255396086333
"s_shaped",1000,0.974978972455667,0.976793191976229,0.986493365697249,0.990294825673907,0.99160098371903,5,-0.00130615804512346
"s_shaped",1000,0.992211749195517,0.991694099594783,0.986585623245118,0.99115444363421,0.977012856715591,1,-0.00105730556130723
"s_shaped",1000,0.998271237615789,0.998489834016801,0.997988612978323,0.990666383875289,0.997195763331629,2,-0.00782345014151231
"s_shaped",1000,0.99809595239881,0.998532963324083,0.996201905047626,0.991670791769794,0.998208955223881,2,-0.00686217155428892
"s_shaped",1000,0.984649684716245,0.992260034030628,0.993061755580022,0.99384796316685,0.986105995395856,4,0
"s_shaped",1000,0.971094083610097,0.981371087183272,0.980791058761879,0.979303485870808,0.987678396241416,5,-0.00837491037060822
"s_shaped",1000,0.987634410215326,0.987935961177439,0.993315870382095,0.98362173207272,0.982112977093129,3,-0.00969413830937427
"s_shaped",1000,0.977765799892199,0.988432395891563,0.977990801917217,0.97827080443724,0.977119794078147,2,-0.0101615914543232
"s_shaped",1000,0.984712416398371,0.98187843745593,0.992045655715816,0.97754070437904,0.982769087975868,3,-0.0145049513367759
"s_shaped",300,0.891347776547334,0.866129672811885,0.914830253721594,0.944161842425115,0.838511702724684,4,0
"s_shaped",300,0.967269982197082,0.852595949911386,0.963337711428431,0.937129251986924,0.969338807454984,5,-0.0322095554680604
"s_shaped",300,0.667546222958269,0.760426667306708,0.956436211917563,0.950945860535074,0.930265536994368,3,-0.00549035138248843
"s_shaped",300,0.989737843221966,0.848844326036866,0.943361375128008,0.855354242671531,0.970108586949565,1,-0.134383600550435
"s_shaped",300,0.895944285948647,0.964124876459973,0.974837347300525,0.977438690135604,0.960931341754728,4,0
"s_shaped",500,0.943142361111111,0.952766477054531,0.952766477054531,0.952766477054531,0.952766477054531,2,0
"s_shaped",500,0.987292309910256,0.997285361878331,0.987897008942337,0.986305669353773,0.991298440997793,2,-0.0109796925245584
"s_shaped",500,0.992348083115718,0.991438404171807,0.988204713308448,0.986016377224883,0.990170761306653,1,-0.00633170589083454
"s_shaped",500,0.905183598059839,0.900432224913,0.900432224913,0.915005936715711,0.916824462269596,5,-0.00181852555388506
"s_shaped",500,0.975688278530832,0.981451820252731,0.978434989830515,0.968839258112828,0.966193091153199,2,-0.0126125621399037
"s_shaped",1000,0.96014246014246,0.99028749028749,0.995981995981996,0.993145493145493,0.997781997781998,5,-0.00463650463650467
"s_shaped",1000,0.99355208905511,0.993169886870154,0.998304102870418,0.989264320825717,0.999163057257289,5,-0.00989873643157235
"s_shaped",1000,0.97822211259245,0.97919323851695,0.988471827822432,0.990498307423272,0.989161693218463,4,0
"s_shaped",1000,0.984136154461785,0.984496798719488,0.988885054021609,0.99515656262505,0.990881852741096,4,0
"s_shaped",1000,0.960942094209421,0.983130313031303,0.991844184418442,0.995699069906991,0.995046504650465,4,0
"s_shaped",1000,0.981440863505933,0.985334521534139,0.985740090075223,0.986395700873448,0.987075315728358,5,-0.000679614854910415
"s_shaped",1000,0.994569060093868,0.99492908925623,0.997331283833991,0.994991094278637,0.995388626478745,3,-0.00234018955535398
"s_shaped",1000,0.997866808846066,0.99898967265394,0.999874959486874,0.999931977960859,0.999937479743437,5,-5.50178257752165e-06
"s_shaped",1000,0.99505225756062,0.994655238106667,0.995016755821035,0.995304769933727,0.995727790661742,5,-0.000423020728015699
"s_shaped",1000,0.989530453045305,0.992711771177118,0.995774077407741,0.996140114011401,0.995727572757276,4,0
"s_shaped",500,0.969914,0.9637465,0.9637465,0.9637465,0.973945,5,-0.0101985
"s_shaped",500,0.979202312820815,0.97616978552807,0.96124015116136,0.964265678391106,0.992511432602893,5,-0.0282457542117879
"s_shaped",500,0.983189135855839,0.979670257093795,0.966779542971048,0.965549711605045,0.965582233589907,1,-0.0176394242507936
"s_shaped",500,0.966380954097717,0.980355633534824,0.985426956525222,0.963400650539379,0.956100108556756,3,-0.0220263059858435
"s_shaped",500,0.983643738299813,0.995100421606746,0.995698431174899,0.994369409910559,0.992456879310069,3,-0.0013290212643402
"s_shaped",300,0.980932288245566,0.970837205017703,0.970837205017703,0.970837205017703,0.966221723353466,1,-0.0100950832278632
"s_shaped",300,0.928798222496355,0.925078902257325,0.925078902257325,0.894933834249187,0.928424237812205,1,-0.0338643882471683
"s_shaped",300,0.880226798370668,0.811135701991861,0.811135701991861,0.824300768362237,0.821502041665375,1,-0.0559260300084307
"s_shaped",300,0.975674943196365,0.974132344470046,0.975420926939324,0.977864583333333,0.97558843766001,4,0
"s_shaped",300,0.970837742301366,0.981753129157653,0.977248723860284,0.976020386200572,0.973815985608327,2,-0.00573274295708026
"s_shaped",500,0.950214844121603,0.963144044196505,0.951137607384509,0.950103691954285,0.958507697037244,2,-0.0130403522422196
"s_shaped",500,0.995808896481093,0.995658874877982,0.989179441839625,0.991892332495879,0.991158226784657,1,-0.00391656398521389
"s_shaped",500,0.991786967147869,0.991377965511862,0.989693458773835,0.990379461517846,0.989144456577826,1,-0.00140750563002257
"s_shaped",500,0.949762191438892,0.954187850762627,0.955318891480093,0.941651899468381,0.958297498709954,5,-0.0166455992415726
"s_shaped",500,0.982080372335102,0.981296166549895,0.981692523270944,0.974037633870483,0.974708237413672,1,-0.00804273846461812
"s_shaped",1000,0.998436192238227,0.998531302185326,0.998864187000172,0.992667023078679,0.996828333553588,3,-0.00619716392149328
"s_shaped",1000,0.996900905011788,0.996938430378936,0.997187098478572,0.996907909746989,0.998576037401283,5,-0.00166812765429436
"s_shaped",1000,0.992975650053657,0.993830753521176,0.990684872869617,0.988825147842889,0.996224543169724,5,-0.00739939532683453
"s_shaped",1000,0.996931232389857,0.996498983414447,0.996737120581455,0.996059730404713,0.985093914094518,1,-0.000871501985143519
"s_shaped",1000,0.99618819287353,0.995889384896761,0.997328275657378,0.996392244629478,0.996068870225089,3,-0.00093603102789952
"s_shaped",200,0.893566479049406,0.786298936835522,0.786298936835522,0.786298936835522,0.683528705440901,1,-0.107267542213884
"s_shaped",200,0.924222774595627,0.950323418630995,0.741401187202549,0.893697639604373,0.947707650371651,2,-0.056625779026622
"s_shaped",200,0.930145311995167,0.961841472185462,0.96611570743945,0.876535318707106,0.931265135624195,3,-0.0895803887323436
"s_shaped",200,0.65999115999116,0.675184675184675,0.714549214549214,0.818363818363818,0.732666232666233,4,0
"s_shaped",200,0.517110281376186,0.5568104962802,0.542522080687053,0.684012562080047,0.722220554748498,5,-0.0382079926684514
"s_shaped",300,0.937301927794462,0.933820257192602,0.932326183983015,0.932638199271764,0.921508153899541,1,-0.0046637285226977
"s_shaped",300,0.662893804663483,0.650179714877071,0.650179714877071,0.650179714877071,0.650179714877071,1,-0.0127140897864129
"s_shaped",300,0.68543972417634,0.694867071547271,0.680522458252322,0.706494617451937,0.695620838629737,4,0
"s_shaped",300,0.840881352541016,0.868729491796719,0.868729491796719,0.868729491796719,0.838947579031613,2,0
"s_shaped",300,0.506787832603798,0.546967301397769,0.546967301397769,0.546967301397769,0.528867914527812,2,0
"s_shaped",1000,0.993525474101896,0.988507454029816,0.993977475909904,0.991447465789863,0.991000964003856,3,-0.00253001012004039
"s_shaped",1000,0.992424492556562,0.989821115370031,0.992579574594961,0.989351867137716,0.990310874452585,3,-0.00322770745724488
"s_shaped",1000,0.992629815745394,0.987802695067377,0.992745818645466,0.985035625890647,0.992242806070152,3,-0.00771019275481888
"s_shaped",1000,0.992953736726027,0.99152627175971,0.982894436639168,0.984691151218223,0.984707662379769,1,-0.00826258550780334
"s_shaped",1000,0.978380487804878,0.980042526579112,0.974173858661664,0.973470419011882,0.975954971857411,2,-0.00657210756722948
"s_shaped",500,0.8859520401396,0.847225348125608,0.887634526378123,0.739926338711888,0.775848220135619,3,-0.147708187666236
"s_shaped",500,0.935244417199755,0.963617172554553,0.942730484574361,0.92444932004388,0.869400324602921,2,-0.0391678525106727
"s_shaped",500,0.990930378879496,0.9879180083044,0.973605872097036,0.993329572246379,0.991801630671264,4,0
"s_shaped",500,0.991138439008874,0.988156077106284,0.987543400042612,0.99001161335626,0.989985605840088,1,-0.00112682565261357
"s_shaped",500,0.972081919185451,0.979961457799693,0.981823530353484,0.986030953829406,0.981326744204662,4,0
"s_shaped",500,0.951835669931502,0.951998711670188,0.962021777575059,0.95186217671724,0.98128020773318,5,-0.0294180310159401
"s_shaped",500,0.96370812350669,0.996058712422638,0.991454287570355,0.996976094026359,0.997634726972621,5,-0.000658632946261339
"s_shaped",500,0.96684486737947,0.981465925863703,0.989020456081824,0.980771423085692,0.987927451709807,3,-0.008249032996132
"s_shaped",500,0.8856541566118,0.963548857647101,0.976694220002481,0.982528543815207,0.976455604512584,4,0
"s_shaped",500,0.981604564685728,0.991251586072185,0.991353154732599,0.983386269117924,0.998656591856095,5,-0.015270322738171
"s_shaped",500,0.989712881466436,0.992505328619073,0.989512274630758,0.994003861681587,0.995468793099125,5,-0.00146493141753801
"s_shaped",500,0.949957691707575,0.949648631131702,0.873549215646267,0.947563722489608,0.956263427631816,5,-0.00869970514220786
"s_shaped",500,0.99482198219822,0.999531453145315,0.987918291829183,0.999029402940294,0.995781578157816,2,-0.000502050205020477
"s_shaped",500,0.982724471280347,0.979603846835188,0.981574003737143,0.979629868719593,0.979399675126782,1,-0.00309460256075356
"s_shaped",500,0.99017701770177,0.977291229122912,0.987701770177018,0.986930693069307,0.992960796079608,5,-0.00603010301030105
"s_shaped",300,0.925390415591573,0.957012951226233,0.954149152032867,0.937389714171197,0.950204163430948,2,-0.0196232370550364
"s_shaped",300,0.634320235223734,0.977217452896727,0.97142039639481,0.972793001713756,0.981424308119881,5,-0.00863130640612519
"s_shaped",300,0.701072481249331,0.732669321115269,0.59034626851938,0.739494974650716,0.79997969656872,5,-0.0604847219180041
"s_shaped",300,0.869309477237909,0.968581874327497,0.98500644002576,0.981454425817703,0.979248916995668,3,-0.00355201420805684
"s_shaped",300,0.83830523130134,0.930857792509327,0.922507245680614,0.880390726329442,0.859800583657588,2,-0.0504670661798851
"s_shaped",500,0.971170971170971,0.992780992780993,0.995171995171995,0.997880997880998,0.996923996923997,4,0
"s_shaped",500,0.983155421947005,0.997691352246544,0.978907150057604,0.983175423227087,0.993825104806708,2,-0.0145159290194573
"s_shaped",500,0.995096995096995,0.999203499203499,0.999159999159999,0.999001999001999,0.999385499385499,5,-0.000383500383500324
"s_shaped",500,0.976610853931843,0.984592745044507,0.991839100115906,0.992020609009841,0.990551537025314,4,0
"s_shaped",500,0.979323432343234,0.988702370237024,0.994654465446545,0.995852085208521,0.995602560256026,4,0
"s_shaped",1000,0.99809454881799,0.998382343519764,0.998389350695112,0.996399813408931,0.998219676949196,3,-0.00198953728618112
"s_shaped",1000,0.98980005221509,0.98988457664265,0.991375007377132,0.990543767148706,0.990786337251466,3,-0.000831240228426067
"s_shaped",1000,0.99041099041099,0.988785988785989,0.988702988702989,0.990963990963991,0.991536991536991,5,-0.000573000573000471
"s_shaped",1000,0.996191939071025,0.997941467063473,0.994583413334613,0.996279940479048,0.999175986815789,5,-0.00289604633674134
"s_shaped",1000,0.991880517542623,0.990955905664585,0.997184659343781,0.992070040474897,0.992356575145593,3,-0.0051146188688832
"s_shaped",200,0.903639632756695,0.953354580191222,0.943962995666961,0.952277070493634,0.971592744334699,5,-0.0193156738410646
"s_shaped",200,0.886117753900409,0.875466953915212,0.9821749875729,0.977490695927612,0.961192941607132,3,-0.00468429164528805
"s_shaped",200,0.882624891937756,0.8328857421875,0.675140380859375,0.923821120965676,0.890252285316342,4,0
"s_shaped",200,0.733742459517409,0.773443000352023,0.805260536674347,0.836773053475422,0.948097678251408,5,-0.111324624775986
"s_shaped",200,0.638060839963227,0.626687234091507,0.823587315020722,0.757254869007712,0.794449796376492,3,-0.0663324460130107
"s_shaped",300,0.863787827405693,0.974076641667642,0.972206966714984,0.983329982123547,0.980072306102503,4,0
"s_shaped",300,0.97904175741502,0.98080753612343,0.98080753612343,0.98080753612343,0.970493987848641,2,0
"s_shaped",300,0.820738704841118,0.586300084714317,0.586300084714317,0.586300084714317,0.586300084714317,1,-0.234438620126801
"s_shaped",300,0.867350724626087,0.924335276069938,0.861523014828534,0.980550299810793,0.936115700165206,4,0
"s_shaped",300,0.935860555680072,0.938315469710553,0.93169915871542,0.939314545178022,0.938728707735656,4,0
"s_shaped",300,0.949104841685844,0.950315488174069,0.94719211024534,0.948071216617211,0.946595538060105,2,-0.00224427155685836
"s_shaped",300,0.994962471362886,0.991892492670501,0.9899289479165,0.99620257854179,0.991021363687339,4,0
"s_shaped",300,0.968040468040468,0.92978242978243,0.938082438082438,0.925492425492425,0.897084397084397,1,-0.0425480425480426
"s_shaped",300,0.976547124753996,0.973487575801213,0.982397218355494,0.980462187394998,0.982944727115634,5,-0.0024825397206355
"s_shaped",300,0.965382232325265,0.977167057542298,0.96532667893846,0.961132648475185,0.960145199536755,2,-0.0160344090671135
"s_shaped",200,0.930517358154946,0.902180361539439,0.91124135743863,0.908311565400342,0.936434467600212,5,-0.0281229021998701
"s_shaped",200,0.993653765812988,0.985755662219444,0.994950162851112,0.979858257918892,0.952852824873191,3,-0.0150919049322197
"s_shaped",200,0.920679516987925,0.980890522263057,0.776275406885172,0.767838695967399,0.738459461486537,2,-0.213051826295657
"s_shaped",200,0.980480391852807,0.938383327047228,0.957709349823272,0.974240640122294,0.955405333752185,1,-0.00623975173051317
"s_shaped",200,0.962883351533406,0.902924111696447,0.917563170252681,0.957871331485326,0.896166584666339,1,-0.0050120200480801
"s_shaped",300,0.995128193839652,0.995428867027408,0.991782766873719,0.992603239465932,0.992284555904201,2,-0.00282562756147531
"s_shaped",300,0.969119871540107,0.976732161323681,0.977165633374745,0.980478741349329,0.961728322142814,4,0
"s_shaped",300,0.934279006632917,0.862922884713682,0.862922884713682,0.780762140258535,0.759174901546547,1,-0.153516866374382
"s_shaped",300,0.99541122449694,0.995898806898366,0.994455062905631,0.988656582962521,0.991030984236336,2,-0.00724222393584517
"s_shaped",300,0.987120266208845,0.989308825471528,0.987777584350826,0.989712520860096,0.98772355820217,4,0
"s_shaped",500,0.974720595529528,0.975281604505672,0.973140570249124,0.971819549112786,0.972959067345078,2,-0.00346205539288635
"s_shaped",500,0.988526141826923,0.973097956730769,0.971537960737179,0.98247796474359,0.977000200320513,1,-0.00604817708333338
"s_shaped",500,0.991140986488015,NA,NA,NA,NA,1,NA
"s_shaped",500,0.987116536195303,0.984710449576185,0.984710449576185,0.989623126432552,0.98381191722902,4,0
"s_shaped",500,0.990318004799733,0.9938037631585,0.993903799271537,0.994015339537573,0.995313308104226,5,-0.00129796856665254
"s_shaped",300,0.93137419627775,0.961160800456855,0.948428259819438,0.862727890074699,0.898675739764512,2,-0.0984329103821562
"s_shaped",300,0.942726970375743,0.958155185747659,0.948099948308817,0.94848813306673,0.951854070580504,2,-0.00966705268092916
"s_shaped",300,0.836723387574201,0.807491919870718,0.881829609273748,0.822176654826477,0.872634962159395,3,-0.0596529544472713
"s_shaped",500,0.988162190626646,0.978852528899922,0.980888186764964,0.979472905539256,0.980008024273427,1,-0.00868928508738931
"s_shaped",500,0.904706919885963,0.903474658049843,0.957512993305144,0.952009858094689,0.954340744922801,3,-0.00550313521045553
"s_shaped",500,0.958818629367664,0.977893301039709,0.976633789704107,0.977574798173184,0.975104275938483,2,-0.000318502866525794
"s_shaped",500,0.979076714542136,0.961715808515473,0.961441509804177,0.961586167336229,0.966985547260967,1,-0.0174905472059073
"s_shaped",500,0.980469106324285,0.975137304668509,0.975049594075375,0.98209200289896,0.98259922072897,5,-0.000507217830009843
"s_shaped",300,0.868935723393085,0.956779919497987,0.947442686067152,0.941772044301108,0.926568664216605,2,-0.01500787519688
"s_shaped",300,0.987188872254741,0.98657634224077,0.98585580693454,0.993208167200193,0.96566831774757,4,0
"s_shaped",300,0.942581731769375,0.948615600646493,0.948615600646493,0.943702393144613,0.953787845449745,5,-0.0100854523051319
"s_shaped",300,0.779460058749358,0.58569183728451,0.650420790021623,0.596820764382626,0.676786392102388,1,-0.182639294366732
"s_shaped",300,0.983490141127014,0.982858072265039,0.982858072265039,0.980922830547493,0.984480032028826,5,-0.00355720148133321
"s_shaped",300,0.977254747824487,0.974810952125207,0.960561227908577,0.967264038948713,0.967928119302436,1,-0.00999070887577391
"s_shaped",300,0.960027478575517,0.959053820382579,0.958196240658685,0.958251277863836,0.957477754962355,1,-0.00177620071168116
"s_shaped",500,0.917424317463938,0.967221159993637,0.974566045438037,0.95221171999988,0.988138725385729,5,-0.035927005385849
"s_shaped",500,0.958019599587567,0.97830974308919,0.967387358376028,0.977490176704313,0.974770956447472,2,-0.000819566384877235
"s_shaped",500,0.939290600957788,0.986864925525403,0.881455765330005,0.905660509459854,0.978474280959068,2,-0.0812044160655488
"s_shaped",500,0.940936812537316,0.945137222059713,0.974204496732236,0.921436914717562,0.898565569664889,3,-0.0527675820146739
"s_shaped",500,0.732782269888977,0.857488147532074,0.939192360775412,0.977496074198401,0.962852759170462,4,0
"s_shaped",500,0.96841659839202,0.955506437824055,0.979083449125134,0.949625314738621,0.978533250503432,3,-0.0294581343865135
"s_shaped",500,0.938816520307189,0.922823348074648,0.973936773909981,0.96542363968976,0.963519009672671,3,-0.0085131342202206
"s_shaped",500,0.989423712607431,0.988940630966633,0.988940630966633,0.988940630966633,0.987553396524013,1,-0.000483081640797356
"s_shaped",500,0.994632645403377,0.993447404627892,0.992517323327079,0.992982113821138,0.993589993746091,1,-0.00165053158223893
"s_shaped",500,0.988895125521401,0.989729566940912,0.990765114745701,0.991531520174172,0.991482494239453,4,0
"s_shaped",500,0.976649909596055,0.983169222345569,0.980678225134403,0.981447385706449,0.985559436457008,5,-0.00411205075055832
"s_shaped",500,0.993769493769494,0.996061496061496,0.992341992341992,0.992484492484492,0.988972988972989,2,-0.00357700357700363
"s_shaped",500,0.994419941994199,0.993480348034803,0.989342934293429,0.981898689868987,0.988750375037504,1,-0.0125212521252126
"s_shaped",500,0.993411708694904,0.986636880828642,0.990429624206344,0.990431124500402,0.977939176078511,1,-0.0029805841945022
"s_shaped",500,0.96048096048096,0.97026197026197,0.982517982517983,0.983288983288983,0.996675996675997,5,-0.0133870133870134
"s_shaped",200,0.726070638542988,0.83994623806457,0.907087655155586,0.719916917009012,0.798579748870959,3,-0.187170738146573
"s_shaped",200,0.635219852155014,0.755981760917595,0.645923161014211,0.660013542288647,0.881117408842094,5,-0.221103866553448
"s_shaped",200,0.84812130917826,0.929429486537884,0.925452907616855,0.932539285356821,0.925687618856971,4,0
"s_shaped",200,0.82892872321808,0.940495012375309,0.858188954723868,0.910097752443811,0.895086877171929,2,-0.0303972599314983
"s_shaped",200,0.883596859492393,0.895614832686646,0.917285095392568,0.892937558954538,0.875117408931181,3,-0.0243475364380306
"s_shaped",300,0.587416646999292,0.500555019980719,0.509619346296467,0.541415990975675,0.586441611898028,1,-0.0460006560236168
"s_shaped",300,0.975452906164567,0.964541029736102,0.948970504060745,0.976899383983573,0.892726483102577,4,0
"s_shaped",300,0.828898044037421,0.849463113232936,0.893504035279558,0.766775648060795,0.824237988953128,3,-0.126728387218763
"s_shaped",300,0.969195204263055,0.978250494511597,0.969850550941448,0.965388190352697,0.971047183960315,2,-0.0128623041589
"s_shaped",300,0.869539825858433,0.671159040431364,0.748298734688612,0.83012247110224,0.860557245015205,1,-0.0394173547561928
"s_shaped",1000,0.953080308030803,0.974969496949695,0.980341534153415,0.972783778377838,0.983022302230223,5,-0.0102385238523852
"s_shaped",1000,0.993144124993995,0.998936165954108,0.998952678900258,0.998949176154105,0.998798057677219,3,-3.50274615301682e-06
"s_shaped",1000,0.998682915706605,0.997616347446237,0.990146869399642,0.989161806355607,0.986400629640297,1,-0.00952110935099837
"s_shaped",1000,0.992113182780466,0.992521380348088,0.991813537752272,0.995951540545624,0.994915539120935,4,0
"s_shaped",1000,0.99277164471897,0.993055325837335,0.993563044870735,0.992515028583629,0.993586100226644,5,-0.0010710716430149
"s_shaped",300,0.976332367443647,0.967911517033812,0.986077480628842,0.970718633933146,0.979833884317367,3,-0.0153588466956968
"s_shaped",300,0.943113952102276,0.933984623446444,0.799021264765532,0.959287534351237,0.944986519514703,4,0
"s_shaped",300,0.976088878752961,0.975902330996735,0.983174692721337,0.971558719032072,0.982643056622495,3,-0.0116159736892644
"s_shaped",300,0.947058552895439,0.964956577661625,0.946270919785444,0.913966460331796,0.57456460141764,2,-0.0509901173298287
"s_shaped",300,0.96069089757771,0.968507530579201,0.965103941230222,0.930504456628032,0.900684725628817,2,-0.0380030739511695
"s_shaped",1000,0.99910348565577,0.99878998063969,0.998169470711531,0.998218971503544,0.998199971199539,1,-0.000884514152226346
"s_shaped",1000,0.990355758893972,0.990718267956699,0.993818345458636,0.997382434560864,0.994971874296857,4,0
"s_shaped",1000,0.969051296862283,0.989557127712078,0.980232973708368,0.980168403391293,0.975375684120007,2,-0.00938872432078541
"s_shaped",1000,0.995957983831935,0.990954963819855,0.99061446245785,0.985054940219761,0.990296961187845,1,-0.0109030436121744
"s_shaped",1000,0.961354468905245,0.929110519677826,0.943346925630432,0.968123612890578,0.948565307536974,4,0
"s_shaped",500,0.98082054185896,0.979796590296321,0.988654996853612,0.981215215910216,0.991765868748118,5,-0.0105506528379015
"s_shaped",500,0.925933482758586,0.980778751609022,0.98750988917127,0.970416000304051,0.985080978685398,3,-0.0170938888672185
"s_shaped",500,0.932877067382122,0.990016221825711,0.983212261738808,0.973551218838533,0.98291554543262,2,-0.0164650029871777
"s_shaped",500,0.889970186392554,0.984051570239999,0.968915238743888,0.986110319348641,0.969483807540712,4,0
"s_shaped",500,0.811189070163147,0.897055349814833,0.83951956761085,0.868611250125113,0.982636372735462,5,-0.114025122610349
"s_shaped",1000,0.997384966589303,0.993073343194199,0.98317690232532,0.983170388542155,0.988854415944138,1,-0.0142145780471478
"s_shaped",1000,0.997831945798645,0.99078326958174,0.993954848871222,0.993965849146229,0.99540838520963,1,-0.00386609665241633
"s_shaped",1000,0.989890411945458,0.98631499663914,0.987108199699123,0.987569817873376,0.986728102394213,1,-0.0023205940720824
"s_shaped",1000,0.995263457371116,0.995263457371116,0.994097946881522,0.99420044780403,0.994262448362035,1,-0.00106300956708605
"s_shaped",1000,0.99785626520876,0.994779492987961,0.999873427094006,0.996332387455174,0.99583960361168,3,-0.00354103963883201
"s_shaped",500,0.929336557878281,0.945313758025106,0.983275673588836,0.989179671364461,0.981066300204735,4,0
"s_shaped",500,0.995202268018755,0.995264290408838,0.995264290408838,0.995264290408838,0.995264290408838,2,0
"s_shaped",500,0.974396769570926,0.98407985671871,0.984259858338725,0.980850827657449,0.983783354050186,3,-0.00340903068127618
"s_shaped",500,0.995684650456687,0.995854164187299,0.989848677742897,0.989993689488849,0.994153026395138,2,-0.00586047469845064
"s_shaped",500,0.987248030018762,0.990371982489056,0.981855659787367,0.988179111944966,0.979722326454034,2,-0.00219287054409012
"s_shaped",300,0.976493995615719,0.979421682987711,0.961426031266001,0.982458377336149,0.964032198060676,4,0
"s_shaped",300,0.740991437286833,0.742670753871035,0.773047569294327,0.721067316776353,0.801803614033402,5,-0.0807362972570496
"s_shaped",300,0.974386171262943,NA,0.965960747366305,NA,0.971624704575073,1,NA
"s_shaped",300,0.987962189655293,0.988783826733333,0.983386287734397,0.984623004434534,0.979481631724114,2,-0.00416082229879922
"s_shaped",300,0.868760820578678,NA,0.855693112135951,0.894550679064762,0.867363084361257,4,0
"s_shaped",500,0.997353105892796,0.997402196661627,0.995415022376374,0.992935437624167,0.996925815833476,2,-0.00446675903746019
"s_shaped",500,0.992744273782269,0.99694198319516,0.994937644461914,0.995614758894253,0.996246865720307,2,-0.00132722430090693
"s_shaped",500,0.989301592858393,0.987913780600635,0.988295366457453,0.988189842714611,0.987931284539021,1,-0.0011117501437824
"s_shaped",500,0.993632363236324,0.991957195719572,0.990443544354435,0.992239223922392,0.995731073107311,5,-0.00349184918491841
"s_shaped",500,0.949171584668839,0.949276630994269,0.950415133073686,0.950458152045052,0.96277158226778,5,-0.0123134302227282
"s_shaped",300,0.953468384775546,0.938667555136667,0.94114936801568,0.939175824010902,0.903845134075926,1,-0.0142925607646446
"s_shaped",300,0.796563726838539,0.798267610212298,0.80912355279938,0.902903153209472,0.862918156585232,4,0
"s_shaped",300,0.887033433203595,0.961936129700669,0.9981484333436,0.986081998951962,0.991937709757551,3,-0.0120664343916381
"s_shaped",300,0.590984331716065,0.753920073337497,0.740430997902355,0.896562404925462,0.759514959728427,4,0
"s_shaped",300,0.975004100803758,0.954487079467576,0.947404691319499,0.973995403099007,0.973116230781233,1,-0.00100869770475009
"s_shaped",300,0.781441532973797,0.918255264297379,0.846466118195064,0.94049146442318,0.940277462497162,4,0
"s_shaped",300,0.787886151544606,0.672175688702755,0.717031868127473,0.714846859387438,0.723833395333581,1,-0.0730392921571686
"s_shaped",300,0.661779344691009,0.704500684801998,0.878175775517003,0.696942351577045,0.832051934903292,3,-0.181233423939958
"s_shaped",300,0.812843936661135,0.920086651281112,0.881676285138935,0.94364315517902,0.903918814692104,4,0
"s_shaped",300,0.742583564589115,0.886893172329308,0.973058826470662,0.971552788819721,0.983123578089452,5,-0.0115707892697318
"s_shaped",300,0.953850315401262,0.988318453273813,0.985071940287761,0.987328949315797,0.976658906635626,2,-0.000989503958015781
"s_shaped",300,0.975864113825821,0.987073793180691,0.982358717739484,0.985231263700219,0.988021308340933,5,-0.00279004464071431
"s_shaped",300,0.9667895,0.965984,0.970844,0.9721965,0.967854,4,0
"s_shaped",300,0.963511790152784,0.934264709559651,0.965105648770973,0.942378535170413,0.959565402215498,3,-0.0227271136005601
"s_shaped",300,0.927787103021379,0.892425645909275,0.920181638850988,0.920654792152657,0.824547653439714,1,-0.00713231086872146
"s_shaped",1000,0.993170390726252,0.993953403254452,0.997275956415303,0.995075421206739,0.994977419638714,3,-0.00220053520856334
"s_shaped",1000,0.970590882363529,0.991407965631863,0.989176456705827,0.987534950139801,0.987416449665799,2,-0.00387301549206198
"s_shaped",1000,0.985861522198731,0.987766472868217,0.991005289416362,0.992475294701775,0.982935525978602,4,0
"s_shaped",1000,0.98031381069129,0.976586233421459,0.997361237397608,0.983361691528852,0.979970211391092,3,-0.0139995458687561
"s_shaped",1000,0.977481429197342,0.989987958680528,0.977557126084947,0.988344183220557,0.987826336300718,2,-0.00164377545997141
"s_shaped",1000,0.993273257837282,0.993542767539631,0.999086467112816,0.993461764623526,0.993015748566948,3,-0.00562470248928959
"s_shaped",1000,0.996321172263759,0.98962666599985,0.989616663749344,0.989903728338876,0.996459203320747,5,-0.00655547498187092
"s_shaped",1000,0.993878065973502,0.992782646309617,0.990035586119611,0.993353886637082,0.989688636472869,1,-0.000524179336420016
"s_shaped",1000,0.996678896254664,0.989690917679461,0.996048902339434,0.993250708555508,0.994165425693744,1,-0.00342818769915609
"s_shaped",1000,0.993918550224024,0.993596655903482,0.98947811068559,0.988481389702385,0.992673525068209,1,-0.00543716052163901
"s_shaped",1000,0.995930332660644,0.995775173777949,0.985887048337498,0.982676260490743,0.983880493625472,1,-0.0132540721699019
"s_shaped",1000,0.986896486896487,0.985791485791486,0.978523978523979,0.964818464818465,0.983664983664984,1,-0.0220780220780221
"s_shaped",1000,0.990718376923608,0.98687791222738,0.984941177882524,0.995030898738747,0.997264168964445,5,-0.0022332702256973
"s_shaped",1000,0.986953673841846,0.986652666316658,0.989112227805695,0.987398684967124,0.989691242281057,5,-0.00229255731393285
"s_shaped",1000,0.983157078926973,0.987573689342234,0.989528738218455,0.984537113427836,0.982948073701843,3,-0.00499162479061976
"s_shaped",500,0.995467881508816,0.99468356306952,0.993188049110555,0.993813600662714,0.993816605714206,1,-0.0016542808461022
"s_shaped",500,0.988694488025103,0.988399318007172,0.991566142097848,0.965641209336578,0.960873463114754,3,-0.0259249327612705
"s_shaped",500,0.982450001251533,0.941507346499462,0.941507346499462,0.977240619759205,0.977698680884083,1,-0.00520938149232808
"s_shaped",500,0.94333283992895,0.946124741962843,0.948005012721832,0.94218317437711,0.925953337280568,3,-0.00582183834472161
"s_shaped",500,0.975777903111612,0.979232916931668,0.976390905563622,0.976584906339625,0.980051920207681,5,-0.00346701386805548
"s_shaped",300,0.982167042663258,0.987010085791336,0.988696059849575,0.987836543663022,0.969674505828281,3,-0.000859516186553111
"s_shaped",300,0.996932628848091,0.998206282960238,0.998515320353763,0.998364302080552,0.994441827461123,3,-0.000151018273211068
"s_shaped",300,0.978402266844302,0.983330732823633,0.979144412304812,0.987150981592392,0.987944637148881,5,-0.000793655556489026
"s_shaped",300,0.984418610465262,0.982431060776519,0.983071076776919,0.978315457886447,0.978203455086377,1,-0.00610315257881444
"s_shaped",300,0.992308569736168,0.983671594838627,0.98951195888832,0.977477527055584,0.991641185322746,1,-0.014831042680584
"s_shaped",200,0.963386463386463,0.944578444578445,0.982282482282482,0.992039492039492,0.943105943105943,4,0
"s_shaped",200,0.594119347074124,0.592536332826995,0.598012382111439,0.627940151461363,0.675147576328187,5,-0.0472074248668238
"s_shaped",200,0.727366563846514,0.770907097791167,0.774010206000376,0.726018799684738,0.798064420626443,5,-0.0720456209417045
"s_shaped",200,0.600260006500163,0.654224855621391,0.728683217080427,0.600711017775444,0.564438110952774,3,-0.127972199304983
"s_shaped",200,0.9031775,0.9542205,0.943342,0.9759055,0.9766735,5,-0.000767999999999991
"s_shaped",500,0.996123941847626,0.990203089244851,0.970700780912451,0.987131146885151,0.991765314205246,1,-0.00899279496247463
"s_shaped",500,0.979349814148327,0.95234807113264,0.967393706543359,0.974091766825901,0.971452743074688,1,-0.00525804732242585
"s_shaped",500,0.981990041193337,0.983363152415346,0.982285065090272,0.981250481288984,0.981952538155591,2,-0.00211267112636127
"s_shaped",500,0.91169173274724,0.92126378284137,0.906330223718147,0.899566535456319,0.916700945495161,2,-0.0216972473850507
"s_shaped",500,0.970663450277484,0.972029115522978,0.977845819344141,0.959543104715671,0.962124917114971,3,-0.01830271462847
"s_shaped",300,0.822754759932947,0.815179275137927,0.748167140759589,0.791219579037491,0.838293805585895,5,-0.0470742265484035
"s_shaped",300,0.942822771291085,0.976176904707619,0.966152364609458,0.787749650998604,0.931746726986908,2,-0.188427253709015
"s_shaped",300,0.625423125423125,0.62001562001562,0.623393623393623,0.696208696208696,0.575070575070575,4,0
"s_shaped",300,0.750622062206221,0.73992499249925,0.71523902390239,0.801137113711371,0.771266126612661,4,0
"s_shaped",300,0.892484120924154,0.952670997156927,0.925244002878098,0.907266397203561,0.943599884315666,2,-0.045404599953366
"s_shaped",500,0.977056622569214,0.978458859547264,0.977473192969612,0.978666394620691,0.944724158382767,4,0
"s_shaped",500,0.974299126209317,0.963425275486229,0.957275618317983,0.916583610520712,0.919391508659854,1,-0.0577155156886054
"s_shaped",500,0.986062268204568,0.987586066869106,0.982851138823209,0.979213925929482,0.971188352917172,2,-0.00837214093962413
"s_shaped",500,0.987623371061732,0.989314345062756,0.991249959976947,0.986366146900615,0.991665199154713,5,-0.00529905225409832
"s_shaped",500,0.992521432692894,0.994012446112015,0.996062964566681,0.984862863765774,0.9864223778014,3,-0.0112001008009072
"s_shaped",300,0.897047671072799,0.952709111209826,0.958875095546244,0.932847498189123,0.92472956911145,3,-0.0260275973571209
"s_shaped",300,0.93346496703156,0.623043999263811,0.675629961270085,0.65177185359452,0.663497855450995,1,-0.28169311343704
"s_shaped",300,0.973492681832027,0.970856578335658,0.945604189711281,0.948599488609949,0.786790726847176,1,-0.0248931932220778
"s_shaped",300,0.569407879924953,NA,NA,NA,NA,1,NA
"s_shaped",300,0.837895651843383,0.788318824140177,0.791084123311637,0.702557539128808,0.805783871538875,1,-0.135338112714575
"s_shaped",300,0.67717701470046,0.954013971047949,0.97903190576957,0.971632580676189,0.974239627919652,3,-0.00739932509338082
"s_shaped",300,0.892751812896845,0.992549396501117,0.977148649040572,0.994829581196077,0.992611901564027,4,0
"s_shaped",300,0.98525222456949,0.989658852666283,0.989428293643173,0.990026946898406,0.991967943793611,5,-0.00194099689520522
"s_shaped",300,0.811305828039238,0.924787669424397,0.990467627338337,0.987963266710406,0.990735165863884,5,-0.00277189915347809
"s_shaped",300,0.761568347930897,0.739165951721425,0.832882008507264,0.965335750632439,0.747434956667811,4,0
"s_shaped",500,0.988403361512861,0.988368308196767,0.993156591175177,0.987331731563708,0.984530470846157,3,-0.00582485961146906
"s_shaped",500,0.990293102206718,0.996428485701941,0.991823822630459,0.981928397689267,0.996575006800979,5,-0.0146466091117121
"s_shaped",500,0.973761498725587,0.99229500358116,0.98500714231411,0.993618432372089,0.974279666611982,4,0
"s_shaped",500,0.975764996083868,0.991878152786155,0.995536710109222,0.993449606936405,0.995463689006123,3,-0.00208710317281691
"s_shaped",500,0.974335894643252,0.973818832078681,0.986225833325832,0.97910797206462,0.990510351752562,5,-0.0114023796879422
"s_shaped",300,0.768534658198252,0.729948267465106,0.708347709037743,0.835837956059847,0.834611395958402,4,0
"s_shaped",300,0.778245807731695,0.821624583973374,0.874307455677163,0.861546638984895,0.843973514304916,3,-0.0127608166922684
"s_shaped",300,0.450879827121688,0.471763442972609,0.510715688947335,0.502741817146706,0.465431854993906,3,-0.0079738718006287
"s_shaped",300,0.793942249215799,0.778236228474489,0.867556594488189,0.757222348921324,0.929294399366238,5,-0.172072050444914
"s_shaped",300,0.82248028992116,0.830270321081284,0.960253341013364,0.970569382277529,0.977852911411646,5,-0.00728352913411656
"s_shaped",300,0.991290965163861,0.992254969019876,0.98814195256781,0.988975455901824,0.992909471637887,5,-0.003934015736063
"s_shaped",300,0.958746374637464,0.948700370037004,0.98029902990299,0.943516851685169,0.978074807480748,3,-0.0367821782178218
"s_shaped",300,0.99272257362443,0.985916239582958,0.987574564614665,0.989301403075003,0.968198766958324,1,-0.0034211705494277
"s_shaped",300,0.973885586664146,0.973240477640721,0.973873084551289,0.961868555785928,0.973564532405977,1,-0.0120170308782185
"s_shaped",300,0.989375214400943,0.986251336411706,0.991072919823299,0.993381699185601,0.985508746558334,4,0
"s_shaped",500,0.920654409005629,0.936151094434021,0.961647529706066,0.959788367729831,0.961074671669794,3,-0.00185916197623515
"s_shaped",500,0.976369649307375,0.94693708973523,0.978255217187819,0.968027849002564,0.979272253801137,5,-0.0112444047985727
"s_shaped",500,0.878192777110844,0.873371348539416,0.965581732693077,0.956083433373349,0.963269307723089,3,-0.0094982993197279
"s_shaped",500,0.965676950831213,0.93656098497576,0.952126734027744,0.93683398934383,0.934364449831197,1,-0.0288429614873837
"s_shaped",500,0.969858283720632,0.969949307022598,0.971715759234364,0.96826187504001,0.976059371199027,5,-0.0077974961590167
"s_shaped",500,0.82326393892812,0.922410669965253,0.960314386479,0.965040091431682,0.972397859922179,5,-0.00735776849049652
"s_shaped",500,0.930986774669367,0.959037975949399,0.985942648566214,0.979540988524713,0.98723168079202,5,-0.00769069226730668
"s_shaped",500,0.898835759126854,0.913739562487061,0.940400788495408,0.959426090556957,0.95129360652639,4,0
"s_shaped",500,0.990107543017207,0.994802921168467,0.996792216886755,0.99703031212485,0.994496298519408,4,0
"s_shaped",500,0.973260834127564,0.987524989524151,0.994687569693145,0.98852457049021,0.99191284494044,3,-0.00616299920293539
"s_shaped",300,0.76828684047604,0.981701907622388,0.982738082735982,0.982171987065814,0.968657703151833,3,-0.000566095670168298
"s_shaped",300,0.831348053311995,0.830060763671826,0.940193043434773,0.978786226901053,0.976001100247556,4,0
"s_shaped",300,0.627082708270827,0.989188918891889,0.99028302830283,0.994072907290729,0.994764476447645,5,-0.000691569156915706
"s_shaped",300,0.719440544194829,0.829377580165131,0.726001464093702,0.765269477246544,0.818485383064516,2,-0.0641081029185867
"s_shaped",300,0.967046891001024,0.990560895897337,0.989371819796467,0.991697468637993,0.9906494015617,4,0
"s_shaped",300,0.984489192621421,0.959252294922999,0.94999354529452,0.942306441395778,0.939887678117348,1,-0.0421827512256434
"s_shaped",300,0.992741818545464,0.988305707642691,0.971676791919798,0.983106077651941,0.9735993399835,1,-0.00963574089352237
"s_shaped",300,0.657591772861168,0.955045105981045,0.965420582255379,0.972796830974641,0.883729528208248,4,0
"s_shaped",300,0.956634755404778,0.920679077787201,0.942797762877854,0.97119935270679,0.941386059592581,4,0
"s_shaped",300,0.965820465820466,0.973387973387973,0.966838966838967,0.935406935406935,0.946229446229446,2,-0.0379810379810379
"s_shaped",200,0.574141205334272,0.588666071657275,0.588666071657275,0.588666071657275,0.591232549948771,5,-0.00256647829149592
"s_shaped",200,0.691113992151167,0.72298999938978,0.881720301028671,0.732659990256483,0.874601231044407,3,-0.149060310772189
"s_shaped",200,0.547919348048054,0.587303277860615,0.59164099040853,0.54579324386895,0.726339590639941,5,-0.180546346770992
"s_shaped",200,0.710628384788117,0.677268833731603,0.677268833731603,0.677268833731603,0.672753781556332,1,-0.0333595510565142
"s_shaped",200,0.800260702346321,0.73160608445476,0.73160608445476,0.73160608445476,0.73160608445476,1,-0.068654617891561
"s_shaped",200,0.76148435335918,0.873484861363752,0.91172520552685,0.96851571664145,0.976740290662616,5,-0.00822457402116616
"s_shaped",200,0.684399068869994,0.730644325150918,0.670968539334838,0.707316035772045,0.638904401050424,2,-0.0233282893788731
"s_shaped",200,0.710859620322937,0.732040766716785,0.659733163672086,0.731610111250161,0.681779622443702,2,-0.000430655466623464
"s_shaped",200,0.615191519151915,0.66004900490049,0.616678167816782,0.648866386638664,0.598906890689069,2,-0.0111826182618261
"s_shaped",200,0.974958045627133,0.821497660968615,0.758809917653279,0.724427858504622,0.815788762235858,1,-0.250530187122511
"s_shaped",500,0.99599334207586,0.997287216005426,0.99511008681509,0.998493064495639,0.998001422411077,4,0
"s_shaped",500,0.997014988059952,0.982935431741727,0.979045416181665,0.995706482825931,0.973605394421578,1,-0.00130850523402093
"s_shaped",500,0.995445276818564,0.99209911285653,0.99390270123236,0.993824197385672,0.985587793801896,1,-0.00162107943289225
"s_shaped",500,0.975883960938337,0.987297146503272,0.980675515541625,0.979122905604321,0.981365174858938,2,-0.00817424089895114
"s_shaped",500,0.996916691669167,0.99505200520052,0.99525302530253,0.99460296029603,0.994985498549855,1,-0.0023137313731374
"s_shaped",500,0.973640940085162,0.976486842276762,0.967279895006913,0.973930693734403,0.977521032204765,5,-0.00359033847036139
"s_shaped",500,0.972929671868747,0.978701480592237,0.9356287515006,0.966161464585834,0.966507603041217,2,-0.0125400160064026
"s_shaped",500,0.982503588532323,0.978265965087312,0.944851795868856,0.950759727101257,0.937218464238385,1,-0.0317438614310656
"s_shaped",500,0.987396311911383,0.989810071542154,0.993605338291615,0.983477455064742,0.989229648413694,3,-0.0101278832268724
"s_shaped",500,0.969254377017508,0.96936637746551,0.960913343653375,0.968343373373494,0.969198376793507,2,-0.00102300409201639
"s_shaped",200,0.735803488925601,0.664330915912973,0.664330915912973,0.663481385329872,0.651968470864951,1,-0.0723221035957294
"s_shaped",200,0.891238536194462,0.881954942129479,0.881954942129479,0.835774576588275,0.844371367773188,1,-0.0554639596061863
"s_shaped",200,0.957011248719918,0.946633584549411,0.93836905561956,0.943815404185868,0.949746783794163,1,-0.0131958445340502
"s_shaped",200,0.730146682346918,0.706673806780909,0.765229243667899,0.775505908094529,0.713300412806605,4,0
"s_shaped",200,0.870365530411133,0.853588562742394,0.877899844887651,0.845807410344762,0.849519492184801,3,-0.0320924345428891
"s_shaped",500,0.689365234130853,0.959847996199905,0.957246931173279,0.97529538238456,0.966702667566689,4,0
"s_shaped",500,0.892898768356845,0.888858486592587,0.940153107520416,0.980898576272136,0.921407340637221,4,0
"s_shaped",500,0.887906197654941,0.860603515087877,0.940207005175129,0.962564064101603,0.954851871296782,4,0
"s_shaped",500,0.898880764572513,0.971685573954448,0.976551162690686,0.989549735517998,0.99113242702367,5,-0.00158269150567225
"s_shaped",500,0.935340534053405,0.937604760476048,0.974174417441744,0.97466796679668,0.973319831983198,4,0
"s_shaped",500,0.991046395586158,0.988291247889222,0.991385221197571,0.991498329895029,0.991064412900798,4,0
"s_shaped",500,0.994815753468499,0.996645016882431,0.99362558208382,0.996733029556256,0.989963054679874,4,0
"s_shaped",500,0.968277192265632,0.971402705506752,0.967417450798954,0.975673873072717,0.969857474192734,4,0
"s_shaped",500,0.984945323038374,0.986900644835909,0.990811288430979,0.979435098126333,0.991909030504621,5,-0.0124739323782876
"s_shaped",500,0.99521638040951,0.989427735693392,0.990185754643866,0.988780719517988,0.99273631840796,1,-0.00643566089152225
"s_shaped",200,0.972195304882622,0.962541063526588,0.982213555338883,0.955525388134703,0.954736868421711,3,-0.0266881672041801
"s_shaped",200,0.963967278892399,0.960775978319609,0.960775978319609,0.961913938153136,0.959704691903641,1,-0.00205334073926278
"s_shaped",200,0.979142285949399,0.981118437978959,0.981118437978959,0.981118437978959,0.981118437978959,2,0
"s_shaped",200,0.992328080974641,0.989645535828637,0.989645535828637,0.992471163390113,0.991379534611937,4,0
"s_shaped",200,0.96180071005633,0.899659276998997,0.883761037734622,0.825385464152559,0.821275480448442,1,-0.136415245903771
"s_shaped",500,0.993584840125442,0.991365308244893,0.990918089134634,0.993022679178763,0.992629668445504,1,-0.000562160946679047
"s_shaped",500,0.994936507555481,0.979386959844129,0.9886687790807,0.983784821825078,0.995827682225716,5,-0.0120428604006385
"s_shaped",500,0.988101646548412,0.985639228195441,0.99151111039959,0.97514868564293,0.994700447457736,5,-0.0195517618148053
"s_shaped",500,0.870368036362509,0.963047820820217,0.981894767587833,0.988136071324613,0.98763292591559,4,0
"s_shaped",500,0.988174811316693,0.998388293573903,0.992973881243422,0.998556523881193,0.990107457108782,4,0
"s_shaped",300,0.889703969486424,0.972658251152664,0.974244164638832,0.969892157882941,0.97437524013832,5,-0.00448308225537908
"s_shaped",300,0.605487493926654,0.534238111299837,0.589876987138561,0.625852778078935,0.648552034018768,5,-0.0226992559398327
"s_shaped",300,0.842380489796,0.91299813217629,0.93226963090723,0.832430601895436,0.826817626573319,3,-0.0998390290117942
"s_shaped",300,0.971462677192446,0.944075548767742,0.944075548767742,0.968890742535488,0.963898398829402,1,-0.00257193465695704
"s_shaped",300,0.898021027273027,NA,NA,NA,NA,1,NA
"s_shaped",500,0.993081105019317,0.993120681639654,0.992222442648968,0.992440364545761,0.993421764536142,5,-0.000981399990381382
"s_shaped",500,0.98284056891846,0.985062437509946,0.985013896687114,0.987527010215591,0.993904873999033,5,-0.00637786378344185
"s_shaped",500,0.977622194398998,0.965832769979719,0.965832769979719,0.970431435531679,0.984515442555932,5,-0.0140840070242529
"s_shaped",500,0.998807185729495,0.999001481252986,0.99909261987483,0.99757781585792,0.998882800739925,3,-0.00151480401690973
"s_shaped",500,0.988988932414102,0.983711222436069,0.997435669156807,0.983175548877836,0.988029121435345,3,-0.0142601202789704
"s_shaped",300,0.995084955764602,0.979835818522367,0.974360269242423,0.963126668140013,0.953607082463742,1,-0.0319582876245886
"s_shaped",300,0.992505380086081,0.984242247875966,0.981854709675355,0.989739335829373,0.982803724859598,1,-0.00276604425670812
"s_shaped",300,0.976793236273945,0.985925087289384,0.984953592478698,0.975698615382151,0.974814209750785,2,-0.010226471907233
"s_shaped",300,0.954540311882056,0.953924056969788,0.952789667342495,0.968969988235589,0.959008285149308,4,0
"s_shaped",300,0.994788165770437,0.977074631105563,0.997334317585302,0.995760914794187,0.983699827155752,3,-0.00157340279111462
"s_shaped",1000,0.984886651134489,0.985383040303598,0.995498971193416,0.991854113625082,0.991759039086644,3,-0.00364485756833366
"s_shaped",1000,0.991342809920001,0.992061657842396,0.991798030246639,0.991248264159853,0.985099288055419,2,-0.000813393682542407
"s_shaped",1000,0.978749059759298,0.994864185231419,0.994767660521093,0.995921455892709,0.995251784456821,4,0
"s_shaped",1000,0.990929722225556,0.987928634012266,0.996727358562278,0.997051922176747,0.997524514804902,5,-0.000472592628155133
"s_shaped",1000,0.996571420570076,0.995661266754081,0.989450217086688,0.998094177916068,0.99562376041551,4,0
"s_shaped",500,0.995984056283241,0.997570324036834,0.995585863557962,0.997995029594324,0.991915086902061,4,0
"s_shaped",500,0.976853865839426,0.983202176906668,0.981281082773056,0.986516339300626,0.980506044796195,4,0
"s_shaped",500,0.981858355739069,0.982494518596761,0.979766820305998,0.984138939568529,0.9824295019525,4,0
"s_shaped",500,0.981872921407317,0.981439323847866,0.982636593233478,0.98193343502288,0.986405941336801,5,-0.00447250631392071
"s_shaped",500,0.987969044254355,0.988784642941796,0.988482606395374,0.992080541745551,0.983808540833441,4,0
"s_shaped",300,0.980840532748374,0.981139250513624,0.984310062035224,0.979540084721762,0.981369918670711,3,-0.00476997731346152
"s_shaped",300,0.95983148540127,0.996233779744637,0.991225657112905,0.98231777095779,0.980022527298845,2,-0.013916008786847
"s_shaped",300,0.982634593402066,0.950579496939252,0.951142042505443,0.952706669240208,0.953174207110776,1,-0.0299279241618572
"s_shaped",300,0.883007612384734,0.745879126376793,0.803819500032018,0.804823078092982,0.735278520427766,1,-0.078184534291752
"s_shaped",300,0.98717579034317,0.987889164226177,0.988554479237065,0.986567044629671,0.988001802207704,3,-0.00198743460739403
"s_shaped",200,0.736327923343949,0.75743610408591,0.755003764037454,0.815430348266187,0.755838267680701,4,0
"s_shaped",200,0.893675893675894,0.743636243636244,0.872136872136872,0.832872332872333,0.753371253371253,1,-0.0608035608035609
"s_shaped",200,0.882588487343519,0.936425539405723,0.831150905577493,0.938277402370865,0.886587771203156,4,0
"s_shaped",200,0.942211268845075,0.944706778827115,0.954841819367278,0.820856283425134,0.871108484433938,3,-0.133985535942144
"s_shaped",200,0.981032135171611,0.97979859117871,0.956974025545265,0.803828488363368,0.928690552533667,1,-0.177203646808242
"s_shaped",500,0.984062709079435,0.976972634783417,0.972107740726999,0.980893952410145,0.983315148527031,1,-0.00316875666929017
"s_shaped",500,0.99569403115701,0.996941311795154,0.994926858543172,0.992822385036633,0.995618014053162,2,-0.00411892675852066
"s_shaped",500,0.925191641542113,0.923228117582911,0.923228117582911,0.923228117582911,0.923228117582911,1,-0.00196352395920196
"s_shaped",500,0.983502191607389,0.991134565593714,0.991347576031225,0.989733996965851,0.985994813745873,3,-0.00161357906537418
"s_shaped",500,0.98431935887423,0.985174366569299,0.978620807587268,0.96592369331324,0.968439715957444,2,-0.0192506732560593
"s_shaped",200,0.950926858744706,0.971820572872637,0.930043649249319,0.901736165649051,0.867048868551031,2,-0.0700844072235856
"s_shaped",200,0.660959647653609,0.826137526751652,0.877984954040688,0.876365097136385,0.74359886379895,3,-0.00161985690430244
"s_shaped",200,0.769490480351618,0.845356387488376,0.814561793883922,0.825138958539156,0.75582284575477,2,-0.0202174289492203
"s_shaped",200,0.831550895806226,0.850039035131618,0.922899609648684,0.890390351316185,0.878169352417175,3,-0.0325092583324992
"s_shaped",200,0.868414814192433,0.928503696946418,0.942049664714167,0.929858043659177,0.908967695730107,3,-0.0121916210549901
"s_shaped",1000,0.950099578778267,0.986836695805088,0.991653587886899,0.986025961502874,0.986608629894039,3,-0.00562762638402492
"s_shaped",1000,0.986572265625,0.994188152375768,0.992645263671875,0.993657846919826,0.993042992763832,2,-0.00053030545594257
"s_shaped",1000,0.996254872921029,0.999315563005755,0.994692233667891,0.997493568695544,0.996740537796243,2,-0.00182199431021068
"s_shaped",1000,0.986763676367637,0.990884088408841,0.993912391239124,0.990579057905791,0.989121912191219,3,-0.0033333333333333
"s_shaped",1000,0.99778592838934,0.998023043152886,0.99824615113715,0.997551314836381,0.998057059616855,3,-0.000694836300769608
"s_shaped",200,0.579849441457013,0.564712566417003,0.588234588054542,0.554303401670828,0.653719852282184,5,-0.0994164506113565
"s_shaped",200,0.50689444124424,0.500166510656682,0.500166510656682,0.500166510656682,0.532044050819252,5,-0.0318775401625704
"s_shaped",200,0.92731168279207,0.95988799719993,0.924556613915348,0.899640491012275,0.897480437010925,2,-0.0602475061876547
"s_shaped",200,0.990314257856446,0.989650241256031,0.98854471361784,0.990505762644066,0.992955323883097,5,-0.00244956123903095
"s_shaped",200,0.87093337334934,0.924083633453381,0.932313925570228,0.945379651860744,0.939072128851541,4,0
"s_shaped",200,0.731935064142761,0.707834647992407,0.716545702029946,0.682914632670553,0.751660450914561,5,-0.0687458182440075
"s_shaped",200,0.862195189106656,0.944761332632475,0.935062952116342,0.962977147005081,0.976546769792996,5,-0.0135696227879152
"s_shaped",200,0.965588880071819,0.962644680100675,0.969225420413921,0.96615297215409,0.95807032414755,3,-0.003072448259831
"s_shaped",200,0.665996623783922,0.794737363191244,0.760727686571941,0.930943080357143,0.685167350710445,4,0
"s_shaped",200,0.971766564512627,0.961929360631774,0.963307089450319,0.952486365287237,0.964822891309503,1,-0.0192801992253903
"s_shaped",200,0.985981280353378,0.9820203928664,0.9820203928664,0.9820203928664,0.955566608057274,1,-0.00396088748697798
"s_shaped",200,0.958248118097566,0.949031871581598,0.949031871581598,0.872952209128939,0.903670697326483,1,-0.0852959089686265
"s_shaped",200,0.669351233780844,0.660097502437561,0.660097502437561,0.660097502437561,0.636825920648016,1,-0.00925373134328356
"s_shaped",200,0.917178847410672,0.850533298504042,0.872408695713095,0.804812347183982,0.793190072851268,1,-0.112366500226691
"s_shaped",200,0.982332599339405,0.962649384446001,0.962649384446001,0.962649384446001,0.962649384446001,1,-0.019683214893404
"s_shaped",300,0.630887949788702,0.714332724863094,0.79613413017929,0.946374934360231,0.916336175639519,4,0
"s_shaped",300,0.735108463904701,0.803931441531895,0.690989375617522,0.919131588737195,0.936137200939234,5,-0.0170056122020392
"s_shaped",300,0.604285017042454,0.798000412059337,0.746678521707126,0.931459630186747,0.828581315709462,4,0
"s_shaped",300,0.687283875512295,0.854654280865779,0.860177462218238,0.781819828221055,0.914303638896004,5,-0.132483810674949
"s_shaped",300,0.8784375,0.88298828125,0.872149939903846,0.936708233173077,0.956725260416667,5,-0.0200170272435897
"s_shaped",500,0.953048435898077,0.948771473581556,0.949416118626691,0.928552424295466,0.94202745617764,1,-0.0244960116026106
"s_shaped",500,0.816005596453313,0.759219496779239,0.787953824259765,0.927930662383653,0.94632215209432,5,-0.0183914897106666
"s_shaped",500,0.985140524830411,0.984642103248907,0.981980682281539,0.987043042585741,0.976404872609455,4,0
"s_shaped",500,0.974085896343585,0.99061546246185,0.987842951371805,0.989238456953828,0.989650958603834,2,-0.001377005508022
"s_shaped",500,0.987255936226082,0.998521265820502,0.999638832200739,0.998846867858671,0.999028704073832,3,-0.000791964342068407
"s_shaped",1000,0.981932592147436,0.973251702724359,0.977766426282051,0.984586838942308,0.974270332532051,4,0
"s_shaped",1000,0.990031027925133,0.828670803723351,0.988605745170654,0.993307977179462,0.992856570913822,4,0
"s_shaped",1000,0.993619411795309,0.992066660263568,0.99410964907015,0.997187638817188,0.995711924571493,4,0
"s_shaped",1000,0.995726958243644,0.995553090339158,0.991056575714211,0.991326647185444,0.99114726761828,1,-0.00440031105819916
"s_shaped",1000,0.973798647743217,0.974261351515655,0.992556678708315,0.994108539087953,0.993296303677894,4,0
"s_shaped",300,0.987001168074757,0.984227990591398,0.982152857782898,0.986975666442652,0.976551499295955,1,-2.55016321044632e-05
"s_shaped",300,0.823509411584704,0.963021167190505,0.963107667969012,0.951052559473035,0.964404679642117,5,-0.0133521201690815
"s_shaped",300,0.925976129864119,0.921893080305485,0.917510476871736,0.925833365893537,0.889116977291011,1,-0.00014276397058155
"s_shaped",300,0.852890215141743,0.770059741541127,0.771069471851887,0.716343492804543,0.72391245928992,1,-0.1365467223372
"s_shaped",300,0.917054281396793,0.898101746241446,0.90008540691796,0.793662786685722,0.821335528177782,1,-0.123391494711072
"s_shaped",200,0.59874139496558,0.639564558258233,0.767004068016272,0.784922639690559,0.557988231952928,4,0
"s_shaped",200,0.74080459252724,0.850413269434867,0.885734477263929,0.845030213731768,0.893314167794493,5,-0.0482839540627241
"s_shaped",200,0.665604388127562,0.905746209816854,0.773901767418033,0.883736031954406,0.754843289734887,2,-0.0220101778624487
"s_shaped",200,0.725516706682673,0.816455582232893,0.850797819127651,0.897179871948779,0.752703581432573,4,0
"s_shaped",200,0.613867524807723,0.637928241354172,0.727240545164906,0.755854302688724,0.854782693044237,5,-0.0989283903555132
"s_shaped",200,0.863105582853329,0.956596039304792,0.972257824389102,0.940367954648009,0.965588796473334,3,-0.031889869741093
"s_shaped",200,0.778060022861852,0.8575369604938,0.772081538604627,0.854078180332607,0.827485026287129,2,-0.00345878016119305
"s_shaped",200,0.968292836629786,0.964451726548973,0.97254056422306,0.96157589543378,0.946155438921848,3,-0.01096466878928
"s_shaped",200,0.902891,0.9437485,0.960787,0.960551,0.9330155,3,-0.000235999999999903
"s_shaped",200,0.800804801773628,0.815011751087238,0.96228486798427,0.943888683607859,0.925847985892687,3,-0.0183961843764113
"s_shaped",500,0.998070969135506,0.995986935790973,0.956480303684859,0.938519016304261,0.968614497831965,1,-0.0595519528312454
"s_shaped",500,0.990490644311655,0.980594367265953,0.98408967365461,0.987600997486263,0.993920879838144,5,-0.00631988235188119
"s_shaped",500,0.996246683394763,0.995134144926144,0.994095142048752,0.994842503771826,0.995622381232517,1,-0.00140417962293748
"s_shaped",500,0.982157131294901,0.987191351385961,0.989379316278479,0.984515171190495,0.987050289177527,3,-0.00486414508798383
"s_shaped",500,0.994680212190972,0.997055349814833,0.997005304774297,0.990462416174557,0.992636372735462,2,-0.00659293364027624
"s_shaped",1000,0.989216760475297,0.976335709818637,0.982330456535335,0.980392745465916,0.987441651031895,1,-0.0088240150093809
"s_shaped",1000,0.98915236830598,0.982322953733086,0.9826539188273,0.98224372269538,0.986036281797722,1,-0.00690864561060045
"s_shaped",1000,0.987583127236885,0.992947144149315,0.990382833543186,0.989709201167162,0.98471730979777,2,-0.00323794298215296
"s_shaped",1000,0.992561668347985,0.993461373716994,0.992075787417335,0.994211962178348,0.992281448655746,4,0
"s_shaped",1000,0.99565498261993,0.989091456365826,0.98935345741383,0.981624926499706,0.996837987351949,5,-0.0152130608522434
"s_shaped",500,0.981611361701574,0.989148582638332,0.994861144873299,0.997423069728172,0.996265151719771,4,0
"s_shaped",500,0.974348472300571,0.973014710883333,0.991558345435705,0.992814591659965,0.97879634408344,4,0
"s_shaped",500,0.932637054821929,0.952199379751901,0.989699379751901,0.977880652260904,0.990291116446579,5,-0.0124104641856743
"s_shaped",500,0.932456340486169,0.93799208264787,0.964972321289192,0.986478859709163,0.978027146350933,4,0
"s_shaped",500,0.92345781432854,0.927823766812549,0.977189839529329,0.981258716875872,0.972836411292262,4,0
"s_shaped",200,0.936163775816874,0.948419258730306,0.963162042607155,0.957756888583519,0.955427606740416,3,-0.00540515402363684
"s_shaped",200,0.431751396488743,0.461494130394979,0.461494130394979,0.461494130394979,0.461494130394979,2,0
"s_shaped",200,0.974281268531417,0.974829273463461,0.949740047660429,0.97863580772227,0.972085748771739,4,0
"s_shaped",200,0.964339429430871,0.883296632746124,0.885639670234724,0.918738699819197,0.958903842461479,1,-0.0456007296116738
"s_shaped",200,0.953817845446136,0.956699417485437,0.954430360759019,0.951996299907498,0.946806670166754,2,-0.00470311757793951
"s_shaped",200,0.834317727090836,0.734973489395758,0.734973489395758,0.734973489395758,0.734973489395758,1,-0.0993442376950779
"s_shaped",200,0.944297082228117,0.878641213677881,0.973038715588255,0.919933807026177,0.709111485851227,3,-0.0531049085620782
"s_shaped",200,0.741066525015531,0.654952938010622,0.669632737418208,0.589328247497347,0.607436284498704,1,-0.151738277518184
"s_shaped",200,0.880652058899127,0.918434130529794,0.886588277181539,0.928883394890782,0.725812323291118,4,0
"s_shaped",200,0.970483859345727,0.966762942146643,0.972649557252886,0.949821660181582,0.959525267809963,3,-0.0228278970713039
"s_shaped",500,0.961038597137313,0.995717878333305,0.994323862095468,0.997353070388313,0.978600900056141,4,0
"s_shaped",500,0.502730510922044,0.707078828315313,0.633554534218137,0.864210956843827,0.948419793679175,5,-0.0842088368353473
"s_shaped",500,0.873078877556328,0.892120547057247,0.955774170831349,0.953063292506772,0.952452594640664,3,-0.00271087832457717
"s_shaped",500,0.991580808626632,0.983511854013313,0.990231396423983,0.979163914806409,0.990421524950867,1,-0.0124168938202224
"s_shaped",500,0.988105997143598,0.983620224608896,0.991796600941392,0.991068488598912,0.992256487706161,5,-0.0011879991072492
"s_shaped",500,0.936504769306013,0.949667993890968,0.959542162625484,0.953330612873576,0.948468291141203,3,-0.00621154975190807
"s_shaped",500,0.947993447993448,0.974241974241974,0.963482463482463,0.96969696969697,0.967227967227967,2,-0.00454500454500451
"s_shaped",500,0.953203330083252,0.984251106277657,0.979642991074777,0.96852821320533,0.971511287782195,2,-0.0157228930723269
"s_shaped",500,0.979769196680002,0.985406231649625,0.974295220574627,0.982923835504617,0.985463752414622,5,-0.00253991691000455
"s_shaped",500,0.89262381559539,0.839152978824471,0.914939873496837,0.97422485562139,0.971113277831946,4,0
"s_shaped",500,0.998170882936508,0.997896365367383,0.997896365367383,0.997896365367383,0.998128380216334,1,-0.000274517569124444
"s_shaped",500,0.994895996537893,0.994260876185591,0.992432150313152,0.991521043120064,0.993922779783538,1,-0.00337495341782901
"s_shaped",500,0.98209492166872,0.980464186842905,0.978218363444336,0.98000962138548,0.979966615192588,1,-0.00208530028324072
"s_shaped",500,0.981487,0.9868275,0.991333,0.9942445,0.9937705,4,0
"s_shaped",500,0.996597877523591,0.998872959426539,0.998337440147845,0.998040929473461,0.996549875795529,2,-0.000832029953078295
"s_shaped",1000,1,1,0.99990397224798,0.997345232772271,0.992197745148348,1,-0.00265476722772884
"s_shaped",1000,0.987926852342201,0.988496472658725,0.980289034758852,0.989911013093259,0.9887177135901,4,0
"s_shaped",1000,0.997765819031342,0.995842663255724,0.995845663498743,0.995737154709532,0.998020839688015,5,-0.00228368497848319
"s_shaped",1000,0.993042436437351,0.991749831736371,0.991444306988866,0.988020029622399,0.991835338662432,1,-0.00502240681495203
"s_shaped",1000,0.993064306430643,0.994137913791379,0.993630863086309,0.992218721872187,0.995449544954495,5,-0.00323082308230827
"s_shaped",200,0.973299992498312,0.977692980920707,0.838005551249031,0.851151509089545,0.734622790127779,2,-0.126541471831162
"s_shaped",200,0.8642002778025,0.952380571425143,0.927109343984096,0.941424472820255,0.937474437269935,2,-0.0109560986048874
"s_shaped",200,0.968757218930473,NA,NA,NA,NA,1,NA
"s_shaped",200,0.468440400615592,NA,NA,NA,NA,1,NA
"s_shaped",200,0.454949878195615,0.534571744582805,0.534571744582805,0.534571744582805,0.534571744582805,2,0
"s_shaped",300,0.945263681203868,0.958725071545677,0.887307931992346,0.926307702926146,0.937552452658818,2,-0.032417368619531
"s_shaped",300,0.82520063001575,0.839057476436911,0.932448811220281,0.938513462836571,0.959364484112103,5,-0.020851021275532
"s_shaped",300,0.734777756444103,0.675097301556825,0.562726503624058,0.597574561192979,0.744210907374518,5,-0.146636346181539
"s_shaped",300,0.97093300681546,0.978716816770854,0.971223111543267,0.968462615004016,0.968779729482343,2,-0.0102542017668379
"s_shaped",300,0.787085287085287,0.732420232420232,0.695872695872696,0.723474223474224,0.790552790552791,5,-0.0670785670785671
"s_shaped",200,0.986061107910906,0.993773601510497,0.981735331061188,0.989212809619816,0.976423991135433,2,-0.00456079189068104
"s_shaped",200,0.933851118640271,0.939043805577001,0.971644979219252,0.980006780244089,0.907385665883972,4,0
"s_shaped",200,0.970021145415008,0.864211009826163,0.915769095670744,0.861866800897855,0.868925446650608,1,-0.108154344517153
"s_shaped",200,0.9682876628072,0.97826036950471,0.957868902137159,0.965885372130028,0.975334015415865,2,-0.0123749973746823
"s_shaped",200,0.990259,0.9901025,0.9820955,0.988244,0.9772495,1,-0.00201499999999999
"s_shaped",500,0.990296435272045,0.974981363352095,0.972313696060037,0.975778861788618,0.979658286429018,1,-0.0145175734834272
"s_shaped",500,0.99491261898755,0.987321844051724,0.990530052740969,0.993140570499497,0.991107720524927,1,-0.00177204848805212
"s_shaped",500,0.987560888047992,0.98851389662507,0.989907409166683,0.948090532814795,0.953917585258267,3,-0.0418168763518871
"s_shaped",500,0.992565671486445,0.99030239707931,0.984754047172984,0.991022461609902,0.988090162687547,1,-0.00154320987654322
"s_shaped",500,0.981506682648546,0.969330012787506,0.984177839462224,0.979355237319891,0.96724615999303,3,-0.00482260214233288
"s_shaped",1000,0.99947339678577,0.999481398354077,0.997386487751599,0.999845969810083,0.995935203299847,4,0
"s_shaped",1000,0.988505264336918,0.996093249967998,0.994229630696365,0.996421270961341,0.996305263536866,4,0
"s_shaped",1000,0.971607271823936,0.983149173761092,0.983062027267837,0.978883503168827,0.988795164671813,5,-0.0099116615029865
"s_shaped",1000,0.998350894457245,0.998707417274706,0.999734483006912,0.991242439516129,0.998111879160266,3,-0.00849204349078347
"s_shaped",1000,0.991222483580021,0.992376062830014,0.99257633700536,0.99007741598248,0.985162687719488,3,-0.0024989210228803
"s_shaped",300,0.99665634464355,0.997078427371765,0.991878408168001,0.995928702025597,0.99536859224408,2,-0.00114972534616786
"s_shaped",300,0.726192083412087,0.797404572824068,0.917223943973255,0.964105741181318,0.925305339961658,4,0
"s_shaped",300,0.817556498687543,0.973983533996283,0.958600319633013,0.987304244794455,0.985706079732125,4,0
"s_shaped",300,0.686841431252726,0.711698462055635,0.800437411707266,0.932524341781422,0.935600330559991,5,-0.00307598877856885
"s_shaped",300,0.988910455641823,0.992087468349873,0.993943975775903,0.99440147760591,0.985559442237769,4,0
"s_shaped",1000,0.995890963018667,0.99728097552878,0.998532986796881,0.996688970200732,0.998327984951865,3,-0.00184401659614941
"s_shaped",1000,0.994633156522017,0.996040246575781,0.996881300403226,0.995339201708909,0.995528213805684,3,-0.00154209869431643
"s_shaped",1000,0.99984939020546,0.999951464617706,0.998764099028192,0.996441405784817,0.99713541171514,2,-0.00351005883288924
"s_shaped",1000,0.999774934956202,0.999942983522238,0.999756929752698,0.998567085887822,0.998045435130753,2,-0.00137589763441626
"s_shaped",1000,0.992145664584915,0.993413622317657,0.998649512474003,0.999643871437589,0.999474810406557,4,0
"s_shaped",200,0.970442544254425,0.967649264926493,0.967649264926493,0.967649264926493,0.967649264926493,1,-0.00279327932793283
"s_shaped",200,0.969347498027403,0.947203412967235,0.939243022908122,0.949691534885209,0.945924350293164,1,-0.019655963142194
"s_shaped",200,0.984575966896518,0.979056213969741,0.982741061288153,0.95773602419409,0.972816231772486,1,-0.0268399427024285
"s_shaped",200,0.98689664213008,0.989893668119649,0.989893668119649,0.989893668119649,0.98752706829817,2,0
"s_shaped",200,0.732699620532655,0.715963740009344,0.825994763690788,0.822145065974095,0.697477087395541,3,-0.00384969771669308
"s_shaped",500,0.975575402301609,0.989602958411834,0.991031964127857,0.989967959871839,0.991682466729867,5,-0.00171450685802743
"s_shaped",500,0.94947994947995,0.952641952641953,0.96039496039496,0.954079954079954,0.954846454846455,3,-0.00631500631500637
"s_shaped",500,0.992180366609695,0.995357123927038,0.99299643271105,0.987681002161175,0.994853083099731,2,-0.00767612176586308
"s_shaped",500,0.977849977849978,0.978773978773979,0.978282478282478,0.975024975024975,0.983462483462483,5,-0.00843750843750846
"s_shaped",500,0.981617187367149,0.979244001516438,0.992708392725498,0.997432758067081,0.979397545890762,4,0
"s_shaped",500,0.994551494551494,0.998085498085498,0.998027498027498,0.997352997352997,0.995181995181995,2,-0.000732500732500752
"s_shaped",500,0.99265675899227,0.997040499844474,0.993054326181125,0.993522905371008,0.99686497017996,2,-0.003517594473466
"s_shaped",500,0.995659343736375,0.995855850810629,0.991469192890944,0.981317327423787,0.970935953694333,2,-0.0145385233868419
"s_shaped",500,0.972681353304493,0.948146332924908,0.948146332924908,0.948146332924908,0.929369108049311,1,-0.0245350203795853
"s_shaped",500,0.963868558013266,0.969003041879103,0.971325713131095,0.953243487367849,0.955863244477654,3,-0.0180822257632455
"s_shaped",500,0.961685024769186,0.984820934737971,0.972535358475582,0.961205943804503,0.978818420313033,2,-0.0236149909334677
"s_shaped",300,0.997208317192822,0.986895406485633,0.990370746287182,0.979419722353181,0.995636306490537,1,-0.0177885948396409
"s_shaped",300,0.973192454854533,0.974877371869742,0.974877371869742,0.964973042328598,0.974424490996928,2,-0.00990432954114406
"s_shaped",300,0.985465031895652,0.978962783234689,0.98956447145707,0.981518239027706,0.989410323320711,3,-0.00804623242936464
"s_shaped",300,0.961894390310245,NA,NA,NA,NA,1,NA
"s_shaped",300,0.967647764776478,0.968332333233323,0.966076607660766,0.979098909890989,0.972689768976898,4,0
